區段,子分類,群組代碼,群組名稱(繁),位置,OEM編號,替換件,數量,名稱(繁中),名稱(English),名稱(Français),圖檔
机械 Mécanique,ABS/ASR/ESP,K9PP445J02A,制動液壓單元MOBIS 5.1 HSM ESP,01,65 031 714 80,,01,制動控制液壓單元,BRAKE CONTROL HYDRAULIC BLOCK,BLOC HYDRAULIQUE DE CDE FREINS,K9PP445J02A.jpg
机械 Mécanique,ABS/ASR/ESP,K9PP445J02A,制動液壓單元MOBIS 5.1 HSM ESP,02,98 572 805 80,,01,制動液壓單元支架,BRAKE CNTRL HYD BLOCK SUPPORT,SUPPORT BLOC HYD DE CDE FREINS,K9PP445J02A.jpg
机械 Mécanique,ABS/ASR/ESP,K9PP445J02A,制動液壓單元MOBIS 5.1 HSM ESP,70,98 021 863 80,,01,帶彈性墊片六角頭螺栓,H RCN SCREW,VIS H RCN,K9PP445J02A.jpg
机械 Mécanique,ABS/ASR/ESP,K9PP445J10A,制動液壓單元ESP BOSCH 9.3 HSM,01,16 540 780 80,,01,制動控制液壓單元,BRAKE CONTROL HYDRAULIC BLOCK,BLOC HYDRAULIQUE DE CDE FREINS,K9PP445J10A.jpg
机械 Mécanique,ABS/ASR/ESP,K9PP445J10A,制動液壓單元ESP BOSCH 9.3 HSM,02,98 189 022 80,,01,制動液壓單元支架,BRAKE CNTRL HYD BLOCK SUPPORT,SUPPORT BLOC HYD DE CDE FREINS,K9PP445J10A.jpg
机械 Mécanique,ABS/ASR/ESP,K9PP445J10A,制動液壓單元ESP BOSCH 9.3 HSM,70,98 021 863 80,,02,帶彈性墊片六角頭螺栓,H RCN SCREW,VIS H RCN,K9PP445J10A.jpg
机械 Mécanique,ABS/ASR/ESP,K9PP445J10A,制動液壓單元ESP BOSCH 9.3 HSM,80,6935 09,,02,(MUL)凸緣螺母,(MUL) FLANGED NUT,(MUL) ECROU A EMBASE,K9PP445J10A.jpg
机械 Mécanique,ABS/ASR/ESP,K9PP445J50A,速度感測器,01,98 107 282 80,,02,ABS車輪速度感測器,WHEEL ABS SENSOR,CAPTEUR ABR DE ROUE,K9PP445J50A.jpg
机械 Mécanique,ABS/ASR/ESP,K9PP445J50A,速度感測器,02,98 109 610 80,,02,ABS車輪速度感測器,WHEEL ABS SENSOR,CAPTEUR ABR DE ROUE,K9PP445J50A.jpg
机械 Mécanique,ABS/ASR/ESP,K9PP445J90A,牽引控制,01,96 784 282 ZD,,01,開關旋鈕,DIAL SWITCH,MOLETTE COMMUTATEUR,K9PP445J90A.jpg
机械 Mécanique,ABS/ASR/ESP,K9PP445M01A,動態穩定性控制,01,96 784 282 ZD,,01,開關旋鈕,DIAL SWITCH,MOLETTE COMMUTATEUR,K9PP445M01A.jpg
机械 Mécanique,傳動,K9PP332E20A,驅動軸,01,98 156 363 80,,01,新傳動軸,NEW DRIVESHAFT,TRANSMISSION NE,K9PP332E20A.jpg
机械 Mécanique,傳動,K9PP332E20A,驅動軸,02,98 156 362 80,,01,新傳動軸,NEW DRIVESHAFT,TRANSMISSION NE,K9PP332E20A.jpg
机械 Mécanique,傳動,K9PP332E20A,驅動軸,03,3293 33,,01,傳動軸護罩總成,DRIVESHAFT GAITER KIT,ENSEMBLE PROTECT TRANSMISSION,K9PP332E20A.jpg
机械 Mécanique,傳動,K9PP332E20A,驅動軸,04,16 113 291 80,,01,傳動軸護罩總成,DRIVESHAFT GAITER KIT,ENSEMBLE PROTECT TRANSMISSION,K9PP332E20A.jpg
机械 Mécanique,傳動,K9PP332E20A,驅動軸,05,3247 03,,01,傳動軸軸承,DRIVE-SHAFT BEARING,ROULEMENT PALIER TRANSMISSION,K9PP332E20A.jpg
机械 Mécanique,傳動,K9PP332E20A,驅動軸,06,3248 08,,01,傳動軸軸瓦,DRIVE SHAFT BUSH,BAGUE D’ARBRE DE TRANSMISSION,K9PP332E20A.jpg
机械 Mécanique,傳動,K9PP332E20A,驅動軸,07,98 089 419 80,,01,軸承止推片,THRUST SUPPORT PLATE,PLAQUE APPUI ROULEMENT,K9PP332E20A.jpg
机械 Mécanique,傳動,K9PP332E20A,驅動軸,08,3252 04,,02,軸上的驅動軸固定螺釘,DRIVE-SHAFT FIX SCREW ON AXLE,VIS FIX TRANSMISSION SUR PONT,K9PP332E20A.jpg
机械 Mécanique,傳動,K9PP332E20A,驅動軸,09,96 754 889 80,,01,前傳動軸軸承,FRONT DRIVESHAFT BEARING,PALIER DE TRANSMISSION AV,K9PP332E20A.jpg
机械 Mécanique,傳動,K9PP332E20A,驅動軸,10,98 137 225 80,,02,(MUL) 自鎖螺帽,(MUL) SELF-LOCKING NUT,(MUL) ECROU AUTOFREINE,K9PP332E20A.jpg
机械 Mécanique,傳動,K9PP332E20A,驅動軸,12,98 448 074 80,,01,變速器吸震器,TRANSMISSION SHOCK-ABSORBER,AMORTISSEUR DE TRANSMISSION,K9PP332E20A.jpg
机械 Mécanique,傳動,K9PP332E20A,驅動軸,70,6913 V1,,02,(MUL)矮圓柱頭內六花帶墊圈螺栓,(MUL) CZX RDL SCREW,(MUL) VIS CZX RDL,K9PP332E20A.jpg
机械 Mécanique,傳動,K9PP332E20A,驅動軸,76,6922 G7,,02,(MUL)六角頭帶墊圈螺栓,(MUL) TH SCREW WITH WASHER,(MUL) VIS TH RDL,K9PP332E20A.jpg
机械 Mécanique,傳動,K9PP332E20A,驅動軸,78,6935 84,,02,(MUL) 自鎖螺帽,(MUL) SELF-LOCKING NUT,(MUL) ECROU AUTOFREINE,K9PP332E20A.jpg
机械 Mécanique,冷卻系統,K9PP112A56A,水泵襯墊 出水管,01,98 368 348 80,,01,水泵,COOLANT PUMP,POMPE A EAU,K9PP112A56A.jpg
机械 Mécanique,冷卻系統,K9PP112A56A,水泵襯墊 出水管,02,16 289 417 80,RP 16 381 595 80,01/01,水泵,COOLANT PUMP,POMPE A EAU,K9PP112A56A.jpg
机械 Mécanique,冷卻系統,K9PP112A56A,水泵襯墊 出水管,03,98 201 743 80,,01,發動機進水總管,ENGINE WATER INTAKE TANK,COLLECTEUR D’ENTREE EAU MOTEUR,K9PP112A56A.jpg
机械 Mécanique,冷卻系統,K9PP112A56A,水泵襯墊 出水管,04,98 130 398 80,,01,O型密封圈,O-RING,JOINT TORIQUE,K9PP112A56A.jpg
机械 Mécanique,冷卻系統,K9PP112A56A,水泵襯墊 出水管,05,98 071 781 80,,01,進水管堵塞,PLUG COLLECTOR,BOUCHON COLLECTEUR ENTREE EAU,K9PP112A56A.jpg
机械 Mécanique,冷卻系統,K9PP112A56A,水泵襯墊 出水管,06,98 071 782 80,,01,O型密封圈,O-RING,JOINT TORIQUE,K9PP112A56A.jpg
机械 Mécanique,冷卻系統,K9PP112A56A,水泵襯墊 出水管,07,1338 C3,,01,水溫感測器固定夾,CLNT TEMP SNSR RETAINING CLIP,CLIP MAINTIEN CAPT TEMPERA EAU,K9PP112A56A.jpg
机械 Mécanique,冷卻系統,K9PP112A56A,水泵襯墊 出水管,08,16 381 533 80,,01,交換器出水管,OUTLET HOSE,RACCORD SORTIE EAU ECHANGEUR,K9PP112A56A.jpg
机械 Mécanique,冷卻系統,K9PP112A56A,水泵襯墊 出水管,10,16 289 421 80,,01,水泵密封墊,WATER PUMP SEAL,JOINT DE POMPE A EAU,K9PP112A56A.jpg
机械 Mécanique,冷卻系統,K9PP112A56A,水泵襯墊 出水管,11,98 132 166 80,,01,O型密封圈,O-RING,JOINT TORIQUE,K9PP112A56A.jpg
机械 Mécanique,冷卻系統,K9PP112A56A,水泵襯墊 出水管,12,98 132 171 80,,03,O型密封圈,O-RING,JOINT TORIQUE,K9PP112A56A.jpg
机械 Mécanique,冷卻系統,K9PP112A56A,水泵襯墊 出水管,13,98 132 176 80,,01,O型密封圈,O-RING,JOINT TORIQUE,K9PP112A56A.jpg
机械 Mécanique,冷卻系統,K9PP112A56A,水泵襯墊 出水管,15,6925 69,,04,(MUL) 凸緣螺栓,(MUL) FLANGED BOLT,(MUL) VIS A EMBASE,K9PP112A56A.jpg
机械 Mécanique,冷卻系統,K9PP112A56A,水泵襯墊 出水管,70,0250 69,,01,(MUL) 凸緣螺栓,(MUL) FLANGED BOLT,(MUL) VIS A EMBASE,K9PP112A56A.jpg
机械 Mécanique,冷卻系統,K9PP112A56A,水泵襯墊 出水管,73,98 132 346 80,,06,螺母,NUT,ECROU,K9PP112A56A.jpg
机械 Mécanique,冷卻系統,K9PP112C20A,發動機電動風扇,01,98 063 138 80,RP 98 329 300 80,01/01,發動機風扇,ENGINE MOTOR-DRIVEN FAN,MOTOVENTILATEUR DE MOTEUR,K9PP112C20A.jpg
机械 Mécanique,冷卻系統,K9PP112C20A,發動機電動風扇,02,98 292 205 80,RP 98 470 197 80,01/01,冷卻風扇電控盒,COOLING FAN ELEC CONTROL UNIT,BOITIER ELECTRIQUE COMMAND GMV,K9PP112C20A.jpg
机械 Mécanique,冷卻系統,K9PP112C20A,發動機電動風扇,70,6925 L3,,02,MUL 帶固定平墊圈的大內六角花形半圓頭的螺釘,(MUL) CBLX RDL SCREW,(MUL) VIS CBLX RDL,K9PP112C20A.jpg
机械 Mécanique,冷卻系統,K9PP112C20A,發動機電動風扇,71,6925 L3,,01,MUL 帶固定平墊圈的大內六角花形半圓頭的螺釘,(MUL) CBLX RDL SCREW,(MUL) VIS CBLX RDL,K9PP112C20A.jpg
机械 Mécanique,冷卻系統,K9PP113A10A,散熱器,01,96 757 479 80,,01,新水散熱器,ENGINE RADIATOR NEW,RADIATEUR D’EAU NEUF,K9PP113A10A.jpg
机械 Mécanique,冷卻系統,K9PP113A10A,散熱器,02,96 736 304 80,,02,散熱器固定爪,RADIATOR FIXING BRACKET,PATTE DE FIXATION DE RADIATEUR,K9PP113A10A.jpg
机械 Mécanique,冷卻系統,K9PP113A10A,散熱器,03,98 006 135 80,,02,散熱器固定爪,RADIATOR FIXING BRACKET,PATTE DE FIXATION DE RADIATEUR,K9PP113A10A.jpg
机械 Mécanique,冷卻系統,K9PP113A10A,散熱器,70,6924 32,,01,MUL RLX螺栓,(MUL) RLX SCREW,(MUL) VIS RLX,K9PP113A10A.jpg
机械 Mécanique,冷卻系統,K9PP113A10A,散熱器,71,8718 32,,02,(MUL)凸緣螺母,(MUL) FLANGED NUT,(MUL) ECROU A EMBASE,K9PP113A10A.jpg
机械 Mécanique,冷卻系統,K9PP113A30A,散熱器,01,96 757 479 80,,01,新水散熱器,ENGINE RADIATOR NEW,RADIATEUR D’EAU NEUF,K9PP113A30A.jpg
机械 Mécanique,冷卻系統,K9PP113A30A,散熱器,02,96 736 304 80,,02,散熱器固定爪,RADIATOR FIXING BRACKET,PATTE DE FIXATION DE RADIATEUR,K9PP113A30A.jpg
机械 Mécanique,冷卻系統,K9PP113A30A,散熱器,03,98 006 135 80,,02,散熱器固定爪,RADIATOR FIXING BRACKET,PATTE DE FIXATION DE RADIATEUR,K9PP113A30A.jpg
机械 Mécanique,冷卻系統,K9PP113A30A,散熱器,70,6924 32,,01,MUL RLX螺栓,(MUL) RLX SCREW,(MUL) VIS RLX,K9PP113A30A.jpg
机械 Mécanique,冷卻系統,K9PP113A30A,散熱器,71,8718 32,,02,(MUL)凸緣螺母,(MUL) FLANGED NUT,(MUL) ECROU A EMBASE,K9PP113A30A.jpg
机械 Mécanique,冷卻系統,K9PP113E38A,冷卻系統水管,01,98 124 418 80,,01,散熱器進水管接頭,RADIATOR WATER INLET HOSE,RACCORD ENTREE D’EAU RADIATEUR,K9PP113E38A.jpg
机械 Mécanique,冷卻系統,K9PP113E38A,冷卻系統水管,02,98 457 552 80,,01,散熱器出水管接頭,RADIATOR OUTLET HOSE,RACCORD SORTIE D’EAU RADIATEUR,K9PP113E38A.jpg
机械 Mécanique,冷卻系統,K9PP113E38A,冷卻系統水管,04,96 771 863 80,,01,散熱器除氣管,RADIATOR DEGASSING WATER PIPE,TUYAU DEGAZAGE RADIATEUR,K9PP113E38A.jpg
机械 Mécanique,冷卻系統,K9PP113E38A,冷卻系統水管,07,98 127 530 80,,01,散熱器管卡子支架固定爪,RADIAT HOSE CLIP BRACKET LUG,PATTE SUPP AGRAFE TUYAU RADIAT,K9PP113E38A.jpg
机械 Mécanique,冷卻系統,K9PP113E38A,冷卻系統水管,11,98 124 398 80,,01,膨脹罐水管接頭,EXPANSION BOTTLE COOLANT UNION,RACCORD EAU DE VASE EXPANSION,K9PP113E38A.jpg
机械 Mécanique,冷卻系統,K9PP113E38A,冷卻系統水管,12,98 124 429 80,,01,氣缸蓋除氣管,CYLINDER HEAD DEGASSING PIPE,TUYAU DEGAZAGE CULASSE,K9PP113E38A.jpg
机械 Mécanique,冷卻系統,K9PP113E38A,冷卻系統水管,70,4815 36,,01,管固定卡,PIPE FASTENER CLIP,AGRAFE DE FIX TUYAU,K9PP113E38A.jpg
机械 Mécanique,冷卻系統,K9PP113E38A,冷卻系統水管,72,79 03 301 235,,02,帶彈性墊片六角頭螺栓,H RCN SCREW,VIS H RCN,K9PP113E38A.jpg
机械 Mécanique,冷卻系統,K9PP113E38A,冷卻系統水管,73,6936 62,,01,(MUL)凸緣螺母,(MUL) FLANGED NUT,(MUL) ECROU A EMBASE,K9PP113E38A.jpg
机械 Mécanique,冷卻系統,K9PP113E90L,節溫器室、水溫開關,01,98 121 137 80,,01,發動機出水室,ENGINE WATER OUTLET TANK,BOITIER DE SORTIE EAU MOTEUR,K9PP113E90L.jpg
机械 Mécanique,冷卻系統,K9PP113E90L,節溫器室、水溫開關,03,98 130 219 80,,01,發動機出水室密封墊,ENGINE WATER HOUSING SEAL,JOINT DE BOITIER D’EAU MOTEUR,K9PP113E90L.jpg
机械 Mécanique,冷卻系統,K9PP113G55A,儲液罐,01,96 781 260 80,,01,發動機除氣罐,ENGINE WATER DEGASSING TANK,BOITE DE DEGAZAGE D’EAU MOTEUR,K9PP113G55A.jpg
机械 Mécanique,冷卻系統,K9PP113G55A,儲液罐,02,1306 J5,,01,增減壓閥門塞,VACUUM PRESSURE VALVE PLUG,BOUCHON SOUPAPE PRESS DEPRESS,K9PP113G55A.jpg
机械 Mécanique,制動助力,K9PP445C01A,制動助力器接頭,01,16 352 552 80,,01,制動助力器,BRAKE AMPLIFIER,AMPLIFICATEUR DE FREINAGE,K9PP445C01A.jpg
机械 Mécanique,制動助力,K9PP445C01A,制動助力器接頭,02,16 121 968 80,,01,制動主缸密封墊,BRAKE MASTER CYLINDER SEAL,JOINT DE MAITRE CYLINDRE FREIN,K9PP445C01A.jpg
机械 Mécanique,制動助力,K9PP445C01A,制動助力器接頭,03,4576 05,RP 98 446 934 80,01/01,制動助力器閥門密封墊,SERVO VALVE SEAL,JOINT DE CLAPET AMPLIFICATEUR,K9PP445C01A.jpg
机械 Mécanique,制動助力,K9PP445C01A,制動助力器接頭,04,16 122 286 80,RP 98 326 033 80,01/01,軸銷,SPINDLE,AXE,K9PP445C01A.jpg
机械 Mécanique,制動助力,K9PP445C01A,制動助力器接頭,05,98 108 063 80,,01,制動壓力感測器,BRAKING VACUUM SENSOR,CAPTEUR DEPRESSION FREINAGE,K9PP445C01A.jpg
机械 Mécanique,制動助力,K9PP445C01A,制動助力器接頭,06,98 130 950 80,,01,制動真空管接頭,BRAKE VACUUM UNION,RACCORD DE DEPRESSION DE FREIN,K9PP445C01A.jpg
机械 Mécanique,制動助力,K9PP445C01A,制動助力器接頭,07,96 767 377 80,,01,制動真空管支架,BRAKE VACUUM PIPE SUPPORT,SUPPORT TUYAU DEPRESSION FREIN,K9PP445C01A.jpg
机械 Mécanique,制動助力,K9PP445C01A,制動助力器接頭,08,16 736 047 80,,01,制動助力器密封墊,BRAKE AMPLIFIER GASKET,JOINT D’AMPLIFICATEUR FREINAGE,K9PP445C01A.jpg
机械 Mécanique,制動助力,K9PP445C01A,制動助力器接頭,70,96 143 232 80,,01,燃油管支撐卡夾,FUEL PIPE SUPPORT CLIP,AGRAFE SUPPORT TUYAU CARBURANT,K9PP445C01A.jpg
机械 Mécanique,制動助力,K9PP445C01A,制動助力器接頭,71,4503 33,,01,(MUL)凸緣螺母,(MUL) FLANGED NUT,(MUL) ECROU A EMBASE,K9PP445C01A.jpg
机械 Mécanique,制動助力,K9PP445C01A,制動助力器接頭,72,98 018 984 80,,02,管固定卡,PIPE FASTENER CLIP,AGRAFE DE FIX TUYAU,K9PP445C01A.jpg
机械 Mécanique,制動助力,K9PP445E01A,真空泵,01,98 040 218 80,RP 98 501 095 80,01/01,機械真空泵,MECHANICAL VACUUM PUMP,POMPE A VIDE MECANIQUE,K9PP445E01A.jpg
机械 Mécanique,制動助力,K9PP445E01A,真空泵,02,4556 24,,01,真空泵密封墊元件,VACUUM PUMP SEAL ASSEMBLY,ENSEMBLE JOINT POMPE A VIDE,K9PP445E01A.jpg
机械 Mécanique,制動助力,K9PP445E01A,真空泵,03,0822 06,,01,六角凸緣自攻螺釘,TAP BASE H R BOLT,VIS H R EMBASE TARAUD,K9PP445E01A.jpg
机械 Mécanique,制動助力,K9PP445E01A,真空泵,70,6925 N6,,03,(MUL) 凸緣螺栓,(MUL) FLANGED BOLT,(MUL) VIS A EMBASE,K9PP445E01A.jpg
机械 Mécanique,制動助力,K9PP445E12A,真空泵,01,98 040 218 80,RP 98 501 095 80,01/01,機械真空泵,MECHANICAL VACUUM PUMP,POMPE A VIDE MECANIQUE,K9PP445E12A.jpg
机械 Mécanique,制動助力,K9PP445E12A,真空泵,02,4556 24,,01,真空泵密封墊元件,VACUUM PUMP SEAL ASSEMBLY,ENSEMBLE JOINT POMPE A VIDE,K9PP445E12A.jpg
机械 Mécanique,制動助力,K9PP445E12A,真空泵,70,6925 N6,,03,(MUL) 凸緣螺栓,(MUL) FLANGED BOLT,(MUL) VIS A EMBASE,K9PP445E12A.jpg
机械 Mécanique,制動助力,K9PP445E12A,真空泵,71,0822 06,,01,六角凸緣自攻螺釘,TAP BASE H R BOLT,VIS H R EMBASE TARAUD,K9PP445E12A.jpg
机械 Mécanique,制動總泵,K9PP446A01A,制動總泵儲液罐,01,16 169 054 80,RP 16 380 514 80,01/01,制動主缸,BRAKE MASTER CYLINDER,MAITRE CYLINDRE DE FREIN,K9PP446A01A.jpg
机械 Mécanique,制動總泵,K9PP446A01A,制動總泵儲液罐,02,16 169 055 80,,01,制動液罐,BRAKE FLUID RESERVOIR,RESERVOIR DE LIQUIDE FREIN,K9PP446A01A.jpg
机械 Mécanique,制動總泵,K9PP446A01A,制動總泵儲液罐,03,16 169 056 80,RP 98 446 840 80,01/01,制動液儲液罐蓋,BRAKE RESERVOIR CAP,BOUCHON DE RESERVOIR DE FREIN,K9PP446A01A.jpg
机械 Mécanique,制動總泵,K9PP446A01A,制動總泵儲液罐,04,4576 05,RP 98 446 934 80,01/01,制動助力器閥門密封墊,SERVO VALVE SEAL,JOINT DE CLAPET AMPLIFICATEUR,K9PP446A01A.jpg
机械 Mécanique,制動總泵,K9PP446A01A,制動總泵儲液罐,05,16 121 968 80,,01,制動主缸密封墊,BRAKE MASTER CYLINDER SEAL,JOINT DE MAITRE CYLINDRE FREIN,K9PP446A01A.jpg
机械 Mécanique,制動總泵,K9PP446A01A,制動總泵儲液罐,06,16 169 057 80,RP 98 448 670 80,01/01,制動液開關,BRAKE FLUID SWITCH,CONTACTEUR LIQUIDE FREIN,K9PP446A01A.jpg
机械 Mécanique,制動總泵,K9PP446A01A,制動總泵儲液罐,07,4654 20,RP 16 478 836 80,01/01,總泵密封墊修理包,MASTER CYL RESERVOIR SEALS KIT,ENS JOINTS RESERV-M/CYLINDRE,K9PP446A01A.jpg
机械 Mécanique,制動總泵,K9PP446A01A,制動總泵儲液罐,08,16 122 286 80,RP 98 326 033 80,01/01,軸銷,SPINDLE,AXE,K9PP446A01A.jpg
机械 Mécanique,制動總泵,K9PP446A01A,制動總泵儲液罐,70,6936 35,,02,(MUL)凸緣螺母,(MUL) FLANGED NUT,(MUL) ECROU A EMBASE,K9PP446A01A.jpg
机械 Mécanique,前制動器,K9PP442A05A,前制動盤 制動鉗 剎車片,01,4249 K1,,02,通風式制動盤,VENTILATED BRAKE DISC,DISQUE DE FREIN VENTILE,K9PP442A05A.jpg
机械 Mécanique,前制動器,K9PP442A05A,前制動盤 制動鉗 剎車片,02,16 231 620 80,,01,新制動卡鉗液壓缸,NEW BRAKE CALIPER CYLINDER,CYLINDRE NEUF ETRIER DE FREIN,K9PP442A05A.jpg
机械 Mécanique,前制動器,K9PP442A05A,前制動盤 制動鉗 剎車片,03,16 231 622 80,,02,制動卡鉗支架,BRAKE CALIPER YOKE,CHAPE ETRIER DE FREIN,K9PP442A05A.jpg
机械 Mécanique,前制動器,K9PP442A05A,前制動盤 制動鉗 剎車片,04,16 369 254 80,RP 16 781 684 80,01/01,前制動塊元件,SET OF 4 FRONT BRAKE PADS,JEU DE 4 PLAQUETTES FREIN AV,K9PP442A05A.jpg
机械 Mécanique,前制動器,K9PP442A05A,前制動盤 制動鉗 剎車片,05,4448 92,,02,前制動活塞密封圈修理包,FRONT BRAKE PISTON SEALING KIT,NEC ETANCHEITE PISTON FREIN AV,K9PP442A05A.jpg
机械 Mécanique,前制動器,K9PP442A05A,前制動盤 制動鉗 剎車片,06,4439 33,RP 16 480 355 80,02/01,卡鉗柱銷修理包,SET COLUMN SCREW,NECESSAIRE COLONNETTE ETRIER,K9PP442A05A.jpg
机械 Mécanique,前制動器,K9PP442A05A,前制動盤 制動鉗 剎車片,07,98 047 408 80,RP 16 926 475 80,04/01,制動鉗螺栓,BRAKE CALIPER FIXING SCREW,VIS FIXATION D’ETRIER DE FREIN,K9PP442A05A.jpg
机械 Mécanique,前制動器,K9PP442A05A,前制動盤 制動鉗 剎車片,08,4428 55,RP 98 345 406 80,02/01,制動卡鉗排放螺栓,BRAKE CALIPER DRAIN SCREW,VIS DE PURGE D’ETRIER DE FREIN,K9PP442A05A.jpg
机械 Mécanique,前制動器,K9PP442A05A,前制動盤 制動鉗 剎車片,09,4430 18,RP 98 345 396 80,02/01,制動液排空螺釘蓋,BRAKE BLEEDER SCREW CAP,CAPUCHON DE VIS DE PURGE FREIN,K9PP442A05A.jpg
机械 Mécanique,前制動器,K9PP442A05A,前制動盤 制動鉗 剎車片,10,98 251 371 80,,02,夾片支承彈簧,BRAKE CALIPER LEVER SPRING,RESSORT MAINTIEN DE PLAQUETTES,K9PP442A05A.jpg
机械 Mécanique,前制動器,K9PP442A05A,前制動盤 制動鉗 剎車片,11,4439 14,,02,卡鉗柱銷修理包,SET COLUMN SCREW,NECESSAIRE COLONNETTE ETRIER,K9PP442A05A.jpg
机械 Mécanique,前制動器,K9PP442A05A,前制動盤 制動鉗 剎車片,12,98 151 837 80,RP 98 497 729 80,01/01,前制動盤保護裝置,FRONT BRAKE DISC PROTECTOR,PROTECTEUR DE DISQUE FREIN AV,K9PP442A05A.jpg
机械 Mécanique,前制動器,K9PP442A05A,前制動盤 制動鉗 剎車片,70,6905 36,,04,(MUL) 埋頭金屬用螺釘,(MUL) COUNTERSUNK MACHNE SCREW,(MUL) VIS A METAUX TETE FRAISE,K9PP442A05A.jpg
机械 Mécanique,前制動器,K9PP442A05A,前制動盤 制動鉗 剎車片,71,6923 C6,,08,(MUL)六角頭帶墊圈螺栓,(MUL) TH SCREW WITH WASHER,(MUL) VIS TH RDL,K9PP442A05A.jpg
机械 Mécanique,前彈簧,K9PP550A01A,前彈簧 前扭杆,01,98 211 130 80,,02,前懸掛彈簧,FRONT SUSPENSION SPRING,RESSORT DE SUSPENSION AVANT,K9PP550A01A.jpg
机械 Mécanique,前彈簧,K9PP550A01A,前彈簧 前扭杆,02,98 004 797 80,,02,減震器支架,SHOCK-ABSORBER BRACKET,SUPPORT D’AMORTISSEUR,K9PP550A01A.jpg
机械 Mécanique,前彈簧,K9PP550A01A,前彈簧 前扭杆,03,96 745 506 80,,06,帶彈性墊片六角頭螺栓,H RCN SCREW,VIS H RCN,K9PP550A01A.jpg
机械 Mécanique,前彈簧,K9PP550A01A,前彈簧 前扭杆,04,98 175 924 80,RP 98 055 720 80,02/01,前懸掛支撐座,FRONT SUSPENSION REST CUP,COUPELLE D’APPUI SUSPENSION AV,K9PP550A01A.jpg
机械 Mécanique,前彈簧,K9PP550A01A,前彈簧 前扭杆,05,98 136 657 80,RP 98 311 454 80,02/01,前懸掛彈性限位塊,FRONT SUSPENSION BUMP STOP,BUTEE ATTAQUE DE SUSPENSION AV,K9PP550A01A.jpg
机械 Mécanique,前彈簧,K9PP550A01A,前彈簧 前扭杆,06,98 066 427 80,,02,前懸掛彈簧下支座,FR SUSP SPRING LOWR BASE PLATE,SEMELLE INF RESSORT SUSP AV,K9PP550A01A.jpg
机械 Mécanique,前彈簧,K9PP550A01A,前彈簧 前扭杆,07,96 787 491 80,,02,碗形座,CUP,COUPELLE,K9PP550A01A.jpg
机械 Mécanique,前彈簧,K9PP550A01A,前彈簧 前扭杆,08,96 787 825 80,,02,減震器活塞桿保護罩,SHOCK-ABSORBER ROD PROTECTOR,PROTECTEUR TIGE D’AMORTISSEUR,K9PP550A01A.jpg
机械 Mécanique,前彈簧,K9PP550A01A,前彈簧 前扭杆,09,5036 15,,02,(MUL) 六角螺帽,(MUL) HEXAGONAL NUT,(MUL) ECROU HEXAGONAL,K9PP550A01A.jpg
机械 Mécanique,前橫向穩定杆,K9PP550C01A,前橫向穩定杆,01,98 274 034 80,RP 98 472 412 80,01/01,前橫向穩定杆,FRONT ANTI-ROLL BAR,BARRE ANTIDEVERS AVANT,K9PP550C01A.jpg
机械 Mécanique,前橫向穩定杆,K9PP550C01A,前橫向穩定杆,02,98 315 470 80,RP 98 442 647 80,02/01,橫向穩定杆連桿,ANTI-ROLL BAR ROD,BIELLETTE BARRE ANTIDEVERS,K9PP550C01A.jpg
机械 Mécanique,前橫向穩定杆,K9PP550C01A,前橫向穩定杆,03,98 168 174 80,RP 98 331 422 80,04/01,前穩定連桿螺栓,FRONT ANTI-ROLL SCEW LINK,VIS BIELLETTE ANTIDEVERS AV,K9PP550C01A.jpg
机械 Mécanique,前橫向穩定杆,K9PP550C01A,前橫向穩定杆,04,4010 F7,,04,(MUL) 六角螺帽,(MUL) HEXAGONAL NUT,(MUL) ECROU HEXAGONAL,K9PP550C01A.jpg
机械 Mécanique,前橫向穩定杆,K9PP550C01A,前橫向穩定杆,05,98 168 682 80,,04,橫向穩定杆支架,ANTI-ROLL BAR SUPPORT,SUPPORT DE BARRE ANTI DEVERS,K9PP550C01A.jpg
机械 Mécanique,前減震器,K9PP552A01A,減振器,01,98 333 058 80,,02,前減震器,FRONT SUSPENSION DAMPER,AMORTISSEUR DE SUSPENSION AV,K9PP552A01A.jpg
机械 Mécanique,前減震器,K9PP552A01A,減振器,02,96 787 825 80,,02,減震器活塞桿保護罩,SHOCK-ABSORBER ROD PROTECTOR,PROTECTEUR TIGE D’AMORTISSEUR,K9PP552A01A.jpg
机械 Mécanique,前減震器,K9PP552A01A,減振器,03,98 007 517 80,,04,減震器螺栓,SHOCK-ABSORBER FIXING SCREW,VIS DE FIXATION D’AMORTISSEUR,K9PP552A01A.jpg
机械 Mécanique,前減震器,K9PP552A01A,減振器,70,5211 14,,04,減震器固定螺母,SHOCK-ABSORBER FIXING NUT,ECROU FIXATION D’AMORTISSEUR,K9PP552A01A.jpg
机械 Mécanique,前減震器,K9PP552A01A,減振器,71,5036 15,,02,(MUL) 六角螺帽,(MUL) HEXAGONAL NUT,(MUL) ECROU HEXAGONAL,K9PP552A01A.jpg
机械 Mécanique,前軸,K9PP550B02A,前主銷和輪轂-輪轂軸承,01,16 101 378 80,RP 16 478 574 80,01/01,前轉向節,FRONT STUB AXLE CARRIER,PIVOT DE FUSEE AV,K9PP550B02A.jpg
机械 Mécanique,前軸,K9PP550B02A,前主銷和輪轂-輪轂軸承,02,98 168 655 80,RP 98 463 295 80,01/01,前橋三角臂,WISHBONE FRONT,TRIANGLE DE TRAIN AV,K9PP550B02A.jpg
机械 Mécanique,前軸,K9PP550B02A,前主銷和輪轂-輪轂軸承,03,96 703 676 80,,02,前輪轂,FRONT WHEEL HUB,MOYEU DE ROUE AVANT,K9PP550B02A.jpg
机械 Mécanique,前軸,K9PP550B02A,前主銷和輪轂-輪轂軸承,04,16 478 573 80,,02,前輪轂軸承總成,FRONT HUB BEARING ASSEMBLY,ENS ROULEMENT DE MOYEU AV,K9PP550B02A.jpg
机械 Mécanique,前軸,K9PP550B02A,前主銷和輪轂-輪轂軸承,05,3345 35,,02,(MUL) 止動環,(MUL) STOP RING,(MUL) ANNEAU D’ARRET,K9PP550B02A.jpg
机械 Mécanique,前軸,K9PP550B02A,前主銷和輪轂-輪轂軸承,06,96 758 061 80,,02,前輪軸承保護罩,FRONT WHEEL BEARING PROTECTOR,PROTECTEUR ROULEMENT ROUE AV,K9PP550B02A.jpg
机械 Mécanique,前軸,K9PP550B02A,前主銷和輪轂-輪轂軸承,07,98 310 885 80,,02,前轉向節球銷,BALL JOINT SUSPENSION,ROTULE DE PIVOT DE FUSEE AV,K9PP550B02A.jpg
机械 Mécanique,前軸,K9PP550B02A,前主銷和輪轂-輪轂軸承,08,98 145 434 80,,04,前三角臂螺栓,FRONT WISHBONE FIXING BOLTS,VIS DE FIXATION TRIANGLE AVANT,K9PP550B02A.jpg
机械 Mécanique,前軸,K9PP550B02A,前主銷和輪轂-輪轂軸承,09,98 092 711 80,,02,(MUL) 六角螺帽,(MUL) HEXAGONAL NUT,(MUL) ECROU HEXAGONAL,K9PP550B02A.jpg
机械 Mécanique,前軸,K9PP550B02A,前主銷和輪轂-輪轂軸承,10,98 006 218 80,,02,(MUL) 六角螺帽,(MUL) HEXAGONAL NUT,(MUL) ECROU HEXAGONAL,K9PP550B02A.jpg
机械 Mécanique,前軸,K9PP550B02A,前主銷和輪轂-輪轂軸承,11,98 007 517 80,,04,減震器螺栓,SHOCK-ABSORBER FIXING SCREW,VIS DE FIXATION D’AMORTISSEUR,K9PP550B02A.jpg
机械 Mécanique,前軸,K9PP550B02A,前主銷和輪轂-輪轂軸承,12,98 137 225 80,,02,(MUL) 自鎖螺帽,(MUL) SELF-LOCKING NUT,(MUL) ECROU AUTOFREINE,K9PP550B02A.jpg
机械 Mécanique,前軸,K9PP550B02A,前主銷和輪轂-輪轂軸承,13,5211 14,,04,減震器固定螺母,SHOCK-ABSORBER FIXING NUT,ECROU FIXATION D’AMORTISSEUR,K9PP550B02A.jpg
机械 Mécanique,前軸,K9PP550B02A,前主銷和輪轂-輪轂軸承,14,96 757 844 80,,06,(MUL) 螺帽,(MUL) NUT,(MUL) ECROU,K9PP550B02A.jpg
机械 Mécanique,前軸,K9PP550B02A,前主銷和輪轂-輪轂軸承,15,5132 A8,,04,(MUL) 六角螺帽,(MUL) HEXAGONAL NUT,(MUL) ECROU HEXAGONAL,K9PP550B02A.jpg
机械 Mécanique,前軸,K9PP550B02A,前主銷和輪轂-輪轂軸承,16,98 092 711 80,,02,(MUL) 六角螺帽,(MUL) HEXAGONAL NUT,(MUL) ECROU HEXAGONAL,K9PP550B02A.jpg
机械 Mécanique,後彈簧,K9PP551A01A,懸架樑 扭杆 彈簧,01,98 226 509 80,,01,後懸掛橫樑,REAR SUSPENSION CROSSMEMBER,TRAVERSE DE SUSPENSION AR,K9PP551A01A.jpg
机械 Mécanique,後彈簧,K9PP551A01A,懸架樑 扭杆 彈簧,02,98 136 342 80,,01,後懸臂鉸接座,REAR SUSP ARM HINGE CLEVIS,CHAPE ARTICULATION BRA AR,K9PP551A01A.jpg
机械 Mécanique,後彈簧,K9PP551A01A,懸架樑 扭杆 彈簧,03,5131 H1,,02,後橫樑鉸接,REAR CROSSMEMBER MOUNTINGS,ARTICULATIONS DE TRAVERSE AR,K9PP551A01A.jpg
机械 Mécanique,後彈簧,K9PP551A01A,懸架樑 扭杆 彈簧,04,98 245 336 80,,02,後懸掛彈簧,REAR SUSPENSION SPRING,RESSORT DE SUSPENSION AR,K9PP551A01A.jpg
机械 Mécanique,後彈簧,K9PP551A01A,懸架樑 扭杆 彈簧,05,98 203 437 80,RP 98 310 858 80,02/01,後彈簧下碗座,REAR SPRING LOWER CUP,COUPELLE INFERIEURE RESSORT AR,K9PP551A01A.jpg
机械 Mécanique,後彈簧,K9PP551A01A,懸架樑 扭杆 彈簧,06,98 349 331 80,,02,後減震限位器,BUFFER,BUTEE D’ATTAQUE AMORTISSEUR AR,K9PP551A01A.jpg
机械 Mécanique,後彈簧,K9PP551A01A,懸架樑 扭杆 彈簧,07,5154 15,,02,懸掛橫樑堵塞,SUSPENSION CROSSMEMBER PLUG,BOUCHON DE TRAVERSE SUSPENSION,K9PP551A01A.jpg
机械 Mécanique,後彈簧,K9PP551A01A,懸架樑 扭杆 彈簧,08,5164 45,,02,柔性連線支撐,FLEXIBLE CONNECTION SUPPORT,APPUI LIAISON ELASTIQUE,K9PP551A01A.jpg
机械 Mécanique,後彈簧,K9PP551A01A,懸架樑 扭杆 彈簧,09,5132 92,,02,(MUL) 凸緣螺栓,(MUL) FLANGED BOLT,(MUL) VIS A EMBASE,K9PP551A01A.jpg
机械 Mécanique,後彈簧,K9PP551A01A,懸架樑 扭杆 彈簧,10,5132 93,,02,(MUL) 凸緣螺栓,(MUL) FLANGED BOLT,(MUL) VIS A EMBASE,K9PP551A01A.jpg
机械 Mécanique,後彈簧,K9PP551A01A,懸架樑 扭杆 彈簧,11,5223 14,,02,(MUL) 凸緣螺栓,(MUL) FLANGED BOLT,(MUL) VIS A EMBASE,K9PP551A01A.jpg
机械 Mécanique,後彈簧,K9PP551A01A,懸架樑 扭杆 彈簧,12,5146 18,,02,後橋橫樑保護板,REAR CROSSMEMBER PROT SCREEN,ECRAN PROTECTEUR TRAVERSE AR,K9PP551A01A.jpg
机械 Mécanique,後彈簧,K9PP551A01A,懸架樑 扭杆 彈簧,13,5154 17,,02,懸掛橫樑堵塞,SUSPENSION CROSSMEMBER PLUG,BOUCHON DE TRAVERSE SUSPENSION,K9PP551A01A.jpg
机械 Mécanique,後彈簧,K9PP551A01A,懸架樑 扭杆 彈簧,14,5132 A8,,02,(MUL) 六角螺帽,(MUL) HEXAGONAL NUT,(MUL) ECROU HEXAGONAL,K9PP551A01A.jpg
机械 Mécanique,後減震器,K9PP552C01A,後減振器,01,98 262 430 80,RP 98 262 431 80,02/01,後減震器,REAR SUSPENSION DAMPER,AMORTISSEUR DE SUSPENSION AR,K9PP552C01A.jpg
机械 Mécanique,後減震器,K9PP552C01A,後減振器,70,3739 18,,02,(MUL) 自鎖螺帽,(MUL) SELF-LOCKING NUT,(MUL) ECROU AUTOFREINE,K9PP552C01A.jpg
机械 Mécanique,後減震器,K9PP552C01A,後減振器,71,5132 91,,02,(MUL) 凸緣螺栓,(MUL) FLANGED BOLT,(MUL) VIS A EMBASE,K9PP552C01A.jpg
机械 Mécanique,後減震器,K9PP552C01A,後減振器,72,98 200 176 80,,04,(MUL) 螺帽,(MUL) NUT,(MUL) ECROU,K9PP552C01A.jpg
机械 Mécanique,後軸,K9PP551G01A,後襬臂,01,98 200 983 80,,02,車輪輪轂,WHEEL BEARING HUB,MOYEU ROULEMENT DE ROUE,K9PP551G01A.jpg
机械 Mécanique,後軸,K9PP551G01A,後襬臂,02,98 169 983 80,,08,固定螺栓,FIXING BOLT,VIS DE FIXATION,K9PP551G01A.jpg
机械 Mécanique,後輪制動器,K9PP442E05A,後製動盤 制動鉗 剎車片,01,16 095 828 80,,01,2件裝後製動盤元件,2 DISCS KIT PRO,KIT DE 2 DISQUES DE FREINS AR,K9PP442E05A.jpg
机械 Mécanique,後輪制動器,K9PP442E05A,後製動盤 制動鉗 剎車片,02,16 090 006 80,,01,後製動塊元件,BRAKE PAD KIT REAR,JEU DE 4 PLAQUETTES FREIN AR,K9PP442E05A.jpg
机械 Mécanique,後輪制動器,K9PP442E05A,後製動盤 制動鉗 剎車片,03,98 154 112 80,,01,後剎車盤保護罩,REAR BRAKE DISC PROTECTOR,PROTECTEUR DE DISQUE FREIN AR,K9PP442E05A.jpg
机械 Mécanique,後輪制動器,K9PP442E05A,後製動盤 制動鉗 剎車片,04,16 089 988 80,,01,新制動卡鉗液壓缸,NEW BRAKE CALIPER CYLINDER,CYLINDRE NEUF ETRIER DE FREIN,K9PP442E05A.jpg
机械 Mécanique,後輪制動器,K9PP442E05A,後製動盤 制動鉗 剎車片,05,16 089 990 80,,01,制動卡鉗支架,BRAKE CALIPER YOKE,CHAPE ETRIER DE FREIN,K9PP442E05A.jpg
机械 Mécanique,後輪制動器,K9PP442E05A,後製動盤 制動鉗 剎車片,06,16 090 001 80,,02,卡鉗柱銷修理包,SET COLUMN SCREW,NECESSAIRE COLONNETTE ETRIER,K9PP442E05A.jpg
机械 Mécanique,後輪制動器,K9PP442E05A,後製動盤 制動鉗 剎車片,07,16 089 994 80,RP 16 483 221 80,02/01,帶蓋排放螺栓,BLEED SCREW WITH CAP,VIS PURGE AVEC CAPUCHON,K9PP442E05A.jpg
机械 Mécanique,後輪制動器,K9PP442E05A,後製動盤 制動鉗 剎車片,08,98 002 207 80,,04,制動鉗螺栓,BRAKE CALIPER FIXING SCREW,VIS FIXATION D’ETRIER DE FREIN,K9PP442E05A.jpg
机械 Mécanique,後輪制動器,K9PP442E05A,後製動盤 制動鉗 剎車片,09,16 175 355 80,,02,緊急制動鉗電機,BACK-UP CALIPER MOTOR,MOTEUR ETRIER SECOURS,K9PP442E05A.jpg
机械 Mécanique,後輪制動器,K9PP442E05A,後製動盤 制動鉗 剎車片,10,16 089 993 80,,02,制動鉗電機固定套件,CALIPER MOTOR FIXING KIT,KIT FIXATION MOTEUR ETRIER,K9PP442E05A.jpg
机械 Mécanique,後輪制動器,K9PP442E05A,後製動盤 制動鉗 剎車片,11,98 136 234 80,,01,制動鉗支架,BRAKE CALIPER BRACKET,SUPPORT D’ETRIER DE FREIN,K9PP442E05A.jpg
机械 Mécanique,後輪制動器,K9PP442E05A,後製動盤 制動鉗 剎車片,70,6905 36,,04,(MUL) 埋頭金屬用螺釘,(MUL) COUNTERSUNK MACHNE SCREW,(MUL) VIS A METAUX TETE FRAISE,K9PP442E05A.jpg
机械 Mécanique,後輪制動器,K9PP442E05A,後製動盤 制動鉗 剎車片,71,6923 C6,,04,(MUL)六角頭帶墊圈螺栓,(MUL) TH SCREW WITH WASHER,(MUL) VIS TH RDL,K9PP442E05A.jpg
机械 Mécanique,排放控制,K9PP116J50A,調節器盒 排氣溫度感測器；氧感測器,01,98 123 764 80,,01,氣體溫度感測器,GAS TEMPERATURE SENSOR,CAPTEUR TEMPERATURE GAZ,K9PP116J50A.jpg
机械 Mécanique,排放控制,K9PP116J50A,調節器盒 排氣溫度感測器；氧感測器,02,96 778 161 80,,01,壓差感測器,DIFFERENTIAL PRESSURE SENSOR,CAPTEUR PRESSION DIFFERENTIELL,K9PP116J50A.jpg
机械 Mécanique,排放控制,K9PP116J50A,調節器盒 排氣溫度感測器；氧感測器,03,98 137 336 80,,01,感測器插接器支架,SENSOR CONNECTOR SUPPORT,SUPPORT CONNECTEUR CAPTEUR,K9PP116J50A.jpg
机械 Mécanique,排放控制,K9PP116J50A,調節器盒 排氣溫度感測器；氧感測器,04,98 124 450 80,,01,顆粒濾清器壓力感測器管,PARTICLE FILTER PRESSURE PIPE,TUBE CAPTEUR PRESSION FAP,K9PP116J50A.jpg
机械 Mécanique,排放控制,K9PP116J50A,調節器盒 排氣溫度感測器；氧感測器,05,98 112 071 80,,01,氮氧化物感測器,NITROGEN OXIDE SENSOR,SONDE OXYDE AZOTE,K9PP116J50A.jpg
机械 Mécanique,排放控制,K9PP116J50A,調節器盒 排氣溫度感測器；氧感測器,06,98 162 764 80,,01,氮氧化物感測器,NITROGEN OXIDE SENSOR,SONDE OXYDE AZOTE,K9PP116J50A.jpg
机械 Mécanique,排放控制,K9PP116J50A,調節器盒 排氣溫度感測器；氧感測器,07,98 134 042 80,,01,感測器支架,SENSOR BRACKET,SUPPORT DE CAPTEUR,K9PP116J50A.jpg
机械 Mécanique,排放控制,K9PP116J50A,調節器盒 排氣溫度感測器；氧感測器,08,98 144 151 80,,01,感測器插接器支架,SENSOR CONNECTOR SUPPORT,SUPPORT CONNECTEUR CAPTEUR,K9PP116J50A.jpg
机械 Mécanique,排放控制,K9PP116J50A,調節器盒 排氣溫度感測器；氧感測器,10,98 301 239 80,,01,感測器支架,SENSOR BRACKET,SUPPORT DE CAPTEUR,K9PP116J50A.jpg
机械 Mécanique,排放控制,K9PP116J50A,調節器盒 排氣溫度感測器；氧感測器,12,98 360 731 80,,01,MUL 保護裝置,(MUL) PROTECTOR,(MUL) PROTECTEUR,K9PP116J50A.jpg
机械 Mécanique,排放控制,K9PP116J50A,調節器盒 排氣溫度感測器；氧感測器,20,98 147 034 80,,01,線束套管,HARNESS SLEEVE,GAINE DE FAISCEAU,K9PP116J50A.jpg
机械 Mécanique,排放控制,K9PP116J50A,調節器盒 排氣溫度感測器；氧感測器,21,98 081 297 80,,01,(MUL)電氣線束卡扣,(MUL) ELECTRIC HARNESS CLIP,(MUL) AGRAFE FAISCEAU ELECTRIQ,K9PP116J50A.jpg
机械 Mécanique,排放控制,K9PP116J50A,調節器盒 排氣溫度感測器；氧感測器,22,98 021 971 80,,01,(MUL) 凸緣螺栓,(MUL) FLANGED BOLT,(MUL) VIS A EMBASE,K9PP116J50A.jpg
机械 Mécanique,排放控制,K9PP116J50A,調節器盒 排氣溫度感測器；氧感測器,23,98 021 971 80,,02,(MUL) 凸緣螺栓,(MUL) FLANGED BOLT,(MUL) VIS A EMBASE,K9PP116J50A.jpg
机械 Mécanique,排放控制,K9PP116J50A,調節器盒 排氣溫度感測器；氧感測器,70,6981 P4,,04,(MUL) 固定卡箍,(MUL) TIGHTENING CLAMP,(MUL) COLLIER DE SERRAGE,K9PP116J50A.jpg
机械 Mécanique,排放控制,K9PP116J50A,調節器盒 排氣溫度感測器；氧感測器,71,16 115 673 80,,01,(MUL)凸緣螺母,(MUL) FLANGED NUT,(MUL) ECROU A EMBASE,K9PP116J50A.jpg
机械 Mécanique,排放控制,K9PP116J50A,調節器盒 排氣溫度感測器；氧感測器,72,16 115 673 80,,02,(MUL)凸緣螺母,(MUL) FLANGED NUT,(MUL) ECROU A EMBASE,K9PP116J50A.jpg
机械 Mécanique,排放控制,K9PP116J50A,調節器盒 排氣溫度感測器；氧感測器,73,6980 A3,,02,(MUL) 紮帶,(MUL) TIE WRAP,(MUL) LANIERE,K9PP116J50A.jpg
机械 Mécanique,排放控制,K9PP116J50A,調節器盒 排氣溫度感測器；氧感測器,74,16 227 495 80,,02,(MUL) 鉚釘,(MUL) RIVET,(MUL) RIVET,K9PP116J50A.jpg
机械 Mécanique,排放控制,K9PP116J50A,調節器盒 排氣溫度感測器；氧感測器,75,16 103 321 80,,02,螺絲,BOLT,VIS,K9PP116J50A.jpg
机械 Mécanique,排放控制,K9PP116J50A,調節器盒 排氣溫度感測器；氧感測器,76,98 227 513 80,,02,六角頭凸緣螺栓,H EMB BOLT,VIS H EMB,K9PP116J50A.jpg
机械 Mécanique,排放控制,K9PP116J80M,廢氣再迴圈管路,01,98 130 548 80,,01,氣體回收管,GAS RECYCLING TUBE,TUBE DE RECYCLAGE DES GAZ,K9PP116J80M.jpg
机械 Mécanique,排放控制,K9PP116J80M,廢氣再迴圈管路,05,98 298 700 80,,01,調節閥,EGR VALVE,VANNE R G E,K9PP116J80M.jpg
机械 Mécanique,排放控制,K9PP116J80M,廢氣再迴圈管路,08,98 130 681 80,,01,防汙染管路密封圈,EMISSION CONTROL CIRCUIT SEAL,JOINT CIRCUIT ANTIPOLLUTION,K9PP116J80M.jpg
机械 Mécanique,排放控制,K9PP116J80M,廢氣再迴圈管路,10,98 130 502 80,,01,排氣系統氣水交換器,EXHAUST GAS WATER EXCHANGER,ECHANGEUR EAU GAZ ECHAPPEMENT,K9PP116J80M.jpg
机械 Mécanique,排放控制,K9PP116J80M,廢氣再迴圈管路,11,98 130 551 80,,02,廢氣再迴圈模組密封件,GAS RECIRCULATION MODULE SEAL,JOINT MODULE RECYCLAGE GAZ,K9PP116J80M.jpg
机械 Mécanique,排放控制,K9PP116J80M,廢氣再迴圈管路,13,0250 93,,01,缸蓋雙頭螺柱,CYLINDER HEAD COVER STUD,GOUJON DE COUVERCLE DE CULASSE,K9PP116J80M.jpg
机械 Mécanique,排放控制,K9PP116J80M,廢氣再迴圈管路,15,98 130 541 80,,01,旁通執行器,BYPASS ACTUATOR,ACTUATEUR BY PASS,K9PP116J80M.jpg
机械 Mécanique,排放控制,K9PP116J80M,廢氣再迴圈管路,18,0341 H9,,02,(MUL) 螺柱,(MUL) STUD,(MUL) GOUJON,K9PP116J80M.jpg
机械 Mécanique,排放控制,K9PP116J80M,廢氣再迴圈管路,70,6925 45,,04,(MUL) 凸緣螺栓,(MUL) FLANGED BOLT,(MUL) VIS A EMBASE,K9PP116J80M.jpg
机械 Mécanique,排放控制,K9PP116J80M,廢氣再迴圈管路,71,4503 43,,02,(MUL)凸緣螺母,(MUL) FLANGED NUT,(MUL) ECROU A EMBASE,K9PP116J80M.jpg
机械 Mécanique,排放控制,K9PP116J80M,廢氣再迴圈管路,72,16 115 673 80,,01,(MUL)凸緣螺母,(MUL) FLANGED NUT,(MUL) ECROU A EMBASE,K9PP116J80M.jpg
机械 Mécanique,排放控制,K9PP116J80M,廢氣再迴圈管路,73,6925 69,,02,(MUL) 凸緣螺栓,(MUL) FLANGED BOLT,(MUL) VIS A EMBASE,K9PP116J80M.jpg
机械 Mécanique,排氣,K9PP117A50A,前催化轉化器 排氣歧管,01,0341 J2,,01,排氣歧管,EXHAUST MANIFOLD,COLLECTEUR D’ECHAPPEMENT,K9PP117A50A.jpg
机械 Mécanique,排氣,K9PP117A50A,前催化轉化器 排氣歧管,02,98 162 672 80,,01,排氣歧管密封墊,EXHAUST MANIFOLD GASKET,JOINT COLLECTEUR D’ECHAPPEMENT,K9PP117A50A.jpg
机械 Mécanique,排氣,K9PP117A50A,前催化轉化器 排氣歧管,03,0341 P8,,08,(MUL) 螺柱,(MUL) STUD,(MUL) GOUJON,K9PP117A50A.jpg
机械 Mécanique,排氣,K9PP117A50A,前催化轉化器 排氣歧管,04,0353 09,,08,發動機散熱器隔套,ENGINE RADIATOR SPACER,ENTRETOISE DE RADIATEUR MOTEUR,K9PP117A50A.jpg
机械 Mécanique,排氣,K9PP117A50A,前催化轉化器 排氣歧管,05,0341 22,,10,(MUL)凸緣螺母,(MUL) FLANGED NUT,(MUL) ECROU A EMBASE,K9PP117A50A.jpg
机械 Mécanique,排氣,K9PP117A50A,前催化轉化器 排氣歧管,06,0376 63,,02,渦輪增壓器支架螺柱,TURBO SUPPORT STUD,GOUJON DE SUPPORT TURBO,K9PP117A50A.jpg
机械 Mécanique,排氣,K9PP117A50A,前催化轉化器 排氣歧管,07,0341 P7,,02,(MUL) 螺柱,(MUL) STUD,(MUL) GOUJON,K9PP117A50A.jpg
机械 Mécanique,排氣,K9PP117A50A,前催化轉化器 排氣歧管,10,98 228 605 80,,01,新顆粒過濾三元催化器,CATALYTIC CONV + P FILT PIPE,CATALYSEUR FAP NEUF,K9PP117A50A.jpg
机械 Mécanique,排氣,K9PP117A50A,前催化轉化器 排氣歧管,11,98 085 473 80,,01,排氣管支架,EXHAUST PIPE BRACKET,SUPPORT DE LIGNE D’ECHAPPEMENT,K9PP117A50A.jpg
机械 Mécanique,排氣,K9PP117A50A,前催化轉化器 排氣歧管,12,98 133 039 80,,01,顆粒濾清器壓力管,PARTICLE FILTER PRESSURE PIPE,TUBE PRESSION FAP,K9PP117A50A.jpg
机械 Mécanique,排氣,K9PP117A50A,前催化轉化器 排氣歧管,13,98 177 652 80,,01,顆粒濾清器壓力管,PARTICLE FILTER PRESSURE PIPE,TUBE PRESSION FAP,K9PP117A50A.jpg
机械 Mécanique,排氣,K9PP117A50A,前催化轉化器 排氣歧管,14,1713 67,,01,排氣管環箍,EXHAUST SYSTEM FIXING CLAMP,COLLIER FIXATION ECHAPPEMENT,K9PP117A50A.jpg
机械 Mécanique,排氣,K9PP117A50A,前催化轉化器 排氣歧管,15,1713 60,RP 16 926 601 80,01/01,排氣管環箍,EXHAUST SYSTEM FIXING CLAMP,COLLIER FIXATION ECHAPPEMENT,K9PP117A50A.jpg
机械 Mécanique,排氣,K9PP117A50A,前催化轉化器 排氣歧管,16,1713 53,,01,排氣管環箍,EXHAUST SYSTEM FIXING CLAMP,COLLIER FIXATION ECHAPPEMENT,K9PP117A50A.jpg
机械 Mécanique,排氣,K9PP117A50A,前催化轉化器 排氣歧管,19,98 125 929 80,,01,前排氣管,EXHAUST FRONT PIPE,TUYAU AVANT D’ECHAPPEMENT,K9PP117A50A.jpg
机械 Mécanique,排氣,K9PP117A50A,前催化轉化器 排氣歧管,20,98 286 467 80,,02,(MUL)凸緣螺母,(MUL) FLANGED NUT,(MUL) ECROU A EMBASE,K9PP117A50A.jpg
机械 Mécanique,排氣,K9PP117A50A,前催化轉化器 排氣歧管,21,1718 45,,02,渦輪增壓器支架螺柱,TURBO SUPPORT STUD,GOUJON DE SUPPORT TURBO,K9PP117A50A.jpg
机械 Mécanique,排氣,K9PP117A50A,前催化轉化器 排氣歧管,30,98 139 301 80,,01,催化液噴射器,CATALYTIC FLUID INJECTOR,INJECTEUR LIQUIDE CATALYTIQUE,K9PP117A50A.jpg
机械 Mécanique,排氣,K9PP117A50A,前催化轉化器 排氣歧管,31,16 882 924 80,,01,密封圈,SEAL,JOINT,K9PP117A50A.jpg
机械 Mécanique,排氣,K9PP117A50A,前催化轉化器 排氣歧管,32,98 237 435 80,RP 16 844 494 80,01/01,(MUL) 金屬卡箍,(MUL) METAL CLIP,(MUL) COLLIER METALLIQUE,K9PP117A50A.jpg
机械 Mécanique,排氣,K9PP117A50A,前催化轉化器 排氣歧管,33,98 145 432 80,,01,噴射器隔熱板,INJECTOR HEAT SHIELD,ECRAN THERMIQUE INJECTEUR,K9PP117A50A.jpg
机械 Mécanique,排氣,K9PP117E50A,排氣中管和後管,02,98 222 969 80,RP 98 266 391 80,01/01,排氣管中段,EXHAUST INTERMEDIATE PIPE,TUYAU INTERMEDIAIRE ECH,K9PP117E50A.jpg
机械 Mécanique,排氣,K9PP117E50A,排氣中管和後管,05,98 222 972 80,RP 98 638 981 80,01/01,排氣管後消聲器,REAR SILENCER,SILENCIEUX AR D’ECHAPPEMENT,K9PP117E50A.jpg
机械 Mécanique,排氣,K9PP117E50A,排氣中管和後管,06,1713 67,,01,排氣管環箍,EXHAUST SYSTEM FIXING CLAMP,COLLIER FIXATION ECHAPPEMENT,K9PP117E50A.jpg
机械 Mécanique,排氣,K9PP117E50A,排氣中管和後管,07,1736 32,,01,前排氣管套管,EXHAUST FRONT PIPE SLEEVE,MANCHON TUYAU AV ECHAPPEMENT,K9PP117E50A.jpg
机械 Mécanique,排氣,K9PP117E50A,排氣中管和後管,08,96 743 251 80,,02,排氣管彈性支架,EXHAUST FLEXIBLE MOUNTING,SUPPORT ELASTIQUE ECHAPPEMENT,K9PP117E50A.jpg
机械 Mécanique,排氣,K9PP117E50A,排氣中管和後管,09,98 098 038 80,,01,排氣管彈性支架,EXHAUST FLEXIBLE MOUNTING,SUPPORT ELASTIQUE ECHAPPEMENT,K9PP117E50A.jpg
机械 Mécanique,排氣,K9PP117E50A,排氣中管和後管,10,1755 P1,,01,排氣管彈性支架,EXHAUST FLEXIBLE MOUNTING,SUPPORT ELASTIQUE ECHAPPEMENT,K9PP117E50A.jpg
机械 Mécanique,排氣,K9PP117E50A,排氣中管和後管,15,98 098 400 80,,02,螺絲,BOLT,VIS,K9PP117E50A.jpg
机械 Mécanique,排氣,K9PP117E50A,排氣中管和後管,16,98 098 400 80,,02,螺絲,BOLT,VIS,K9PP117E50A.jpg
机械 Mécanique,排氣,K9PP117E50A,排氣中管和後管,70,6936 C9,,02,(MUL)凸緣螺母,(MUL) FLANGED NUT,(MUL) ECROU A EMBASE,K9PP117E50A.jpg
机械 Mécanique,排氣,K9PP117H50A,排氣系統隔熱板,01,98 096 950 80,,01,排氣歧管隔熱罩,MANIFOLD HEAT SHIELD,ECRAN THERMIQUE DE COLLECTEUR,K9PP117H50A.jpg
机械 Mécanique,排氣,K9PP117H50A,排氣系統隔熱板,02,98 096 952 80,,01,渦輪增壓器隔熱板,TURBOCHARGER HEAT SHIELD,ECRAN THERMIQUE TURBO COMPRESS,K9PP117H50A.jpg
机械 Mécanique,排氣,K9PP117H50A,排氣系統隔熱板,05,98 294 062 80,RP 98 409 401 80,01/01,排氣管隔熱板,EXHAUST SYSTEM HEAT SHIELD,ECRAN THERMIQUE D’ECHAPPEMENT,K9PP117H50A.jpg
机械 Mécanique,排氣,K9PP117H50A,排氣系統隔熱板,06,98 157 478 80,,01,排氣管隔熱板,EXHAUST SYSTEM HEAT SHIELD,ECRAN THERMIQUE D’ECHAPPEMENT,K9PP117H50A.jpg
机械 Mécanique,排氣,K9PP117H50A,排氣系統隔熱板,07,98 148 159 80,,01,排氣隔音板,EXHAUST ACOUSTIC SHIELD,ECRAN ACOUSTIQUE ECHAPPEMENT,K9PP117H50A.jpg
机械 Mécanique,排氣,K9PP117H50A,排氣系統隔熱板,10,1718 44,,04,螺母,NUT,ECROU,K9PP117H50A.jpg
机械 Mécanique,排氣,K9PP117H50A,排氣系統隔熱板,11,1718 44,,02,螺母,NUT,ECROU,K9PP117H50A.jpg
机械 Mécanique,排氣,K9PP117H50A,排氣系統隔熱板,12,98 135 693 80,,08,擋熱板固定螺栓,HEAT SHIELD FIXING BOLT,VIS FIXATION ECRAN THERMIQUE,K9PP117H50A.jpg
机械 Mécanique,排氣,K9PP117H50A,排氣系統隔熱板,15,4125 07,,01,粘性泡沫,ADHESIVE FOAM,MOUSSE ADHESIVE,K9PP117H50A.jpg
机械 Mécanique,排氣,K9PP117H50A,排氣系統隔熱板,70,16 115 673 80,,02,(MUL)凸緣螺母,(MUL) FLANGED NUT,(MUL) ECROU A EMBASE,K9PP117H50A.jpg
机械 Mécanique,排氣,K9PP117H50A,排氣系統隔熱板,71,6923 95,,03,(MUL)六角頭帶墊圈螺栓,(MUL) TH SCREW WITH WASHER,(MUL) VIS TH RDL,K9PP117H50A.jpg
机械 Mécanique,排氣,K9PP117H50A,排氣系統隔熱板,72,79 03 233 018,,02,螺母,NUT,ECROU,K9PP117H50A.jpg
机械 Mécanique,排氣,K9PP117H50A,排氣系統隔熱板,80,98 151 790 80,,01,卡子,STAPLE,AGRAFE,K9PP117H50A.jpg
机械 Mécanique,方向盤和方向盤控制裝置,K9PP441A01A,方向盤蓋 轉向管柱護套,01,98 261 195 ZD,,01,方向盤,STEERING WHEEL,VOLANT DE DIRECTION,K9PP441A01A.jpg
机械 Mécanique,方向盤和方向盤控制裝置,K9PP441A01A,方向盤蓋 轉向管柱護套,02,98 216 512 ZD,,01,轉向柱半護罩,COLUMN HALF COWL,DEMI-GAINE DE COLONNE,K9PP441A01A.jpg
机械 Mécanique,方向盤和方向盤控制裝置,K9PP441A01A,方向盤蓋 轉向管柱護套,03,98 165 572 ZD,,01,轉向柱半護罩,COLUMN HALF COWL,DEMI-GAINE DE COLONNE,K9PP441A01A.jpg
机械 Mécanique,方向盤和方向盤控制裝置,K9PP441A01A,方向盤蓋 轉向管柱護套,04,96 753 802 80,,02,MUL RLX螺栓,(MUL) RLX SCREW,(MUL) VIS RLX,K9PP441A01A.jpg
机械 Mécanique,方向盤和方向盤控制裝置,K9PP441A01A,方向盤蓋 轉向管柱護套,05,96 867 069 ZD,RP 8233 F4,01/01,控制器堵蓋,CONTROL CLOSER,OBTURATEUR COMMANDE,K9PP441A01A.jpg
机械 Mécanique,方向盤和方向盤控制裝置,K9PP441A01A,方向盤蓋 轉向管柱護套,06,98 209 978 ZD,,01,轉向管柱護罩,STEERING COLUMN GAITER,SOUFFLET COLONNE DIRECTION,K9PP441A01A.jpg
机械 Mécanique,方向盤和方向盤控制裝置,K9PP441A01A,方向盤蓋 轉向管柱護套,08,98 087 817 ZD,,01,轉向柱護罩堵蓋,STEERING JACKET PLUG,OBTURATEUR DE GAINE DIRECTION,K9PP441A01A.jpg
机械 Mécanique,方向盤和方向盤控制裝置,K9PP441A01A,方向盤蓋 轉向管柱護套,70,98 027 775 80,,01,方向盤螺釘,STEERING WHEEL BOLT,VIS DE VOLANT DE DIRECTION,K9PP441A01A.jpg
机械 Mécanique,方向盤和方向盤控制裝置,K9PP662G01A,方向盤下組合開關,01,98 262 596 ZD,RP 98 312 569 ZD,01/01,多功能控制單元,MULTIFUNCTION CONTROL UNIT,BLOC COMMANDE MULTIFONCTION,K9PP662G01A.jpg
机械 Mécanique,方向盤和方向盤控制裝置,K9PP662G01A,方向盤下組合開關,05,96 756 731 ZD,,01,BVMP變速箱控制開關,GEARBOX CONTROL SWITCH UNIT,BLOC COMMUTATEUR COMMANDE BVMP,K9PP662G01A.jpg
机械 Mécanique,方向盤和方向盤控制裝置,K9PP662G01A,方向盤下組合開關,06,98 035 106 ZD,,01,速度調節開關,CONTROL FOR CRUISE CONTROL,COMMANDE REGULATION VITESSE,K9PP662G01A.jpg
机械 Mécanique,方向盤和方向盤控制裝置,K9PP662G01A,方向盤下組合開關,40,96 775 892 80,,01,第二控制開關支承墊,SECONDARY CTRL SUPPORT BLOCK,CALE APPUI COMMANDE SECONDAIRE,K9PP662G01A.jpg
机械 Mécanique,曲軸,K9PP005A55L,曲軸,01,98 273 069 80,RP 16 381 621 80,01/01,發動機曲軸,ENGINE CRANKSHAFT,VILEBREQUIN DE MOTEUR,K9PP005A55L.jpg
机械 Mécanique,曲軸,K9PP005A55L,曲軸,03,98 232 742 80,,05,滑動半軸瓦,MAIN BEARING HALF SHELL,DEMI-COUSSINET DE PALIER,K9PP005A55L.jpg
机械 Mécanique,曲軸,K9PP005A55L,曲軸,04,0118 G3,,02,曲軸止推片,CRANKSHAFT THRUST WASHER,DEMI-FLASQUE DE VILEBREQUIN,K9PP005A55L.jpg
机械 Mécanique,曲軸,K9PP005A55L,曲軸,05,98 209 610 80,,01,曲軸油封,CRANKSHAFT SEAL,JOINT ETANCHEITE VILEBREQUIN,K9PP005A55L.jpg
机械 Mécanique,曲軸,K9PP005A55L,曲軸,06,98 209 787 80,,01,曲軸油封,CRANKSHAFT SEAL,JOINT ETANCHEITE VILEBREQUIN,K9PP005A55L.jpg
机械 Mécanique,曲軸,K9PP005A55L,曲軸,07,98 562 361 80,,01,發動機正時齒輪,ENGINE TIMING GEAR,PIGNON DISTRIBUTION MOTEUR,K9PP005A55L.jpg
机械 Mécanique,曲軸,K9PP005A55L,曲軸,08,98 216 243 80,,01,單減震皮帶輪,SINGLE DAMPING PULLEY,POULIE AMORTISSEUR SIMPLE,K9PP005A55L.jpg
机械 Mécanique,曲軸,K9PP005A55L,曲軸,09,0516 A3,,01,曲軸皮帶輪螺栓,CRANKSHAFT PULLEY SCREW,VIS DE POULIE DE VILEBREQUIN,K9PP005A55L.jpg
机械 Mécanique,曲軸,K9PP005A55L,曲軸,10,98 162 806 80,,01,起動齒圈支承法蘭盤,STARTER CROWN SUPPORT FLANGE,FLASQUE SUPPORT COURONNE DEMAR,K9PP005A55L.jpg
机械 Mécanique,曲軸,K9PP005A55L,曲軸,11,0537 60,,06,發動機飛輪螺栓,FLYWHEEL SCREW,VIS DE VOLANT MOTEUR,K9PP005A55L.jpg
机械 Mécanique,曲軸,K9PP005A55L,曲軸,13,98 232 685 80,,03,滑動半軸瓦,MAIN BEARING HALF SHELL,DEMI-COUSSINET DE PALIER,K9PP005A55L.jpg
机械 Mécanique,曲軸,K9PP005A55L,曲軸,14,98 232 668 80,,02,滑動半軸瓦,MAIN BEARING HALF SHELL,DEMI-COUSSINET DE PALIER,K9PP005A55L.jpg
机械 Mécanique,曲軸,K9PP005A55L,曲軸,70,6976 14,,01,曲軸鍵,CRANKSHAFT COTTER PIN,CLAVETTE DE VILEBREQUIN,K9PP005A55L.jpg
机械 Mécanique,曲軸,K9PP005A55L,曲軸,71,6965 12,,03,(MUL) 銷子,(MUL) PIN,(MUL) GOUPILLE,K9PP005A55L.jpg
机械 Mécanique,曲軸,K9PP006A53A,連桿 水套 活塞 活塞環,01,16 290 316 80,,01,連桿套件(4個),SET OF 4 ENGINE CONNECTNG RODS,JEU DE 4 BIELLES DE MOTEUR,K9PP006A53A.jpg
机械 Mécanique,曲軸,K9PP006A53A,連桿 水套 活塞 活塞環,02,98 156 704 80,,04,軸襯,BUSHING,COUSSINET,K9PP006A53A.jpg
机械 Mécanique,曲軸,K9PP006A53A,連桿 水套 活塞 活塞環,03,16 088 506 80,,08,發動機連桿螺栓,ENGINE CONNECTING ROD BOLT,VIS DE BIELLE DE MOTEUR,K9PP006A53A.jpg
机械 Mécanique,曲軸,K9PP006A53A,連桿 水套 活塞 活塞環,04,16 290 321 80,,01,活塞套件(4個),SET OF 4 ASSEMBLY PISTON,JEU DE 4 PISTONS ASSEMBLES,K9PP006A53A.jpg
机械 Mécanique,曲軸,K9PP006A53A,連桿 水套 活塞 活塞環,05,16 290 322 80,,04,活塞環套件(3個),SET OF 3 PISTON RINGS,JEU DE 3 SEGMENTS DE PISTON,K9PP006A53A.jpg
机械 Mécanique,曲軸,K9PP006A53A,連桿 水套 活塞 活塞環,06,0630 31,,08,發動機活塞銷卡環,ENGINE PISTON-PIN SNAP-RING,JONC D’ARRET AXE PISTON MOTEUR,K9PP006A53A.jpg
机械 Mécanique,曲軸,K9PP006A53A,連桿 水套 活塞 活塞環,08,98 139 969 80,,04,連桿半軸瓦,CONROD HALF-BEARING,DEMI-COUSSINET DE BIELLE,K9PP006A53A.jpg
机械 Mécanique,正時齒輪,K9PP003C55A,皮帶輪護罩 – 堵塞,01,98 087 234 80,RP 98 398 763 80,01/01,正時室護罩,BELT PROTECTOR,PROTECTEUR DE DISTRIBUTION,K9PP003C55A.jpg
机械 Mécanique,正時齒輪,K9PP003C55A,皮帶輪護罩 – 堵塞,02,98 246 752 80,,01,正時室護罩,BELT PROTECTOR,PROTECTEUR DE DISTRIBUTION,K9PP003C55A.jpg
机械 Mécanique,正時齒輪,K9PP003C55A,皮帶輪護罩 – 堵塞,03,98 246 751 80,,01,正時室護罩,BELT PROTECTOR,PROTECTEUR DE DISTRIBUTION,K9PP003C55A.jpg
机械 Mécanique,正時齒輪,K9PP003C55A,皮帶輪護罩 – 堵塞,04,98 158 843 80,,01,正時室護罩,BELT PROTECTOR,PROTECTEUR DE DISTRIBUTION,K9PP003C55A.jpg
机械 Mécanique,正時齒輪,K9PP003C55A,皮帶輪護罩 – 堵塞,70,96 769 719 80,,02,(MUL) 凸緣螺栓,(MUL) FLANGED BOLT,(MUL) VIS A EMBASE,K9PP003C55A.jpg
机械 Mécanique,正時齒輪,K9PP008A54A,正時皮帶 凸輪軸齒輪,01,98 199 236 80,,01,發動機凸輪軸皮帶輪,ENGINE CAMSHAFT PULLEY,POULIE D’ARBRE A CAMES MOTEUR,K9PP008A54A.jpg
机械 Mécanique,正時齒輪,K9PP008A54A,正時皮帶 凸輪軸齒輪,02,16 289 256 80,,01,正時皮帶,NOTCHED TIMING BELT,COURROIE CRANTEE DISTRIBUTION,K9PP008A54A.jpg
机械 Mécanique,正時齒輪,K9PP008A54A,正時皮帶 凸輪軸齒輪,03,98 260 289 80,,01,正時鏈條,TIMING CHAIN,CHAINE DE DISTRIBUTION,K9PP008A54A.jpg
机械 Mécanique,正時齒輪,K9PP008A54A,正時皮帶 凸輪軸齒輪,04,16 289 257 80,,01,正時皮帶張緊輪,TIMING TENSION ROLLER,GALET TENDEUR DE DISTRIBUTION,K9PP008A54A.jpg
机械 Mécanique,正時齒輪,K9PP008A54A,正時皮帶 凸輪軸齒輪,05,16 289 258 80,,01,惰輪,IDLER ROLLER,GALET ENROULEUR,K9PP008A54A.jpg
机械 Mécanique,正時齒輪,K9PP008A54A,正時皮帶 凸輪軸齒輪,06,98 239 548 80,,01,正時張緊器,TIMING TENSIONER,TENDEUR DE DISTRIBUTION,K9PP008A54A.jpg
机械 Mécanique,正時齒輪,K9PP008A54A,正時皮帶 凸輪軸齒輪,08,98 250 137 80,,01,發動機凸輪軸,ENGINE CAMSHAFT,ARBRE A CAMES DE MOTEUR,K9PP008A54A.jpg
机械 Mécanique,正時齒輪,K9PP008A54A,正時皮帶 凸輪軸齒輪,09,98 250 178 80,,01,發動機凸輪軸,ENGINE CAMSHAFT,ARBRE A CAMES DE MOTEUR,K9PP008A54A.jpg
机械 Mécanique,正時齒輪,K9PP008A54A,正時皮帶 凸輪軸齒輪,10,98 239 200 80,,01,發動機凸輪軸油封,ENGINE CAMSHAFT SEAL,JOINT D’ARBRE A CAMES MOTEUR,K9PP008A54A.jpg
机械 Mécanique,正時齒輪,K9PP008A54A,正時皮帶 凸輪軸齒輪,16,0806 49,,01,凸輪軸皮帶輪螺栓,CAMSHAFT PULLEY SCREW,VIS DE POULIE D’ARBRE A CAMES,K9PP008A54A.jpg
机械 Mécanique,正時齒輪,K9PP008A54A,正時皮帶 凸輪軸齒輪,18,16 381 596 80,,01,水泵+正時元件,COOLANT PUMP + TIMING KIT,KIT DISTRIBUTION + POMPE A EAU,K9PP008A54A.jpg
机械 Mécanique,正時齒輪,K9PP008A54A,正時皮帶 凸輪軸齒輪,19,16 996 665 80,,01,發動機正時元件,DISTRIBUTION MOTOR KIT,KIT DISTRIBUTION MOTEUR,K9PP008A54A.jpg
机械 Mécanique,正時齒輪,K9PP008A54A,正時皮帶 凸輪軸齒輪,20,4503 43,,01,(MUL)凸緣螺母,(MUL) FLANGED NUT,(MUL) ECROU A EMBASE,K9PP008A54A.jpg
机械 Mécanique,正時齒輪,K9PP008A54A,正時皮帶 凸輪軸齒輪,22,1718 45,,01,渦輪增壓器支架螺柱,TURBO SUPPORT STUD,GOUJON DE SUPPORT TURBO,K9PP008A54A.jpg
机械 Mécanique,正時齒輪,K9PP008A54A,正時皮帶 凸輪軸齒輪,24,96 448 622 80,,02,(MUL) 凸緣螺栓,(MUL) FLANGED BOLT,(MUL) VIS A EMBASE,K9PP008A54A.jpg
机械 Mécanique,正時齒輪,K9PP008A54A,正時皮帶 凸輪軸齒輪,71,6976 14,,01,曲軸鍵,CRANKSHAFT COTTER PIN,CLAVETTE DE VILEBREQUIN,K9PP008A54A.jpg
机械 Mécanique,渦輪增壓,K9PP003L12L,渦輪增壓器回油軟管,01,98 358 553 80,,01,新渦輪增壓器,NEW TURBOCHARGER,TURBO COMPRESSEUR NE,K9PP003L12L.jpg
机械 Mécanique,渦輪增壓,K9PP003L12L,渦輪增壓器回油軟管,05,0376 60,,01,渦輪機潤滑管接頭螺栓,TURBO LUBRICATION UNION BOLT,VIS RACCORD GRAISSAGE TURBO,K9PP003L12L.jpg
机械 Mécanique,渦輪增壓,K9PP003L12L,渦輪增壓器回油軟管,06,0376 55,,01,渦輪機潤滑管接頭螺栓,TURBO LUBRICATION UNION BOLT,VIS RACCORD GRAISSAGE TURBO,K9PP003L12L.jpg
机械 Mécanique,渦輪增壓,K9PP003L12L,渦輪增壓器回油軟管,07,0376 64,,04,潤滑管螺栓密封墊,LUBRICATION UNION BOLT SEAL,JOINT DE VIS RACCORD GRAISSAGE,K9PP003L12L.jpg
机械 Mécanique,渦輪增壓,K9PP003L12L,渦輪增壓器回油軟管,11,0376 63,,02,渦輪增壓器支架螺柱,TURBO SUPPORT STUD,GOUJON DE SUPPORT TURBO,K9PP003L12L.jpg
机械 Mécanique,渦輪增壓,K9PP003L12L,渦輪增壓器回油軟管,12,0380 36,,01,渦輪增壓器密封墊,TURBOCHARGER SEAL,JOINT DE TURBO COMPRESSEUR,K9PP003L12L.jpg
机械 Mécanique,渦輪增壓,K9PP003L12L,渦輪增壓器回油軟管,13,98 238 856 80,,01,渦輪增壓回油管,TURBO OIL RETURN PIPE,TUBE DE RETOUR D’HUILE TURBO,K9PP003L12L.jpg
机械 Mécanique,渦輪增壓,K9PP003L12L,渦輪增壓器回油軟管,14,98 286 291 80,,01,渦輪增壓器潤滑管,TURBO LUBRICATION PIPE,TUYAU GRAISSAGE TURBO,K9PP003L12L.jpg
机械 Mécanique,渦輪增壓,K9PP003L12L,渦輪增壓器回油軟管,15,65 088 503 80,,01,柴油發動機元件,DIESEL ENGINE KIT,KIT MOTEUR DIESEL,K9PP003L12L.jpg
机械 Mécanique,渦輪增壓,K9PP003L12L,渦輪增壓器回油軟管,17,98 134 527 80,,01,潤滑管夾密封墊,LUBRICATION PIPE CLIP SEAL,JOINT BRIDE TUBE GRAISSAGE,K9PP003L12L.jpg
机械 Mécanique,渦輪增壓,K9PP003L12L,渦輪增壓器回油軟管,18,98 134 544 80,,01,潤滑管O型圈,LUBRICATION PIPE O-RING SEAL,JOINT TORIQUE TUBE GRAISSAGE,K9PP003L12L.jpg
机械 Mécanique,渦輪增壓,K9PP003L12L,渦輪增壓器回油軟管,70,6913 06,,02,(MUL) 六凹邊圓頭金屬用螺栓,(MUL) SOCKET CHEESEHEAD SCREW,(MUL) VIS T CYLIND 6 PANS CREU,K9PP003L12L.jpg
机械 Mécanique,渦輪增壓,K9PP003L12L,渦輪增壓器回油軟管,72,98 567 229 80,,04,(MUL) 自鎖螺帽,(MUL) SELF-LOCKING NUT,(MUL) ECROU AUTOFREINE,K9PP003L12L.jpg
机械 Mécanique,渦輪增壓,K9PP003L26A,配氣室,01,96 756 279 80,,01,新中冷器,NEW AIR-AIR EXCHANGER,ECHANGEUR AIR AIR NEUF,K9PP003L26A.jpg
机械 Mécanique,渦輪增壓,K9PP003L26A,配氣室,02,98 037 791 80,,01,中冷器支架,INTERCOOLER ASSEMBLY BRACKET,SUPPORT ECHANGEUR AIR AIR,K9PP003L26A.jpg
机械 Mécanique,渦輪增壓,K9PP003L26A,配氣室,03,98 037 788 80,,01,中冷器支架,INTERCOOLER ASSEMBLY BRACKET,SUPPORT ECHANGEUR AIR AIR,K9PP003L26A.jpg
机械 Mécanique,渦輪增壓,K9PP003L26A,配氣室,04,98 037 789 80,,01,中冷器支架,INTERCOOLER ASSEMBLY BRACKET,SUPPORT ECHANGEUR AIR AIR,K9PP003L26A.jpg
机械 Mécanique,渦輪增壓,K9PP003L26A,配氣室,70,6925 46,,03,(MUL) 凸緣螺栓,(MUL) FLANGED BOLT,(MUL) VIS A EMBASE,K9PP003L26A.jpg
机械 Mécanique,渦輪增壓,K9PP003L26A,配氣室,72,6922 H3,RP 6230 06,03/01,(MUL)六角頭帶墊圈螺栓,(MUL) TH SCREW WITH WASHER,(MUL) VIS TH RDL,K9PP003L26A.jpg
机械 Mécanique,渦輪增壓,K9PP003L50A,渦輪增壓器潤滑,01,98 120 311 80,,01,排氣再迴圈電磁閥,EXH GAS RECIRCULATION SOL VLV,ELECTROVANNE RECYCLAGE GAZ ECH,K9PP003L50A.jpg
机械 Mécanique,渦輪增壓,K9PP003L50A,渦輪增壓器潤滑,05,98 247 032 80,,01,電磁閥真空管,SOLENOID VALVE VACUUM PIPE,TUYAU DEPRESSION ELECTROVANNE,K9PP003L50A.jpg
机械 Mécanique,渦輪增壓,K9PP003L50A,渦輪增壓器潤滑,07,98 112 495 80,,01,渦輪真空管接頭,TURBO AIR VACUUM UNION,RACCORD DEPRESSION AIR TURBO,K9PP003L50A.jpg
机械 Mécanique,渦輪增壓,K9PP003L50A,渦輪增壓器潤滑,70,16 115 673 80,,02,(MUL)凸緣螺母,(MUL) FLANGED NUT,(MUL) ECROU A EMBASE,K9PP003L50A.jpg
机械 Mécanique,渦輪增壓,K9PP003L67B,渦輪增壓器空氣管路,01,98 109 582 80,,01,空氣管,AIR HOSE,RACCORD D’AIR,K9PP003L67B.jpg
机械 Mécanique,渦輪增壓,K9PP003L67B,渦輪增壓器空氣管路,02,98 109 583 80,RP 98 317 107 80,01/01,空氣管,AIR HOSE,RACCORD D’AIR,K9PP003L67B.jpg
机械 Mécanique,渦輪增壓,K9PP003L67B,渦輪增壓器空氣管路,04,98 211 542 80,,01,進氣混合器,INTAKE AIR MIXER,MELANGEUR D’AIR D’ADMISSION,K9PP003L67B.jpg
机械 Mécanique,渦輪增壓,K9PP003L67B,渦輪增壓器空氣管路,07,98 132 945 80,,01,空氣混合器支座,AIR MIXER UNIT SUPPORT,SUPPORT DOSEUR D AIR,K9PP003L67B.jpg
机械 Mécanique,渦輪增壓,K9PP003L67B,渦輪增壓器空氣管路,10,98 132 948 80,,01,進氣道,MIXER AIR DUCT WITH MANIFOLD,CONDUIT AIR DOSEUR A REPARTIT,K9PP003L67B.jpg
机械 Mécanique,渦輪增壓,K9PP003L67B,渦輪增壓器空氣管路,11,98 201 007 80,,01,交換器空氣管,DISTRIB.CHAMBER SIDE AIR UNION,RACCORD D’AIR COTE ECHANGEUR,K9PP003L67B.jpg
机械 Mécanique,渦輪增壓,K9PP003L67B,渦輪增壓器空氣管路,12,98 201 006 80,,01,交換器空氣管,DISTRIB.CHAMBER SIDE AIR UNION,RACCORD D’AIR COTE ECHANGEUR,K9PP003L67B.jpg
机械 Mécanique,渦輪增壓,K9PP003L67B,渦輪增壓器空氣管路,13,1011 16,,01,(MUL) 凸緣螺栓,(MUL) FLANGED BOLT,(MUL) VIS A EMBASE,K9PP003L67B.jpg
机械 Mécanique,渦輪增壓,K9PP003L67B,渦輪增壓器空氣管路,16,1436 S7,,01,螺栓銷,BOLT PIN,AXE VIS,K9PP003L67B.jpg
机械 Mécanique,渦輪增壓,K9PP003L67B,渦輪增壓器空氣管路,17,98 219 265 80,,01,空氣管接頭密封圈,AIR HOSE SEAL,JOINT DE RACCORD D’AIR,K9PP003L67B.jpg
机械 Mécanique,渦輪增壓,K9PP003L67B,渦輪增壓器空氣管路,18,98 142 241 80,,01,空氣管接頭密封圈,AIR HOSE SEAL,JOINT DE RACCORD D’AIR,K9PP003L67B.jpg
机械 Mécanique,渦輪增壓,K9PP003L67B,渦輪增壓器空氣管路,19,98 137 583 80,,01,空氣管接頭密封圈,AIR HOSE SEAL,JOINT DE RACCORD D’AIR,K9PP003L67B.jpg
机械 Mécanique,渦輪增壓,K9PP003L67B,渦輪增壓器空氣管路,20,98 137 567 80,,01,空氣管接頭密封圈,AIR HOSE SEAL,JOINT DE RACCORD D’AIR,K9PP003L67B.jpg
机械 Mécanique,渦輪增壓,K9PP003L67B,渦輪增壓器空氣管路,70,6925 P3,,02,(MUL) 凸緣螺栓,(MUL) FLANGED BOLT,(MUL) VIS A EMBASE,K9PP003L67B.jpg
机械 Mécanique,渦輪增壓,K9PP003L67B,渦輪增壓器空氣管路,71,98 022 442 80,,01,(MUL) 凸緣螺栓,(MUL) FLANGED BOLT,(MUL) VIS A EMBASE,K9PP003L67B.jpg
机械 Mécanique,渦輪增壓,K9PP003L67B,渦輪增壓器空氣管路,72,0250 69,,02,(MUL) 凸緣螺栓,(MUL) FLANGED BOLT,(MUL) VIS A EMBASE,K9PP003L67B.jpg
机械 Mécanique,渦輪增壓,K9PP003L67B,渦輪增壓器空氣管路,73,6925 45,,06,(MUL) 凸緣螺栓,(MUL) FLANGED BOLT,(MUL) VIS A EMBASE,K9PP003L67B.jpg
机械 Mécanique,渦輪增壓,K9PP003L67B,渦輪增壓器空氣管路,76,96 448 622 80,,03,(MUL) 凸緣螺栓,(MUL) FLANGED BOLT,(MUL) VIS A EMBASE,K9PP003L67B.jpg
机械 Mécanique,渦輪增壓,K9PP003L67B,渦輪增壓器空氣管路,78,98 027 744 80,,03,(MUL)六角頭帶墊圈螺栓,(MUL) TH SCREW WITH WASHER,(MUL) VIS TH RDL,K9PP003L67B.jpg
机械 Mécanique,潤滑油,K9PP110A55A,發動機 機油泵 鏈條 皮帶 集濾器,01,16 289 550 80,,01,發動機油泵,ENGINE OIL PUMP,POMPE A HUILE MOTEUR,K9PP110A55A.jpg
机械 Mécanique,潤滑油,K9PP110A55A,發動機 機油泵 鏈條 皮帶 集濾器,02,98 087 252 80,,01,發動機機油泵集濾器,ENGINE OIL PUMP STRAINER,CREPINE DE POMPE HUILE MOTEUR,K9PP110A55A.jpg
机械 Mécanique,潤滑油,K9PP110A55A,發動機 機油泵 鏈條 皮帶 集濾器,03,98 157 719 80,,01,O型密封圈,O-RING,JOINT TORIQUE,K9PP110A55A.jpg
机械 Mécanique,潤滑油,K9PP110A55A,發動機 機油泵 鏈條 皮帶 集濾器,04,98 157 720 80,,01,機油泵集濾器密封墊,OIL SUCTION SEAL,JOINT DE CREPINE POMPE A HUILE,K9PP110A55A.jpg
机械 Mécanique,潤滑油,K9PP110A55A,發動機 機油泵 鏈條 皮帶 集濾器,05,98 055 833 80,,02,發動機機油泵密封墊,ENGINE OIL PUMP SEAL,JOINT DE POMPE A HUILE MOTEUR,K9PP110A55A.jpg
机械 Mécanique,潤滑油,K9PP110A55A,發動機 機油泵 鏈條 皮帶 集濾器,09,98 170 703 80,,01,機油泵電磁閥,OIL PUMP SOLENOID VALVE,ELECTROVANNE POMPE A HUILE,K9PP110A55A.jpg
机械 Mécanique,潤滑油,K9PP110A55A,發動機 機油泵 鏈條 皮帶 集濾器,71,6925 45,,09,(MUL) 凸緣螺栓,(MUL) FLANGED BOLT,(MUL) VIS A EMBASE,K9PP110A55A.jpg
机械 Mécanique,潤滑油,K9PP110A55A,發動機 機油泵 鏈條 皮帶 集濾器,72,98 219 995 80,,01,固定螺栓,FIXING BOLT,VIS DE FIXATION,K9PP110A55A.jpg
机械 Mécanique,潤滑油,K9PP111A26A,發動機 油底殼 濾清器 感測器,01,98 139 732 80,,01,發動機油底殼,ENGINE OIL SUMP,CARTER D’HUILE MOTEUR,K9PP111A26A.jpg
机械 Mécanique,潤滑油,K9PP111A26A,發動機 油底殼 濾清器 感測器,02,0311 39,,01,發動機放油塞,ENGINE OIL DRAIN PLUG,BOUCHON VIDANGE D’HUILE MOTEUR,K9PP111A26A.jpg
机械 Mécanique,潤滑油,K9PP111A26A,發動機 油底殼 濾清器 感測器,03,0164 88,,01,堵塞密封圈,CYLINDER HOUSING PLUG SEAL,JOINT DE BOUCHON DE CARTER CYL,K9PP111A26A.jpg
机械 Mécanique,潤滑油,K9PP111A26A,發動機 油底殼 濾清器 感測器,04,98 235 323 80,,01,機油濾清器支架,FILTER CARTRIDGE BRACKET,SUPPORT DE CARTOUCHE FILTRANTE,K9PP111A26A.jpg
机械 Mécanique,潤滑油,K9PP111A26A,發動機 油底殼 濾清器 感測器,05,98 142 941 80,,01,機油過濾器殼體密封圈,ENGINE OIL FILTER BODY SEAL,JOINT CORPS FILTRE HUILE MOT,K9PP111A26A.jpg
机械 Mécanique,潤滑油,K9PP111A26A,發動機 油底殼 濾清器 感測器,06,98 142 944 80,,01,發動機油水熱交換器,ENGINE OIL-WATER DISTRIB CHAMB,ECHANGEUR HUILE EAU DE MOTEUR,K9PP111A26A.jpg
机械 Mécanique,潤滑油,K9PP111A26A,發動機 油底殼 濾清器 感測器,07,98 142 946 80,,01,發動機機油交換器密封圈,SEAL,JOINT ECHANGEUR HUILE MOTEUR,K9PP111A26A.jpg
机械 Mécanique,潤滑油,K9PP111A26A,發動機 油底殼 濾清器 感測器,08,16 829 537 80,,01,E：機油濾清器PSA,E:OIL FILTER PSA,E:FILTRE HUILE PSA,K9PP111A26A.jpg
机械 Mécanique,潤滑油,K9PP111A26A,發動機 油底殼 濾清器 感測器,09,98 142 927 80,,01,機油濾清器蓋,OIL FILTER COVER,COUVERCLE DE FILTRE A HUILE,K9PP111A26A.jpg
机械 Mécanique,潤滑油,K9PP111A26A,發動機 油底殼 濾清器 感測器,10,98 244 337 80,,01,發動機機油標尺,ENGINE OIL GAUGE,JAUGE D’HUILE MOTEUR,K9PP111A26A.jpg
机械 Mécanique,潤滑油,K9PP111A26A,發動機 油底殼 濾清器 感測器,12,98 244 209 80,,01,發動機機油尺導管,ENGINE OIL GAUGE GUIDE,GUIDE DE JAUGE D’HUILE MOTEUR,K9PP111A26A.jpg
机械 Mécanique,潤滑油,K9PP111A26A,發動機 油底殼 濾清器 感測器,14,0250 A6,,04,(MUL) 凸緣螺栓,(MUL) FLANGED BOLT,(MUL) VIS A EMBASE,K9PP111A26A.jpg
机械 Mécanique,潤滑油,K9PP111A26A,發動機 油底殼 濾清器 感測器,15,98 178 055 80,RP 98 493 474 80,04/01,活塞機油噴嘴,PISTON OIL JET,GICLEUR D’HUILE DE PISTON,K9PP111A26A.jpg
机械 Mécanique,潤滑油,K9PP111A26A,發動機 油底殼 濾清器 感測器,16,0167 78,,01,(MUL)殼體堵塞,(MUL) CASING PLUG,(MUL) BOUCHON DE CARTER,K9PP111A26A.jpg
机械 Mécanique,潤滑油,K9PP111A26A,發動機 油底殼 濾清器 感測器,17,98 090 526 80,,01,發動機油壓開關,ENGINE OIL PRESSURE SWITCH,MANOCONTACT D’HUILE MOTEUR,K9PP111A26A.jpg
机械 Mécanique,潤滑油,K9PP111A26A,發動機 油底殼 濾清器 感測器,18,0167 78,,01,(MUL)殼體堵塞,(MUL) CASING PLUG,(MUL) BOUCHON DE CARTER,K9PP111A26A.jpg
机械 Mécanique,潤滑油,K9PP111A26A,發動機 油底殼 濾清器 感測器,20,98 116 727 80,,15,(MUL) 凸緣螺栓,(MUL) FLANGED BOLT,(MUL) VIS A EMBASE,K9PP111A26A.jpg
机械 Mécanique,潤滑油,K9PP111A26A,發動機 油底殼 濾清器 感測器,21,0133 16,,02,(MUL) 螺柱,(MUL) STUD,(MUL) GOUJON,K9PP111A26A.jpg
机械 Mécanique,潤滑油,K9PP111A26A,發動機 油底殼 濾清器 感測器,22,1170 29,,02,O型密封圈,O-RING SEAL,JOINT TORIQUE,K9PP111A26A.jpg
机械 Mécanique,潤滑油,K9PP111A26A,發動機 油底殼 濾清器 感測器,70,6939 97,,02,(MUL)帶墊圈螺母,(MUL) NUT WITH CAPTIVE WASHER,(MUL) ECROU AVEC RDL IMPDB,K9PP111A26A.jpg
机械 Mécanique,潤滑油,K9PP111A26A,發動機 油底殼 濾清器 感測器,71,6923 95,,01,(MUL)六角頭帶墊圈螺栓,(MUL) TH SCREW WITH WASHER,(MUL) VIS TH RDL,K9PP111A26A.jpg
机械 Mécanique,潤滑油,K9PP111A26A,發動機 油底殼 濾清器 感測器,72,98 142 942 80,,09,固定螺栓,FIXING BOLT,VIS DE FIXATION,K9PP111A26A.jpg
机械 Mécanique,發動機燃油系,K9PP114G55A,空氣濾清器 空氣軟管 空氣諧振箱,01,98 280 020 80,,01,乾式空氣濾清器總成,DRY TYPE AIR FILTER,FILTRE D’AIR SEC,K9PP114G55A.jpg
机械 Mécanique,發動機燃油系,K9PP114G55A,空氣濾清器 空氣軟管 空氣諧振箱,02,98 139 088 80,,01,空氣濾芯,AIR FILTER,ELEMENT FILTRANT FILTRE D’AIR,K9PP114G55A.jpg
机械 Mécanique,發動機燃油系,K9PP114G55A,空氣濾清器 空氣軟管 空氣諧振箱,03,16 231 593 80,,04,空氣濾清器彈性支撐,AIR FILTER FLEXIBLE STUD,PLOT ELASTIQUE FILTRE A AIR,K9PP114G55A.jpg
机械 Mécanique,發動機燃油系,K9PP114G55A,空氣濾清器 空氣軟管 空氣諧振箱,04,98 072 967 80,,02,發動機裝飾罩支架,ENGINE COVER BRACKET,SUPPORT CACHE MOTEUR ASS,K9PP114G55A.jpg
机械 Mécanique,發動機燃油系,K9PP114G55A,空氣濾清器 空氣軟管 空氣諧振箱,07,98 109 209 80,,01,進氣管,AIR INTAKE PIPE,COL D’ENTREE D’AIR,K9PP114G55A.jpg
机械 Mécanique,發動機燃油系,K9PP114G55A,空氣濾清器 空氣軟管 空氣諧振箱,08,98 109 208 80,,01,進氣口導水擾流器,AIR INLET NECK WATER DEFLECTOR,DEFLECTEUR EAU COL ENTREE AIR,K9PP114G55A.jpg
机械 Mécanique,發動機燃油系,K9PP114G55A,空氣濾清器 空氣軟管 空氣諧振箱,09,98 109 211 80,,01,空氣管,AIR HOSE,RACCORD D’AIR,K9PP114G55A.jpg
机械 Mécanique,發動機燃油系,K9PP114G55A,空氣濾清器 空氣軟管 空氣諧振箱,10,98 116 824 80,,01,曲軸箱通風管,CRANKCASE GAS BREATHER PIPE,TUYAU REASPIRATION GAZ CARTER,K9PP114G55A.jpg
机械 Mécanique,發動機燃油系,K9PP114G55A,空氣濾清器 空氣軟管 空氣諧振箱,11,98 017 846 80,RP 98 446 009 80,01/01,進氣諧振箱支架,INLET RESONATOR SUPPORT,SUPPORT RESONATEUR ADMISSION,K9PP114G55A.jpg
机械 Mécanique,發動機燃油系,K9PP114G55A,空氣濾清器 空氣軟管 空氣諧振箱,14,98 089 630 80,,01,進氣空氣濾清器支架,INTAKE AIR FILTER BRACKET,SUPPORT DE FILTRE AIR ADM,K9PP114G55A.jpg
机械 Mécanique,發動機燃油系,K9PP114G55A,空氣濾清器 空氣軟管 空氣諧振箱,15,98 037 704 80,,01,進氣彎管支架,AIR INTAKE PIPE BRACKET,SUPPORT DE COL D’ENTREE D’AIR,K9PP114G55A.jpg
机械 Mécanique,發動機燃油系,K9PP114G55A,空氣濾清器 空氣軟管 空氣諧振箱,70,98 026 884 80,,01,螺絲,BOLT,VIS,K9PP114G55A.jpg
机械 Mécanique,發動機燃油系,K9PP114G55A,空氣濾清器 空氣軟管 空氣諧振箱,71,6925 G5,,02,(MUL) 凸緣螺栓,(MUL) FLANGED BOLT,(MUL) VIS A EMBASE,K9PP114G55A.jpg
机械 Mécanique,發動機燃油系,K9PP114G55A,空氣濾清器 空氣軟管 空氣諧振箱,72,6922 C7,,02,(MUL)六角頭帶墊圈螺栓,(MUL) TH SCREW WITH WASHER,(MUL) VIS TH RDL,K9PP114G55A.jpg
机械 Mécanique,發動機燃油系,K9PP114G55A,空氣濾清器 空氣軟管 空氣諧振箱,73,0307 13,,02,(MUL) 凸緣螺栓,(MUL) FLANGED BOLT,(MUL) VIS A EMBASE,K9PP114G55A.jpg
机械 Mécanique,發動機燃油系,K9PP114N30A,噴油泵支架,01,98 179 030 80,,01,新柴油高壓泵,NEW DIESEL HIGH PRESSURE PUMP,POMPE HAUTE PRESSION DIESEL NE,K9PP114N30A.jpg
机械 Mécanique,發動機燃油系,K9PP114N30A,噴油泵支架,02,98 087 222 80,,01,噴油泵齒輪,INJECTION PUMP PINION,PIGNON DE POMPE D’INJECTION,K9PP114N30A.jpg
机械 Mécanique,發動機燃油系,K9PP114N30A,噴油泵支架,03,1932 17,,01,噴油泵齒輪螺母,INJECTION PUMP PINION NUT,ECROU DE PIGNON PPE INJECTION,K9PP114N30A.jpg
机械 Mécanique,發動機燃油系,K9PP114N30A,噴油泵支架,04,98 173 041 80,,01,噴油泵支架,INJECTION PUMP BRACKET,SUPPORT DE POMPE D’INJECTION,K9PP114N30A.jpg
机械 Mécanique,發動機燃油系,K9PP114N30A,噴油泵支架,05,98 239 532 80,,01,噴油泵支架,INJECTION PUMP BRACKET,SUPPORT DE POMPE D’INJECTION,K9PP114N30A.jpg
机械 Mécanique,發動機燃油系,K9PP114N30A,噴油泵支架,10,98 222 681 80,RP 98 310 966 80,01/01,噴油泵保護套,INJECTION PUMP PROTECTOR,PROTECTEUR POMPE INJECTION,K9PP114N30A.jpg
机械 Mécanique,發動機燃油系,K9PP114N30A,噴油泵支架,70,98 025 585 80,,03,螺絲,BOLT,VIS,K9PP114N30A.jpg
机械 Mécanique,發動機燃油系,K9PP114N30A,噴油泵支架,72,0250 57,,01,(MUL) 凸緣螺栓,(MUL) FLANGED BOLT,(MUL) VIS A EMBASE,K9PP114N30A.jpg
机械 Mécanique,發動機燃油系,K9PP114N30A,噴油泵支架,73,98 025 585 80,,03,螺絲,BOLT,VIS,K9PP114N30A.jpg
机械 Mécanique,發動機燃油系,K9PP114N30A,噴油泵支架,75,0250 57,,03,(MUL) 凸緣螺栓,(MUL) FLANGED BOLT,(MUL) VIS A EMBASE,K9PP114N30A.jpg
机械 Mécanique,發動機燃油系,K9PP114N30A,噴油泵支架,76,0355 71,,01,(MUL) 螺柱,(MUL) STUD,(MUL) GOUJON,K9PP114N30A.jpg
机械 Mécanique,發動機燃油系,K9PP114N30A,噴油泵支架,77,0307 13,,02,(MUL) 凸緣螺栓,(MUL) FLANGED BOLT,(MUL) VIS A EMBASE,K9PP114N30A.jpg
机械 Mécanique,發動機燃油系,K9PP114N64A,噴油器油管元件,01,98 213 996 80,,01,噴射器供應軌,INJECTORS SUPPLY RAIL,RAMPE ALIMENTATION INJECTEURS,K9PP114N64A.jpg
机械 Mécanique,發動機燃油系,K9PP114N64A,噴油器油管元件,02,98 117 373 80,,01,柴油噴射器供油管,DIESEL INJECTOR SUPPLY PIPE,TUBE ALIMENTATION INJEC GO,K9PP114N64A.jpg
机械 Mécanique,發動機燃油系,K9PP114N64A,噴油器油管元件,03,98 117 375 80,,01,柴油噴射器供油管,DIESEL INJECTOR SUPPLY PIPE,TUBE ALIMENTATION INJEC GO,K9PP114N64A.jpg
机械 Mécanique,發動機燃油系,K9PP114N64A,噴油器油管元件,04,98 117 376 80,,01,柴油噴射器供油管,DIESEL INJECTOR SUPPLY PIPE,TUBE ALIMENTATION INJEC GO,K9PP114N64A.jpg
机械 Mécanique,發動機燃油系,K9PP114N64A,噴油器油管元件,05,98 256 155 80,,01,柴油噴射器供油管,DIESEL INJECTOR SUPPLY PIPE,TUBE ALIMENTATION INJEC GO,K9PP114N64A.jpg
机械 Mécanique,發動機燃油系,K9PP114N64A,噴油器油管元件,06,98 162 963 80,,01,噴油泵出油管,INJECTION PUMP OUTLET PIPE,TUBULURE SORTIE PPE INJECTION,K9PP114N64A.jpg
机械 Mécanique,發動機燃油系,K9PP114N64A,噴油器油管元件,07,98 289 598 80,,04,新HDI完整噴射器固定架,NE HDI COMPLETE INJECT HOLDER,PORTE INJECTEUR COMPLET HDI NE,K9PP114N64A.jpg
机械 Mécanique,發動機燃油系,K9PP114N64A,噴油器油管元件,09,98 042 205 80,RP 65 016 472 80,04/01,發動機噴油嘴密封圈,ENGINE INJECTOR SEAL,JOINT D’INJECTEUR MOTEUR,K9PP114N64A.jpg
机械 Mécanique,發動機燃油系,K9PP114N64A,噴油器油管元件,11,98 117 607 80,,04,噴油嘴支架固定叉,FORK,FOURCHETTE FIX PORTE INJECTION,K9PP114N64A.jpg
机械 Mécanique,發動機燃油系,K9PP114N64A,噴油器油管元件,12,98 089 827 80,RP 16 926 472 80,04/01,噴射器支架法蘭螺栓,INJECTOR HOLDER CLAMP FIX BOLT,VIS FIX BRIDE PORTE-INJECTEUR,K9PP114N64A.jpg
机械 Mécanique,發動機燃油系,K9PP114N64A,噴油器油管元件,70,6925 99,,02,(MUL) 凸緣螺栓,(MUL) FLANGED BOLT,(MUL) VIS A EMBASE,K9PP114N64A.jpg
机械 Mécanique,發動機燃油系,K9PP115A25A,燃油箱 油量表,01,16 363 855 80,,01,燃油箱,FUEL TANK,RESERVOIR DE CARBURANT,K9PP115A25A.jpg
机械 Mécanique,發動機燃油系,K9PP115A25A,燃油箱 油量表,02,98 093 593 80,,01,帶油量計燃油泵,GAUGE WITH PUMP,JAUGE AVEC POMPE,K9PP115A25A.jpg
机械 Mécanique,發動機燃油系,K9PP115A25A,燃油箱 油量表,03,1531 30,,01,燃油泵頂圈,FUEL TANK RING,BAGUE DE RESERVOIR CARBURANT,K9PP115A25A.jpg
机械 Mécanique,發動機燃油系,K9PP115A25A,燃油箱 油量表,05,1531 41,,01,燃油箱密封墊,FUEL TANK SEAL,JOINT DE RESERVOIR CARBURANT,K9PP115A25A.jpg
机械 Mécanique,發動機燃油系,K9PP115A25A,燃油箱 油量表,06,98 265 340 80,,01,燃油箱隔熱板,FUEL TANK HEAT SHIELD,ECRAN THERMIQUE DE RESERVOIR,K9PP115A25A.jpg
机械 Mécanique,發動機燃油系,K9PP115A25A,燃油箱 油量表,10,98 420 507 80,,01,保護堵蓋,PROTECTIVE CAP,BOUCHON DE PROTECTION,K9PP115A25A.jpg
机械 Mécanique,發動機燃油系,K9PP115A25A,燃油箱 油量表,15,98 213 360 80,,01,顆粒過濾器新增劑罐,PEF ADDITIVE RESERVOIR,RESERVOIR ADDITIF FAP,K9PP115A25A.jpg
机械 Mécanique,發動機燃油系,K9PP115A25A,燃油箱 油量表,20,16 137 017 80,,01,油箱固定帶,FUEL TANK STRAP,SANGLE DE RESERVOIR CARBURANT,K9PP115A25A.jpg
机械 Mécanique,發動機燃油系,K9PP115A25A,燃油箱 油量表,21,16 137 018 80,,01,油箱固定帶,FUEL TANK STRAP,SANGLE DE RESERVOIR CARBURANT,K9PP115A25A.jpg
机械 Mécanique,發動機燃油系,K9PP115A25A,燃油箱 油量表,22,8337 11,,01,帶底座六角攻絲螺釘,THREADED FLANGE BOLT,VIS H EMBASE TARAUD,K9PP115A25A.jpg
机械 Mécanique,發動機燃油系,K9PP115A25A,燃油箱 油量表,24,98 100 294 80,,01,燃油管密封墊,FUEL PIPE GASKET,JOINT DE TUBULURE CARBURANT,K9PP115A25A.jpg
机械 Mécanique,發動機燃油系,K9PP115A25A,燃油箱 油量表,32,98 279 663 80,,01,燃油表線束,FUEL GAUGE HARNESS,FAISCEAU DE JAUGE CARBURANT,K9PP115A25A.jpg
机械 Mécanique,發動機燃油系,K9PP115A25A,燃油箱 油量表,40,6995 Y0,,01,(MUL) 紮帶,(MUL) TIE WRAP,(MUL) LANIERE,K9PP115A25A.jpg
机械 Mécanique,發動機燃油系,K9PP115A25A,燃油箱 油量表,71,1503 FE,,04,(MUL)凸緣螺母,(MUL) FLANGED NUT,(MUL) ECROU A EMBASE,K9PP115A25A.jpg
机械 Mécanique,發動機燃油系,K9PP115A25A,燃油箱 油量表,80,1539 16,,06,(MUL) 鉚釘,(MUL) RIVET,(MUL) RIVET,K9PP115A25A.jpg
机械 Mécanique,發動機燃油系,K9PP115A40A,燃油箱 油量表催化還原儲液罐,01,98 176 018 80,RP 16 826 197 80,01/01,尿素罐,UREA RESERVOIR,RESERVOIR UREE,K9PP115A40A.jpg
机械 Mécanique,發動機燃油系,K9PP115A40A,燃油箱 油量表催化還原儲液罐,02,98 157 059 80,,01,尿素加註管,UREA FILLER NECK,GOULOTTE DE REMPLISSAGE UREE,K9PP115A40A.jpg
机械 Mécanique,發動機燃油系,K9PP115A40A,燃油箱 油量表催化還原儲液罐,05,98 118 477 80,,01,尿素排放堵頭,UREA DRAIN CAP,BOUCHON VIDANGE UREE,K9PP115A40A.jpg
机械 Mécanique,發動機燃油系,K9PP115A40A,燃油箱 油量表催化還原儲液罐,06,98 185 317 80,,01,尿素罐線束,UREA RESERVOIR HARNESS,FAISCEAU RESERVOIR UREE,K9PP115A40A.jpg
机械 Mécanique,發動機燃油系,K9PP115A40A,燃油箱 油量表催化還原儲液罐,08,98 076 465 80,,01,尿素堵頭密封墊,UREA CAP SEAL,JOINT BOUCHON UREE,K9PP115A40A.jpg
机械 Mécanique,發動機燃油系,K9PP115A40A,燃油箱 油量表催化還原儲液罐,09,98 146 554 80,,01,燃油箱支架,FUEL TANK SUPPORT,SUPPORT DE RESERVOIR CARBURANT,K9PP115A40A.jpg
机械 Mécanique,發動機燃油系,K9PP115A40A,燃油箱 油量表催化還原儲液罐,10,98 263 021 80,,01,尿素管,UREA PIPE,TUYAU UREE,K9PP115A40A.jpg
机械 Mécanique,發動機燃油系,K9PP115A40A,燃油箱 油量表催化還原儲液罐,11,98 263 033 80,,01,尿素管,UREA PIPE,TUYAU UREE,K9PP115A40A.jpg
机械 Mécanique,發動機燃油系,K9PP115A40A,燃油箱 油量表催化還原儲液罐,12,98 209 090 80,,02,隔套,SPACER,ENTRETOISE,K9PP115A40A.jpg
机械 Mécanique,發動機燃油系,K9PP115A40A,燃油箱 油量表催化還原儲液罐,13,98 209 089 80,,02,隔套,SPACER,ENTRETOISE,K9PP115A40A.jpg
机械 Mécanique,發動機燃油系,K9PP115A40A,燃油箱 油量表催化還原儲液罐,14,98 154 683 80,,01,燃油箱支架,FUEL TANK SUPPORT,SUPPORT DE RESERVOIR CARBURANT,K9PP115A40A.jpg
机械 Mécanique,發動機燃油系,K9PP115A40A,燃油箱 油量表催化還原儲液罐,23,16 319 999 80,,01,尿素堵頭,UREA CAP,BOUCHON UREE,K9PP115A40A.jpg
机械 Mécanique,發動機燃油系,K9PP115A40A,燃油箱 油量表催化還原儲液罐,70,16 115 673 80,,02,(MUL)凸緣螺母,(MUL) FLANGED NUT,(MUL) ECROU A EMBASE,K9PP115A40A.jpg
机械 Mécanique,發動機燃油系,K9PP115A40A,燃油箱 油量表催化還原儲液罐,71,8337 11,,02,帶底座六角攻絲螺釘,THREADED FLANGE BOLT,VIS H EMBASE TARAUD,K9PP115A40A.jpg
机械 Mécanique,發動機燃油系,K9PP115A40A,燃油箱 油量表催化還原儲液罐,72,98 213 976 80,,06,支撐夾,SUPPORT CLIP,AGRAFE SUPPORT,K9PP115A40A.jpg
机械 Mécanique,發動機燃油系,K9PP115A40A,燃油箱 油量表催化還原儲液罐,73,1503 FE,,02,(MUL)凸緣螺母,(MUL) FLANGED NUT,(MUL) ECROU A EMBASE,K9PP115A40A.jpg
机械 Mécanique,發動機燃油系,K9PP115A40A,燃油箱 油量表催化還原儲液罐,74,96 143 232 80,,01,燃油管支撐卡夾,FUEL PIPE SUPPORT CLIP,AGRAFE SUPPORT TUYAU CARBURANT,K9PP115A40A.jpg
机械 Mécanique,發動機燃油系,K9PP115D01A,油箱蓋板 油箱加油口蓋,01,98 179 333 80,,01,加油口蓋板,FUEL FILLER FLAP,VOLET DE REMPLISSAGE CARBURANT,K9PP115D01A.jpg
机械 Mécanique,發動機燃油系,K9PP115D01A,油箱蓋板 油箱加油口蓋,03,98 197 488 80,,01,加油口蓋殼體,FUEL FILLER UNIT,BOITIER REMPLISSAGE CARBURANT,K9PP115D01A.jpg
机械 Mécanique,發動機燃油系,K9PP115D01A,油箱蓋板 油箱加油口蓋,09,98 167 419 80,,01,燃油加註口蓋,FUEL FILLER CAP,BOUCHON REMPLISSAGE CARBURANT,K9PP115D01A.jpg
机械 Mécanique,發動機燃油系,K9PP115D01A,油箱蓋板 油箱加油口蓋,16,98 277 527 80,,01,燃油標籤,FUEL LABEL,ETIQUETTE CARBURANT,K9PP115D01A.jpg
机械 Mécanique,發動機燃油系,K9PP115D01A,油箱蓋板 油箱加油口蓋,20,98 182 173 80,,01,車門開啟鎖止裝置,DOOR OPENING LOCKING DEVICE,BLOQUEUR OUVERTURE PORTE,K9PP115D01A.jpg
机械 Mécanique,發動機燃油系,K9PP115D01A,油箱蓋板 油箱加油口蓋,21,1518 C7,,01,鎖止裝置蓋,LOCKING UNIT COVER,COUVERCLE BOITIER BLOQUEUR,K9PP115D01A.jpg
机械 Mécanique,發動機燃油系,K9PP115D01A,油箱蓋板 油箱加油口蓋,70,96 618 898 80,,02,(MUL) 埋頭金屬用螺釘,(MUL) COUNTERSUNK MACHNE SCREW,(MUL) VIS A METAUX TETE FRAISE,K9PP115D01A.jpg
机械 Mécanique,發動機燃油系,K9PP115E55A,燃油管 燃油濾清器,01,98 199 591 80,,01,雙燃油管,DUAL FUEL LINE,TUYAU DE CARBURANT DOUBLE,K9PP115E55A.jpg
机械 Mécanique,發動機燃油系,K9PP115E55A,燃油管 燃油濾清器,02,98 243 855 80,RP 98 290 497 80,01/01,雙燃油管,DUAL FUEL LINE,TUYAU DE CARBURANT DOUBLE,K9PP115E55A.jpg
机械 Mécanique,發動機燃油系,K9PP115E55A,燃油管 燃油濾清器,04,98 247 231 80,,01,柴油噴射器回油管,DIESEL INJECTOR RETURN PIPE,TUYAU RETOUR INJECTEUR DIESEL,K9PP115E55A.jpg
机械 Mécanique,發動機燃油系,K9PP115E55A,燃油管 燃油濾清器,05,98 217 143 80,,01,燃油供油管,FUEL FEED PIPE,TUYAU D’ALIMENTATION CARBURANT,K9PP115E55A.jpg
机械 Mécanique,發動機燃油系,K9PP115E55A,燃油管 燃油濾清器,06,98 310 561 80,,01,泵過濾器回油管,PUMP FILTER RETURN PIPE,TUYAU RETOUR FILTRE POMPE,K9PP115E55A.jpg
机械 Mécanique,發動機燃油系,K9PP115E55A,燃油管 燃油濾清器,07,98 217 269 80,,01,柴油介面支架,SUPPORT,SUPPORT RACCORD GAZOLE,K9PP115E55A.jpg
机械 Mécanique,發動機燃油系,K9PP115E55A,燃油管 燃油濾清器,08,98 252 324 80,RP 98 415 786 80,01/01,柴油脈衝減震塊,DIESEL FUEL DAMPER,AMORTISSEUR PULSATION DIESEL,K9PP115E55A.jpg
机械 Mécanique,發動機燃油系,K9PP115E55A,燃油管 燃油濾清器,09,6992 G6,,01,(MUL)卡扣,(MUL) CLIP,(MUL) AGRAFE,K9PP115E55A.jpg
机械 Mécanique,發動機燃油系,K9PP115E55A,燃油管 燃油濾清器,10,1565 X4,RP 16 087 204 80,01/01,燃油管支架,FUEL PIPE BRACKET,SUPPORT DE TUYAU CARBURANT,K9PP115E55A.jpg
机械 Mécanique,發動機燃油系,K9PP115E55A,燃油管 燃油濾清器,20,96 749 535 80,,02,燃油管支撐卡夾,FUEL PIPE SUPPORT CLIP,AGRAFE SUPPORT TUYAU CARBURANT,K9PP115E55A.jpg
机械 Mécanique,發動機燃油系,K9PP115E55A,燃油管 燃油濾清器,21,96 786 339 80,,03,燃油管支撐卡夾,FUEL PIPE SUPPORT CLIP,AGRAFE SUPPORT TUYAU CARBURANT,K9PP115E55A.jpg
机械 Mécanique,發動機燃油系,K9PP115E55A,燃油管 燃油濾清器,70,16 103 321 80,,01,螺絲,BOLT,VIS,K9PP115E55A.jpg
机械 Mécanique,發動機燃油系,K9PP115E55A,燃油管 燃油濾清器,71,96 776 301 80,,01,固定支架,SUPPORT BRACKET,PATTE SUPPORT,K9PP115E55A.jpg
机械 Mécanique,發動機燃油系,K9PP115E55A,燃油管 燃油濾清器,72,6925 69,,01,(MUL) 凸緣螺栓,(MUL) FLANGED BOLT,(MUL) VIS A EMBASE,K9PP115E55A.jpg
机械 Mécanique,發動機燃油系,K9PP115E55A,燃油管 燃油濾清器,73,16 115 673 80,,01,(MUL)凸緣螺母,(MUL) FLANGED NUT,(MUL) ECROU A EMBASE,K9PP115E55A.jpg
机械 Mécanique,發動機燃油系,K9PP115E55A,燃油管 燃油濾清器,74,6939 45,,01,(MUL) 自鎖螺帽,(MUL) SELF-LOCKING NUT,(MUL) ECROU AUTOFREINE,K9PP115E55A.jpg
机械 Mécanique,發動機燃油系,K9PP115E55A,燃油管 燃油濾清器,75,0250 57,,01,(MUL) 凸緣螺栓,(MUL) FLANGED BOLT,(MUL) VIS A EMBASE,K9PP115E55A.jpg
机械 Mécanique,發動機燃油系,K9PP115E55A,燃油管 燃油濾清器,76,98 021 971 80,,01,(MUL) 凸緣螺栓,(MUL) FLANGED BOLT,(MUL) VIS A EMBASE,K9PP115E55A.jpg
机械 Mécanique,發動機燃油系,K9PP115E56A,燃油管 燃油濾清器,04,98 247 231 80,,01,柴油噴射器回油管,DIESEL INJECTOR RETURN PIPE,TUYAU RETOUR INJECTEUR DIESEL,K9PP115E56A.jpg
机械 Mécanique,發動機燃油系,K9PP115E56A,燃油管 燃油濾清器,05,98 217 143 80,,01,燃油供油管,FUEL FEED PIPE,TUYAU D’ALIMENTATION CARBURANT,K9PP115E56A.jpg
机械 Mécanique,發動機燃油系,K9PP115E56A,燃油管 燃油濾清器,06,98 310 561 80,,01,泵過濾器回油管,PUMP FILTER RETURN PIPE,TUYAU RETOUR FILTRE POMPE,K9PP115E56A.jpg
机械 Mécanique,發動機燃油系,K9PP115E56A,燃油管 燃油濾清器,07,98 217 269 80,,01,柴油介面支架,SUPPORT,SUPPORT RACCORD GAZOLE,K9PP115E56A.jpg
机械 Mécanique,發動機燃油系,K9PP115E56A,燃油管 燃油濾清器,08,98 252 324 80,RP 98 415 786 80,01/01,柴油脈衝減震塊,DIESEL FUEL DAMPER,AMORTISSEUR PULSATION DIESEL,K9PP115E56A.jpg
机械 Mécanique,發動機燃油系,K9PP115E56A,燃油管 燃油濾清器,10,16 087 204 80,,01,燃油管支架,FUEL PIPE BRACKET,SUPPORT DE TUYAU CARBURANT,K9PP115E56A.jpg
机械 Mécanique,發動機燃油系,K9PP115E56A,燃油管 燃油濾清器,73,16 115 673 80,,01,(MUL)凸緣螺母,(MUL) FLANGED NUT,(MUL) ECROU A EMBASE,K9PP115E56A.jpg
机械 Mécanique,發動機燃油系,K9PP115E56A,燃油管 燃油濾清器,75,0250 57,,01,(MUL) 凸緣螺栓,(MUL) FLANGED BOLT,(MUL) VIS A EMBASE,K9PP115E56A.jpg
机械 Mécanique,發動機燃油系,K9PP116A05A,加速踏板,01,96 748 298 80,,01,帶感測器的加速踏板,ACCEL PEDAL WITH INTEGR SENSOR,PEDALE ACCEL A CAPTEUR INTEGRE,K9PP116A05A.jpg
机械 Mécanique,發動機燃油系,K9PP116A05A,加速踏板,70,6936 62,,01,(MUL)凸緣螺母,(MUL) FLANGED NUT,(MUL) ECROU A EMBASE,K9PP116A05A.jpg
机械 Mécanique,發動機燃油系,K9PP119A70A,過濾器 柴油泵,01,98 161 828 80,,01,沉澱過濾器,STRAINER FILTER,FILTRE DECANTEUR,K9PP119A70A.jpg
机械 Mécanique,發動機燃油系,K9PP119A70A,過濾器 柴油泵,02,98 199 850 80,,01,燃油濾清器支架,FUEL FILTER SUPPORT,SUPPORT DE FILTRE CARBURANT,K9PP119A70A.jpg
机械 Mécanique,發動機燃油系,K9PP119A70A,過濾器 柴油泵,04,96 768 055 80,,01,氣－油過濾裝置水檢測器,WATER SENSOR IN GASOIL FILTER,DETECTEUR D’EAU FILTRE GAS-OIL,K9PP119A70A.jpg
机械 Mécanique,發動機燃油系,K9PP119A70A,過濾器 柴油泵,06,98 202 263 80,,01,沉澱器濾芯,FILTER CARTRIDGE,CARTOUCHE DE FILTRE DECANTEUR,K9PP119A70A.jpg
机械 Mécanique,發動機燃油系,K9PP119G55A,發動機控制單元，感測器,01,16 384 274 80,,01,發動機電控單元,ENGINE MANAGEMENT ECU,CALCULATEUR CONTROLE MOTEUR,K9PP119G55A.jpg
机械 Mécanique,發動機燃油系,K9PP119G55A,發動機控制單元，感測器,02,98 129 835 80,,01,水溫感測器,WATER TEMPERATURE SENSOR,CAPTEUR DE TEMPERATURE D’EAU,K9PP119G55A.jpg
机械 Mécanique,發動機燃油系,K9PP119G55A,發動機控制單元，感測器,03,98 086 747 80,,01,電子盒支架,ELECTRONIC BOX BRACKET,SUPPORT BOITIER ELECTRONIQUE,K9PP119G55A.jpg
机械 Mécanique,發動機燃油系,K9PP119G55A,發動機控制單元，感測器,04,98 130 220 80,,01,水溫感測器密封圈,COOLANT TEMP SENSOR SEAL,JOINT CAPTEUR TEMPERATURE EAU,K9PP119G55A.jpg
机械 Mécanique,發動機燃油系,K9PP119G55A,發動機控制單元，感測器,06,96 775 394 80,,01,轉速感測器,ENGINE SPEED SENSOR,CAPTEUR DE REGIME,K9PP119G55A.jpg
机械 Mécanique,發動機燃油系,K9PP119G55A,發動機控制單元，感測器,07,98 103 759 80,,01,凸輪軸位置感測器,CAMSHAFT POSITION SENSOR,CAPTEUR POSITION ARBRE A CAME,K9PP119G55A.jpg
机械 Mécanique,發動機燃油系,K9PP119G55A,發動機控制單元，感測器,08,98 134 987 80,,01,柴油高壓感測器,DIESEL HP SENSOR,CAPTEUR HAUTE PRESSION GAZOLE,K9PP119G55A.jpg
机械 Mécanique,發動機燃油系,K9PP119G55A,發動機控制單元，感測器,10,96 770 930 80,,01,流量計,FLOWMETER,DEBITMETRE,K9PP119G55A.jpg
机械 Mécanique,發動機燃油系,K9PP119G55A,發動機控制單元，感測器,11,98 421 179 80,,01,進氣溫度感測器,AIR INTAKE TEMPERATURE SENSOR,CAPTEUR TEMPERATURE AIR ADM,K9PP119G55A.jpg
机械 Mécanique,發動機燃油系,K9PP119G55A,發動機控制單元，感測器,16,0250 57,,01,(MUL) 凸緣螺栓,(MUL) FLANGED BOLT,(MUL) VIS A EMBASE,K9PP119G55A.jpg
机械 Mécanique,發動機燃油系,K9PP119G55A,發動機控制單元，感測器,70,96 784 550 80,,01,(MUL)六角頭帶墊圈螺栓,(MUL) TH SCREW WITH WASHER,(MUL) VIS TH RDL,K9PP119G55A.jpg
机械 Mécanique,發動機燃油系,K9PP119G55A,發動機控制單元，感測器,71,16 115 673 80,,02,(MUL)凸緣螺母,(MUL) FLANGED NUT,(MUL) ECROU A EMBASE,K9PP119G55A.jpg
机械 Mécanique,發動機燃油系,K9PP119G55A,發動機控制單元，感測器,72,6935 A6,,04,(MUL)凸緣螺母,(MUL) FLANGED NUT,(MUL) ECROU A EMBASE,K9PP119G55A.jpg
机械 Mécanique,發動機燃油系,K9PP119G55A,發動機控制單元，感測器,73,98 087 754 80,,01,支撐夾,SUPPORT CLIP,AGRAFE SUPPORT,K9PP119G55A.jpg
机械 Mécanique,發動機燃油系,K9PP119G55A,發動機控制單元，感測器,74,1618 H2,,01,(MUL)電氣線束卡扣,(MUL) ELECTRIC HARNESS CLIP,(MUL) AGRAFE FAISCEAU ELECTRIQ,K9PP119G55A.jpg
机械 Mécanique,發動機燃油系,K9PP119G55A,發動機控制單元，感測器,76,6924 H2,,01,(MUL)金屬用大圓頭螺釘,(MUL) OVAL HEAD CAPSCREW,(MUL) VIS METAUX T RONDE LARGE,K9PP119G55A.jpg
机械 Mécanique,發動機燃油系,K9PP119G99Z,發動機控制單元，感測器,70,6935 A6,,08,(MUL)凸緣螺母,(MUL) FLANGED NUT,(MUL) ECROU A EMBASE,K9PP119G99Z.jpg
机械 Mécanique,發動機燃油系,K9PP119G99Z,發動機控制單元，感測器,71,8401 TP,,01,帶彈性墊片六角頭螺栓,H RCN SCREW,VIS H RCN,K9PP119G99Z.jpg
机械 Mécanique,發動機總成,K9PP001A55A,發動機,01,16 228 050 80,,01,翻新柴油發動機,STD EX DIESEL ENGINE,MOTEUR ECHANGE STANDARD DIESEL,K9PP001A55A.jpg
机械 Mécanique,發動機總成,K9PP001B52A,發動機罩,01,98 089 632 80,,01,發動機上罩蓋,UPPER ENGINE COVER,CACHE MOTEUR SUPERIEUR,K9PP001B52A.jpg
机械 Mécanique,發動機總成,K9PP001B52A,發動機罩,02,98 089 631 80,,01,發動機防噪音隔板,ENGINE SOUNDPROOFING SCREEN,ECRAN ANTI-BRUIT MOTEUR,K9PP001B52A.jpg
机械 Mécanique,發動機總成,K9PP001B52A,發動機罩,03,1436 S7,,02,螺栓銷,BOLT PIN,AXE VIS,K9PP001B52A.jpg
机械 Mécanique,發動機總成,K9PP001B52A,發動機罩,04,98 276 707 80,,01,發動機防噪音隔板,ENGINE SOUNDPROOFING SCREEN,ECRAN ANTI-BRUIT MOTEUR,K9PP001B52A.jpg
机械 Mécanique,發動機總成,K9PP001B52A,發動機罩,05,98 151 048 80,,01,支架,SUPPORT,SUPPORT,K9PP001B52A.jpg
机械 Mécanique,發動機總成,K9PP001B52A,發動機罩,07,98 142 889 80,,01,支架,SUPPORT,SUPPORT,K9PP001B52A.jpg
机械 Mécanique,發動機總成,K9PP001B52A,發動機罩,08,98 142 888 80,,01,支架,SUPPORT,SUPPORT,K9PP001B52A.jpg
机械 Mécanique,發動機總成,K9PP001B52A,發動機罩,10,16 227 495 80,,02,(MUL) 鉚釘,(MUL) RIVET,(MUL) RIVET,K9PP001B52A.jpg
机械 Mécanique,發動機總成,K9PP001B52A,發動機罩,70,16 115 673 80,,02,(MUL)凸緣螺母,(MUL) FLANGED NUT,(MUL) ECROU A EMBASE,K9PP001B52A.jpg
机械 Mécanique,發動機總成,K9PP001B52A,發動機罩,71,79 03 233 018,,01,螺母,NUT,ECROU,K9PP001B52A.jpg
机械 Mécanique,發動機總成,K9PP001B52A,發動機罩,72,6925 G5,,01,(MUL) 凸緣螺栓,(MUL) FLANGED BOLT,(MUL) VIS A EMBASE,K9PP001B52A.jpg
机械 Mécanique,發動機總成,K9PP001B52A,發動機罩,73,0307 13,,02,(MUL) 凸緣螺栓,(MUL) FLANGED BOLT,(MUL) VIS A EMBASE,K9PP001B52A.jpg
机械 Mécanique,發動機總成,K9PP118A53B,發動機變速箱總成的固定,01,98 109 674 80,,01,發動機支架,ENGINE MOUNTING BRACKET,SUPPORT MOTEUR,K9PP118A53B.jpg
机械 Mécanique,發動機總成,K9PP118A53B,發動機變速箱總成的固定,02,98 202 975 80,,01,發動機支架,ENGINE MOUNTING BRACKET,SUPPORT MOTEUR,K9PP118A53B.jpg
机械 Mécanique,發動機總成,K9PP118A53B,發動機變速箱總成的固定,04,16 109 752 80,,01,發動機支架,ENGINE MOUNTING BRACKET,SUPPORT MOTEUR,K9PP118A53B.jpg
机械 Mécanique,發動機總成,K9PP118A53B,發動機變速箱總成的固定,06,98 117 866 80,,01,抗扭力連桿,ANTI-TORQUE LINK,BIELLETTE ANTICOUPLE,K9PP118A53B.jpg
机械 Mécanique,發動機總成,K9PP118A53B,發動機變速箱總成的固定,08,98 137 219 80,,01,發動機支架,ENGINE MOUNTING BRACKET,SUPPORT MOTEUR,K9PP118A53B.jpg
机械 Mécanique,發動機總成,K9PP118A53B,發動機變速箱總成的固定,10,96 737 684 80,,01,發動機彈性支架,ENGINE FLEXIBLE MOUNTING,SUPPORT ELASTIQUE DE MOTEUR,K9PP118A53B.jpg
机械 Mécanique,發動機總成,K9PP118A53B,發動機變速箱總成的固定,15,96 760 215 80,,02,(MUL) 自鎖螺帽,(MUL) SELF-LOCKING NUT,(MUL) ECROU AUTOFREINE,K9PP118A53B.jpg
机械 Mécanique,發動機總成,K9PP118A53B,發動機變速箱總成的固定,18,98 203 664 80,,01,發動機吊耳,ENGINE HOISTING HOOK,ATTACHE DE LEVAGE MOTEUR,K9PP118A53B.jpg
机械 Mécanique,發動機總成,K9PP118A53B,發動機變速箱總成的固定,21,1803 Q2,,01,(MUL)螺栓軸,(MUL) SHAFT SCREW,(MUL) VIS AXE,K9PP118A53B.jpg
机械 Mécanique,發動機總成,K9PP118A53B,發動機變速箱總成的固定,22,98 317 694 80,RP 98 531 112 80,02/01,(MUL)矮圓柱頭內六花帶墊圈螺栓,(MUL) CZX RDL SCREW,(MUL) VIS CZX RDL,K9PP118A53B.jpg
机械 Mécanique,發動機總成,K9PP118A53B,發動機變速箱總成的固定,70,6923 81,,04,(MUL)六角頭帶墊圈螺栓,(MUL) TH SCREW WITH WASHER,(MUL) VIS TH RDL,K9PP118A53B.jpg
机械 Mécanique,發動機總成,K9PP118A53B,發動機變速箱總成的固定,71,6936 E1,,02,(MUL)凸緣螺母,(MUL) FLANGED NUT,(MUL) ECROU A EMBASE,K9PP118A53B.jpg
机械 Mécanique,發動機總成,K9PP118A53B,發動機變速箱總成的固定,72,6925 P2,,02,(MUL) 凸緣螺栓,(MUL) FLANGED BOLT,(MUL) VIS A EMBASE,K9PP118A53B.jpg
机械 Mécanique,發動機總成,K9PP118A53B,發動機變速箱總成的固定,73,98 242 213 80,,10,(MUL)矮圓柱頭內六花帶墊圈螺栓,(MUL) CZX RDL SCREW,(MUL) VIS CZX RDL,K9PP118A53B.jpg
机械 Mécanique,發動機總成,K9PP118A53B,發動機變速箱總成的固定,74,6922 G7,,02,(MUL)六角頭帶墊圈螺栓,(MUL) TH SCREW WITH WASHER,(MUL) VIS TH RDL,K9PP118A53B.jpg
机械 Mécanique,發動機總成,K9PP118A53B,發動機變速箱總成的固定,76,6913 V6,,04,(MUL)矮圓柱頭內六花帶墊圈螺栓,(MUL) CZX RDL SCREW,(MUL) VIS CZX RDL,K9PP118A53B.jpg
机械 Mécanique,發動機缸體,K9PP001C55A,氣缸體 活塞,01,16 239 609 80,,01,新帶活塞缸體,NEW CYLINDER BLOCK + PISTONS,CARTER CYLINDRES NE + PISTONS,K9PP001C55A.jpg
机械 Mécanique,發動機缸體,K9PP001C55A,氣缸體 活塞,02,98 139 007 80,,10,(MUL) 六邊形金屬用螺栓,(MUL) HEXA HEAD MACHINE SCREW,(MUL) VIS METAUX TETE HEXAGONA,K9PP001C55A.jpg
机械 Mécanique,發動機缸體,K9PP001C55A,氣缸體 活塞,03,96 448 622 80,,14,(MUL) 凸緣螺栓,(MUL) FLANGED BOLT,(MUL) VIS A EMBASE,K9PP001C55A.jpg
机械 Mécanique,發動機缸體,K9PP001C55A,氣缸體 活塞,04,0165 27,,09,中心銷,CENTRING PIN,GOUPILLE DE CENTRAGE,K9PP001C55A.jpg
机械 Mécanique,發動機缸體,K9PP001C55A,氣缸體 活塞,05,0234 07,,02,缸體碗形堵蓋,WELL CAP ON CYLINDER BLOCK,BOUCHON CUVETTE SUR CARTER CYL,K9PP001C55A.jpg
机械 Mécanique,發動機缸體,K9PP001C55A,氣缸體 活塞,06,0243 06,,02,螺紋帽,THREADED PLUG,BOUCHON FILETE,K9PP001C55A.jpg
机械 Mécanique,發動機缸體,K9PP001C55A,氣缸體 活塞,07,96 198 628 80,,02,堵塞密封圈,CYLINDER HOUSING PLUG SEAL,JOINT DE BOUCHON DE CARTER CYL,K9PP001C55A.jpg
机械 Mécanique,發動機缸體,K9PP001C55A,氣缸體 活塞,08,0167 82,,02,缸體碗形堵蓋,WELL CAP ON CYLINDER BLOCK,BOUCHON CUVETTE SUR CARTER CYL,K9PP001C55A.jpg
机械 Mécanique,發動機缸體,K9PP001C55A,氣缸體 活塞,09,1803 P2,,01,(MUL) 螺柱,(MUL) STUD,(MUL) GOUJON,K9PP001C55A.jpg
机械 Mécanique,發動機缸體,K9PP001C55A,氣缸體 活塞,11,0341 P7,,02,(MUL) 螺柱,(MUL) STUD,(MUL) GOUJON,K9PP001C55A.jpg
机械 Mécanique,發動機缸體,K9PP001C55A,氣缸體 活塞,12,3211 07,,02,(MUL) 銷子,(MUL) PIN,(MUL) GOUPILLE,K9PP001C55A.jpg
机械 Mécanique,發動機缸體,K9PP001C55A,氣缸體 活塞,13,3211 07,,04,(MUL) 銷子,(MUL) PIN,(MUL) GOUPILLE,K9PP001C55A.jpg
机械 Mécanique,發動機缸體,K9PP001C55A,氣缸體 活塞,14,96 448 622 80,,02,(MUL) 凸緣螺栓,(MUL) FLANGED BOLT,(MUL) VIS A EMBASE,K9PP001C55A.jpg
机械 Mécanique,發動機缸體,K9PP001C55A,氣缸體 活塞,15,0165 27,,03,中心銷,CENTRING PIN,GOUPILLE DE CENTRAGE,K9PP001C55A.jpg
机械 Mécanique,發動機缸體,K9PP001C55A,氣缸體 活塞,19,0167 78,,01,(MUL)殼體堵塞,(MUL) CASING PLUG,(MUL) BOUCHON DE CARTER,K9PP001C55A.jpg
机械 Mécanique,發動機缸體,K9PP001C55A,氣缸體 活塞,20,98 156 378 80,,01,導水裝置,WATER DEFLECTOR,DEFLECTEUR EAU,K9PP001C55A.jpg
机械 Mécanique,發動機缸體,K9PP001C55A,氣缸體 活塞,21,98 156 380 80,,01,導水裝置,WATER DEFLECTOR,DEFLECTEUR EAU,K9PP001C55A.jpg
机械 Mécanique,發動機缸體,K9PP001C55A,氣缸體 活塞,70,6968 43,,02,中心銷,CENTRING PIN,GOUPILLE DE CENTRAGE,K9PP001C55A.jpg
机械 Mécanique,發動機缸體,K9PP001C55A,氣缸體 活塞,72,6968 A1,,02,(MUL) 銷子,(MUL) PIN,(MUL) GOUPILLE,K9PP001C55A.jpg
机械 Mécanique,發動機缸體,K9PP001C55A,氣缸體 活塞,73,6968 36,,02,(MUL) 銷子,(MUL) PIN,(MUL) GOUPILLE,K9PP001C55A.jpg
机械 Mécanique,管路,K9PP448A50A,"制動管路, 選裝ABS",01,98 113 783 80,,01,2個制動管總成,SET OF 2 BRAKE PIPES,ENS 2 TUYAUX FREINS,K9PP448A50A.jpg
机械 Mécanique,管路,K9PP448A50A,"制動管路, 選裝ABS",03,98 282 037 80,,01,後製動軟管,BRAKE HOSE REAR,FLEXIBLE DE FREIN ARRIERE,K9PP448A50A.jpg
机械 Mécanique,管路,K9PP448A50A,"制動管路, 選裝ABS",04,98 082 575 80,,01,制動主缸連線管路,BRAKE CYLINDER CONNECTING TUBE,TUBE LIAISON CYLINDRES FREIN,K9PP448A50A.jpg
机械 Mécanique,管路,K9PP448A50A,"制動管路, 選裝ABS",05,98 150 796 80,,01,後製動管路帶軟管,PIPE WITH REAR BRAKE UNIONS,TUBE AVEC RACCORDS DE FREIN AR,K9PP448A50A.jpg
机械 Mécanique,管路,K9PP448A50A,"制動管路, 選裝ABS",06,96 763 461 80,,01,前制動軟管,BRAKE HOSE FRONT,FLEXIBLE DE FREIN AVANT,K9PP448A50A.jpg
机械 Mécanique,管路,K9PP448A50A,"制動管路, 選裝ABS",70,6936 19,RP 4503 43,02/01,(MUL)凸緣螺母,(MUL) FLANGED NUT,(MUL) ECROU A EMBASE,K9PP448A50A.jpg
机械 Mécanique,管路,K9PP448A50A,"制動管路, 選裝ABS",73,98 021 863 80,,06,帶彈性墊片六角頭螺栓,H RCN SCREW,VIS H RCN,K9PP448A50A.jpg
机械 Mécanique,管路,K9PP448A75A,制動管路固定件,01,4815 25,,01,管固定卡,PIPE FASTENER CLIP,AGRAFE DE FIX TUYAU,K9PP448A75A.jpg
机械 Mécanique,管路,K9PP448A75A,制動管路固定件,02,16 113 855 80,,02,支撐夾,SUPPORT CLIP,AGRAFE SUPPORT,K9PP448A75A.jpg
机械 Mécanique,管路,K9PP448A75A,制動管路固定件,03,4814 Y6,,03,(MUL)卡扣,(MUL) CLIP,(MUL) AGRAFE,K9PP448A75A.jpg
机械 Mécanique,管路,K9PP448A75A,制動管路固定件,04,4815 35,,02,管固定卡,PIPE FASTENER CLIP,AGRAFE DE FIX TUYAU,K9PP448A75A.jpg
机械 Mécanique,管路,K9PP448A75A,制動管路固定件,05,96 744 603 80,,05,管固定卡,PIPE FASTENER CLIP,AGRAFE DE FIX TUYAU,K9PP448A75A.jpg
机械 Mécanique,管路,K9PP448A75A,制動管路固定件,06,96 745 187 80,,02,管固定卡,PIPE FASTENER CLIP,AGRAFE DE FIX TUYAU,K9PP448A75A.jpg
机械 Mécanique,管路,K9PP448A75A,制動管路固定件,07,4815 36,,02,管固定卡,PIPE FASTENER CLIP,AGRAFE DE FIX TUYAU,K9PP448A75A.jpg
机械 Mécanique,缸蓋,K9PP002A55A,氣缸蓋-罩,01,16 231 588 80,,01,新缸蓋,NEW CYLINDER HEAD,CULASSE NEUVE,K9PP002A55A.jpg
机械 Mécanique,缸蓋,K9PP002A55A,氣缸蓋-罩,02,98 276 227 80,,01,機油蒸汽分離器,OIL VAPOR REMOVER,DESHUILEUR DE VAPEUR D’HUILE,K9PP002A55A.jpg
机械 Mécanique,缸蓋,K9PP002A55A,氣缸蓋-罩,03,16 381 593 80,,01,油汽分離器密封件,OIL SEPARATOR SEAL,JOINT DE DESHUILEUR,K9PP002A55A.jpg
机械 Mécanique,缸蓋,K9PP002A55A,氣缸蓋-罩,04,1180 S5,,01,發動機油加註口蓋,ENGINE OIL FILLER PLUG,BOUCHON REMPLISSAGE HUILE MOT,K9PP002A55A.jpg
机械 Mécanique,缸蓋,K9PP002A55A,氣缸蓋-罩,05,98 244 936 80,,01,氣缸墊,CYLINDER HEAD GASKET,JOINT DE CULASSE,K9PP002A55A.jpg
机械 Mécanique,缸蓋,K9PP002A55A,氣缸蓋-罩,06,0205 57,,10,缸蓋螺栓,CYLINDER HEAD BOLT,VIS DE CULASSE,K9PP002A55A.jpg
机械 Mécanique,缸蓋,K9PP002A55A,氣缸蓋-罩,07,96 448 622 80,,10,(MUL) 凸緣螺栓,(MUL) FLANGED BOLT,(MUL) VIS A EMBASE,K9PP002A55A.jpg
机械 Mécanique,缸蓋,K9PP002A55A,氣缸蓋-罩,08,98 249 975 80,RP 98 445 793 80,01/01,單向閥,NON-RETURN VALVE,CLAPET ANTIRETOUR,K9PP002A55A.jpg
机械 Mécanique,缸蓋,K9PP002A55A,氣缸蓋-罩,09,0234 42,,02,缸蓋碗形堵蓋,WELL CAP ON CYLINDER HEAD,BOUCHON CUVETTE SUR CULASSE,K9PP002A55A.jpg
机械 Mécanique,缸蓋,K9PP002A55A,氣缸蓋-罩,10,0217 07,,03,汽缸蓋機油槽閥門止動球,CYL HEAD OIL PIPE CLOSING BALL,BILLE OBTUR CANAL HUIL CULASS,K9PP002A55A.jpg
机械 Mécanique,缸蓋,K9PP002A55A,氣缸蓋-罩,11,1011 16,,08,(MUL) 凸緣螺栓,(MUL) FLANGED BOLT,(MUL) VIS A EMBASE,K9PP002A55A.jpg
机械 Mécanique,缸蓋,K9PP002A55A,氣缸蓋-罩,12,98 173 808 80,RP 16 844 499 80,04/10,發動機噴油嘴密封圈,ENGINE INJECTOR SEAL,JOINT D’INJECTEUR MOTEUR,K9PP002A55A.jpg
机械 Mécanique,缸蓋,K9PP002A55A,氣缸蓋-罩,17,96 448 622 80,,20,(MUL) 凸緣螺栓,(MUL) FLANGED BOLT,(MUL) VIS A EMBASE,K9PP002A55A.jpg
机械 Mécanique,缸蓋,K9PP002A55A,氣缸蓋-罩,20,98 126 472 80,,01,凸輪軸軸承箱體總成,CAMSHAFT BEARING HOUSING ASSBY,CARTER PALIER ARBRE CAME ENS,K9PP002A55A.jpg
机械 Mécanique,缸蓋,K9PP002A55A,氣缸蓋-罩,27,3111 27,,01,(MUL)堵塞,(MUL) PLUG,(MUL) BOUCHON,K9PP002A55A.jpg
机械 Mécanique,缸蓋,K9PP002A55A,氣缸蓋-罩,71,6968 51,,02,(MUL) 銷子,(MUL) PIN,(MUL) GOUPILLE,K9PP002A55A.jpg
机械 Mécanique,缸蓋,K9PP002A55A,氣缸蓋-罩,72,6968 42,,02,(MUL) 銷子,(MUL) PIN,(MUL) GOUPILLE,K9PP002A55A.jpg
机械 Mécanique,缸蓋,K9PP002A55A,氣缸蓋-罩,75,6968 51,,02,(MUL) 銷子,(MUL) PIN,(MUL) GOUPILLE,K9PP002A55A.jpg
机械 Mécanique,缸蓋,K9PP009A55A,氣門 導管 搖臂機構,01,98 141 524 80,,08,進氣閥,INTAKE VALVE,SOUPAPE D’ADMISSION,K9PP009A55A.jpg
机械 Mécanique,缸蓋,K9PP009A55A,氣門 導管 搖臂機構,02,98 424 674 80,,08,排氣閥,EXHAUST VALVE,SOUPAPE D’ECHAPPEMENT,K9PP009A55A.jpg
机械 Mécanique,缸蓋,K9PP009A55A,氣門 導管 搖臂機構,03,98 100 557 80,RP 16 922 874 80,08/01,發動機氣門杆密封墊,ENGINE VALVE STEM SEAL,JOINT DE QUEUE DE SOUPAPE MOT,K9PP009A55A.jpg
机械 Mécanique,缸蓋,K9PP009A55A,氣門 導管 搖臂機構,04,0952 C4,RP 65 005 311 80,08/01,氣閥彈簧,VALVE SPRING,RESSORT DE SOUPAPE,K9PP009A55A.jpg
机械 Mécanique,缸蓋,K9PP009A55A,氣門 導管 搖臂機構,05,0951 52,,08,氣門彈簧座,VALVE SPRING WELL,CUVETTE DE RESSORT DE SOUPAPE,K9PP009A55A.jpg
机械 Mécanique,缸蓋,K9PP009A55A,氣門 導管 搖臂機構,06,0950 22,,16,氣閥鎖塊,VALVE HALF-CONE,DEMI-CONE DE SOUPAPE,K9PP009A55A.jpg
机械 Mécanique,缸蓋,K9PP009A55A,氣門 導管 搖臂機構,07,98 101 441 80,RP 16 922 870 80,16/01,氣門搖臂,VALVE CONTROL ROCKER,LINGUET CDE SOUPAPE,K9PP009A55A.jpg
机械 Mécanique,缸蓋,K9PP009A55A,氣門 導管 搖臂機構,08,98 199 175 80,,16,氣門間隙調節挺柱,VLV CLEARANCE ADJUST BALL JNT,ROTULE RATTRAPAGE JEU SOUPAPE,K9PP009A55A.jpg
机械 Mécanique,缸蓋,K9PP009A55A,氣門 導管 搖臂機構,13,98 100 557 80,RP 16 922 874 80,08/01,發動機氣門杆密封墊,ENGINE VALVE STEM SEAL,JOINT DE QUEUE DE SOUPAPE MOT,K9PP009A55A.jpg
机械 Mécanique,缸蓋,K9PP009A55A,氣門 導管 搖臂機構,14,0952 C4,RP 65 005 311 80,08/01,氣閥彈簧,VALVE SPRING,RESSORT DE SOUPAPE,K9PP009A55A.jpg
机械 Mécanique,缸蓋,K9PP009A55A,氣門 導管 搖臂機構,15,0951 52,,08,氣門彈簧座,VALVE SPRING WELL,CUVETTE DE RESSORT DE SOUPAPE,K9PP009A55A.jpg
机械 Mécanique,缸蓋,K9PP009A55A,氣門 導管 搖臂機構,16,0950 22,,16,氣閥鎖塊,VALVE HALF-CONE,DEMI-CONE DE SOUPAPE,K9PP009A55A.jpg
机械 Mécanique,變速箱,K9PP222B45E,自動變速箱,01,98 279 622 80,,01,新自動變速箱,NEW AUTOMATIC TRANSFER BOX,BOITE-PONT AUTOMATIQ NE,K9PP222B45E.jpg
机械 Mécanique,變速箱,K9PP222B45E,自動變速箱,02,16 350 560 80,,01,(MKT)潤滑油,(MKT) OIL,(MKT) HUILE,K9PP222B45E.jpg
机械 Mécanique,變速箱,K9PP222E35E,液力變矩器殼體,01,98 028 188 80,,01,變速箱殼螺柱,GEARBOX HOUSING STUD,GOUJON DE CARTER BV,K9PP222E35E.jpg
机械 Mécanique,變速箱,K9PP222E35E,液力變矩器殼體,03,98 065 340 80,,01,自動變速箱機油液麵溢流道,AGB OIL-LEVEL OUTFALL,DEVERSOIR NIVEAU D’HUILE BVA,K9PP222E35E.jpg
机械 Mécanique,變速箱,K9PP222E35E,液力變矩器殼體,04,98 246 072 80,,01,自動變速箱殼體螺塞,CASING PLUG AGB,BOUCHON DE CARTER BVA,K9PP222E35E.jpg
机械 Mécanique,變速箱,K9PP222E35E,液力變矩器殼體,05,98 246 071 80,,01,自動變速箱堵塞密封圈,AUTOMATIC GEARBOX PLUG SEAL,JOINT DE BOUCHON BVA,K9PP222E35E.jpg
机械 Mécanique,變速箱,K9PP222E35E,液力變矩器殼體,06,98 246 073 80,,01,自動變速箱堵塞密封圈,AUTOMATIC GEARBOX PLUG SEAL,JOINT DE BOUCHON BVA,K9PP222E35E.jpg
机械 Mécanique,變速箱,K9PP222E35E,液力變矩器殼體,07,2208 49,,01,自動變速箱CQC塞子,AGB PLUG,BOUCHON CQC DE BVA,K9PP222E35E.jpg
机械 Mécanique,變速箱,K9PP222E35E,液力變矩器殼體,08,98 246 074 80,,01,變速箱堵蓋密封墊,GEAR-BOX PLUG GASKET,JOINT DE BOUCHON DE BV,K9PP222E35E.jpg
机械 Mécanique,變速箱,K9PP222E35E,液力變矩器殼體,70,6936 E1,,01,(MUL)凸緣螺母,(MUL) FLANGED NUT,(MUL) ECROU A EMBASE,K9PP222E35E.jpg
机械 Mécanique,變速箱,K9PP222E35E,液力變矩器殼體,71,6925 V0,,10,(MUL) 凸緣螺栓,(MUL) FLANGED BOLT,(MUL) VIS A EMBASE,K9PP222E35E.jpg
机械 Mécanique,變速箱,K9PP222E57E,變速箱殼體和固定件,01,98 246 058 80,,01,自動變速箱機油分配器蓋,AGB OIL-DISTRIBUTOR COVER,COUVERCLE DISTRIBUT HUILE BVA,K9PP222E57E.jpg
机械 Mécanique,變速箱,K9PP222E57E,變速箱殼體和固定件,02,98 246 059 80,,10,凸緣六角頭螺栓,FLANGED TH SCREW,VIS TH EMBASE,K9PP222E57E.jpg
机械 Mécanique,變速箱,K9PP222E57E,變速箱殼體和固定件,03,98 246 060 80,,01,自動變速箱蓋板密封墊,AGB COVER SEAL,JOINT DE COUVERCLE DE BVA,K9PP222E57E.jpg
机械 Mécanique,變速箱,K9PP222E57E,變速箱殼體和固定件,04,98 277 476 80,,01,自動變速箱通風口,AUTOMATIC GEARBOX BREATHER,RENIFLARD DE BVA,K9PP222E57E.jpg
机械 Mécanique,變速箱,K9PP222E65F,變速箱殼體和固定件,01,98 246 143 80,,10,螺釘－堵塞,PLUG-SCREW,VIS-BOUCHON,K9PP222E65F.jpg
机械 Mécanique,變速箱,K9PP222E65F,變速箱殼體和固定件,02,98 246 073 80,,10,自動變速箱堵塞密封圈,AUTOMATIC GEARBOX PLUG SEAL,JOINT DE BOUCHON BVA,K9PP222E65F.jpg
机械 Mécanique,變速箱,K9PP222G35E,自動變速箱的機油散熱器-交換器,01,98 277 475 80,,01,自動變速箱油水熱交換器,AGBX OIL/COOLANT EXCHANGER,ECHANGEUR EAU HUILE DE BVA,K9PP222G35E.jpg
机械 Mécanique,變速箱,K9PP222G35E,自動變速箱的機油散熱器-交換器,02,98 065 339 80,,03,自動變速箱油水熱交換器螺栓,BVA OIL/COOLANT EXCHANGER BOLT,VIS ECHANGEUR EAU HUILE BVA,K9PP222G35E.jpg
机械 Mécanique,變速箱,K9PP222G35E,自動變速箱的機油散熱器-交換器,03,98 065 338 80,,02,自動變速箱油水熱交換器密封墊,AGBX COOLANT/OIL EXCHNGR SEAL,JOINT ECHANGEUR EAU HUILE BVA,K9PP222G35E.jpg
机械 Mécanique,變速箱,K9PP223F03E,機油泵,01,98 277 470 80,RP 98 261 136 80,01/01,自動變速箱刃口密封墊,AUTOM GEAR-BOX SEAL,JOINT A LEVRE DE BVA,K9PP223F03E.jpg
机械 Mécanique,變速箱,K9PP223F03E,機油泵,02,98 261 137 80,,01,變速箱機油泵襯墊,GEAR-BOX OIL PUMP GASKET,JOINT DE POMPE A HUILE DE BV,K9PP223F03E.jpg
机械 Mécanique,變速箱,K9PP223F03E,機油泵,03,16 290 587 80,,01,變速箱機油泵襯墊,GEAR-BOX OIL PUMP GASKET,JOINT DE POMPE A HUILE DE BV,K9PP223F03E.jpg
机械 Mécanique,變速箱,K9PP225C05E,BVA液壓單元,01,98 277 473 80,,01,自動變速箱液壓塊,AGBX HYDRAULIC UNIT,BLOC HYDRAULIQUE BVA,K9PP225C05E.jpg
机械 Mécanique,變速箱,K9PP225C05E,BVA液壓單元,02,2579 67,,10,變速箱殼凸緣螺栓,GEARBOX HOUSING FLANGED BOLT,VIS A EMBASE DE CARTER BV,K9PP225C05E.jpg
机械 Mécanique,變速箱,K9PP225C35E,液壓單元線束,01,98 277 474 80,,01,電氣線束聯結器,ELECTRICAL HARNESS CONNECTOR,CONNECTEUR DE FAISCEAU ELECT,K9PP225C35E.jpg
机械 Mécanique,變速箱,K9PP225C35E,液壓單元線束,02,98 065 336 80,,01,自動變速箱固定夾,RETAINING CLIP,CLIP DE MAINTIEN DE BVA,K9PP225C35E.jpg
机械 Mécanique,變速箱,K9PP225C35E,液壓單元線束,03,98 065 333 80,,01,自動變速箱O型密封圈,AUTOMATIC GEARBOX O-RING SEAL,JOINT TORIQUE BVA,K9PP225C35E.jpg
机械 Mécanique,變速箱,K9PP225C35E,液壓單元線束,04,98 261 142 80,,01,速度輸入感測器,SENSOR ENTRY,CAPTEUR ENTREE VITESSE,K9PP225C35E.jpg
机械 Mécanique,變速箱,K9PP225C35E,液壓單元線束,06,98 261 144 80,,01,自動變速箱TORX方頭螺釘,AUTOMATIC GEARBOX TC TRX SCREW,VIS TC TORX DE BVA,K9PP225C35E.jpg
机械 Mécanique,變速箱,K9PP225C35E,液壓單元線束,07,98 065 335 80,,01,模組線束密封圈,BLOCK HARNESS SEAL,JOINT ETANCHEITE FAISCEAU BLOC,K9PP225C35E.jpg
机械 Mécanique,變速箱,K9PP225C35E,液壓單元線束,08,98 261 138 80,,02,模組線束密封圈,BLOCK HARNESS SEAL,JOINT ETANCHEITE FAISCEAU BLOC,K9PP225C35E.jpg
机械 Mécanique,變速箱,K9PP225C35E,液壓單元線束,09,98 261 139 80,,01,模組線束密封圈,BLOCK HARNESS SEAL,JOINT ETANCHEITE FAISCEAU BLOC,K9PP225C35E.jpg
机械 Mécanique,變速箱,K9PP225C35E,液壓單元線束,10,98 246 067 80,,01,止動器,RETAINER,ARRETOIR,K9PP225C35E.jpg
机械 Mécanique,變速箱,K9PP225C35E,液壓單元線束,11,98 246 068 80,,01,凸緣六角頭螺栓,FLANGED TH SCREW,VIS TH EMBASE,K9PP225C35E.jpg
机械 Mécanique,變速箱,K9PP225C35E,液壓單元線束,12,98 246 145 80,RP 98 069 176 80,01/01,凸緣六角頭螺栓,FLANGED TH SCREW,VIS TH EMBASE,K9PP225C35E.jpg
机械 Mécanique,變速箱,K9PP225C35E,液壓單元線束,13,98 246 143 80,,01,螺釘－堵塞,PLUG-SCREW,VIS-BOUCHON,K9PP225C35E.jpg
机械 Mécanique,變速箱,K9PP225C35E,液壓單元線束,14,98 246 061 80,,01,自動變速箱液壓模組電磁閥,AGBX HYDRAULIC BLOCK SOLENOID,SOLENOIDE BLOC HYDRAULIQUE BVA,K9PP225C35E.jpg
机械 Mécanique,變速箱,K9PP225C35E,液壓單元線束,15,98 246 062 80,,01,自動變速箱六角頭螺栓,AUTOMATIC GEARBOX TH SCREW,VIS TH DE BVA,K9PP225C35E.jpg
机械 Mécanique,變速箱,K9PP225C35E,液壓單元線束,16,98 261 143 80,,01,速度輸出感測器,SENSOR 2 WAY OUTLET,CAPTEUR SORTIE VITESSE,K9PP225C35E.jpg
机械 Mécanique,變速箱,K9PP225C60E,電控盒,01,16 373 091 80,,01,自動變速箱電控單元,AUTOMATIC GEARBOX ECU,CALCULATEUR ELECTRONIQUE BVA,K9PP225C60E.jpg
机械 Mécanique,變速箱,K9PP225C60E,電控盒,02,6923 G6,,03,(MUL)六角頭帶墊圈螺栓,(MUL) TH SCREW WITH WASHER,(MUL) VIS TH RDL,K9PP225C60E.jpg
机械 Mécanique,變速箱,K9PP225C60E,電控盒,03,6555 JJ,,01,繼電器,RELAY,RELAIS,K9PP225C60E.jpg
机械 Mécanique,變速箱,K9PP225C60E,電控盒,04,2210 73,,01,MUL RLX螺栓,(MUL) RLX SCREW,(MUL) VIS RLX,K9PP225C60E.jpg
机械 Mécanique,變速箱,K9PP331A90E,前差速器,01,98 246 057 80,,01,自動變速箱刃口密封墊,AUTOM GEAR-BOX SEAL,JOINT A LEVRE DE BVA,K9PP331A90E.jpg
机械 Mécanique,變速箱,K9PP331A90E,前差速器,02,98 277 472 80,,01,自動變速箱刃口密封墊,AUTOM GEAR-BOX SEAL,JOINT A LEVRE DE BVA,K9PP331A90E.jpg
机械 Mécanique,變速箱控制裝置,K9PP224D05A,強制降檔拉線,01,2575 25,,01,自動變速箱矩形密封墊,AGB RECTANGULAR SEAL,JOINT A SECTION RECTANGLE BVA,K9PP224D05A.jpg
机械 Mécanique,變速箱控制裝置,K9PP224D56A,自動變速箱控制桿,01,98 093 147 ZD,,01,電子變速換擋控制器,ELECTRIC GEAR CONTROL,COMMANDE DE VITESSE ELECTRIQUE,K9PP224D56A.jpg
机械 Mécanique,變速箱控制裝置,K9PP224D56A,自動變速箱控制桿,05,98 108 215 ZD,,01,自動變速箱開關,AUTOMAT GEAR-BOX SWITCH,COMMUTATEUR BVA,K9PP224D56A.jpg
机械 Mécanique,踏板支架,K9PP445A55A,制動踏板 駕駛員擱腳板總成 觸點開關,01,98 241 399 80,,01,完整的踏板,TOE BOARD ASSY,PEDALIER COMPLET,K9PP445A55A.jpg
机械 Mécanique,踏板支架,K9PP445A55A,制動踏板 駕駛員擱腳板總成 觸點開關,03,98 241 381 80,,01,制動踏板,BRAKE PEDAL,PEDALE DE FREIN,K9PP445A55A.jpg
机械 Mécanique,踏板支架,K9PP445A55A,制動踏板 駕駛員擱腳板總成 觸點開關,05,96 755 039 80,RP 98 248 039 80,01/01,踏板墊,PEDAL COVER,COIFFE DE PEDALE,K9PP445A55A.jpg
机械 Mécanique,踏板支架,K9PP445A55A,制動踏板 駕駛員擱腳板總成 觸點開關,06,98 209 693 80,,01,踏板固定元件,PEDAL FIXING SET,JEU DE FIXATION PEDALE,K9PP445A55A.jpg
机械 Mécanique,踏板支架,K9PP445A55A,制動踏板 駕駛員擱腳板總成 觸點開關,11,98 135 031 80,,01,駐車開關,BRAKE LAMP SWITCH,CONTACTEUR DE STOP,K9PP445A55A.jpg
机械 Mécanique,踏板支架,K9PP445A55A,制動踏板 駕駛員擱腳板總成 觸點開關,12,98 027 235 80,,01,雙臂曲柄保護裝置,PROTECTOR,PROTECTEUR RENVOI PEDALIER,K9PP445A55A.jpg
机械 Mécanique,踏板支架,K9PP445A55A,制動踏板 駕駛員擱腳板總成 觸點開關,16,98 209 726 80,,01,制動助力器軸封,BRAKE SERVO SHAFT SEAL,JOINT D AXE AMPLIFICATEUR,K9PP445A55A.jpg
机械 Mécanique,踏板支架,K9PP445A55A,制動踏板 駕駛員擱腳板總成 觸點開關,70,4503 33,,09,(MUL)凸緣螺母,(MUL) FLANGED NUT,(MUL) ECROU A EMBASE,K9PP445A55A.jpg
机械 Mécanique,踏板支架,K9PP445A55A,制動踏板 駕駛員擱腳板總成 觸點開關,71,6936 62,,03,(MUL)凸緣螺母,(MUL) FLANGED NUT,(MUL) ECROU A EMBASE,K9PP445A55A.jpg
机械 Mécanique,車輪,K9PP554A10A,車輪,02,98 169 632 XS,,04,輕合金車輪,LIGHT ALLOY WHEEL,ROUE ALLIAGE LEGER,K9PP554A10A.jpg
机械 Mécanique,車輪,K9PP554A10A,車輪,15,98 170 245 80,,16,車輪螺栓,WHEEL MOUNTING SCREW,VIS DE FIXATION DE ROUE,K9PP554A10A.jpg
机械 Mécanique,車輪,K9PP554A10A,車輪,16,16 071 443 80,,01,防盜車輪拆卸扳手,WHEEL ANTI-THEFT REMOV KEY,CLE DEMONTE ANTIVOL ROUE,K9PP554A10A.jpg
机械 Mécanique,車輪,K9PP554A10A,車輪,17,16 074 052 XT,,20,車輪螺栓罩蓋,WHEEL NUT CAP,CABOCHON DE VIS DE ROUE,K9PP554A10A.jpg
机械 Mécanique,車輪,K9PP554A10A,車輪,20,5404 01,,05,車輪氣門嘴,COMPLETE WHEEL VALVE,VALVE COMPLETE DE ROUE,K9PP554A10A.jpg
机械 Mécanique,車輪,K9PP554A10A,車輪,21,5404 02,,05,車輪氣門嘴蓋,WHEEL VALVE CAP,BOUCHON VALVE DE ROUE,K9PP554A10A.jpg
机械 Mécanique,車輪,K9PP554A60A,車輪徽標蓋,04,5421 89,,04,車輪中心裝飾蓋,WHEEL BADGE CAP,CABOCHON DE ROUE,K9PP554A60A.jpg
机械 Mécanique,車輪,K9PP554A85A,備用車輪和千斤頂元件,01,98 268 784 ZY,,01,附件組備胎,SPARE WHEEL FOR ACC KIT,ROUE SECOURS POUR KIT ACC,K9PP554A85A.jpg
机械 Mécanique,車輪,K9PP554A85A,備用車輪和千斤頂元件,05,98 139 330 80,,01,附件組備胎架,SP WHL CARRIER FOR ACC KIT,BERCEAU R/S POUR KIT ACC,K9PP554A85A.jpg
机械 Mécanique,車輪,K9PP554A85A,備用車輪和千斤頂元件,10,16 770 967 80,,01,附件組備胎工具,SP WHL TOOLS FOR ACC KIT,OUTILLAGE R/S POUR KIT ACC,K9PP554A85A.jpg
机械 Mécanique,車輪,K9PP554B10A,車輪平衡塊,01,5435 K7,,01,車輪平衡塊,WHEEL BALANCING WEIGHT,MASSE EQUILIBRAGE DE ROUE,K9PP554B10A.jpg
机械 Mécanique,車輪,K9PP554B10A,車輪平衡塊,02,98 164 182 80,,01,車輪平衡塊,WHEEL BALANCING WEIGHT,MASSE EQUILIBRAGE DE ROUE,K9PP554B10A.jpg
机械 Mécanique,車輪,K9PP776A01A,備胎架,01,98 164 862 80,,01,備胎支架,SPARE WHEEL SUPPORT,APPUI ROUE DE SECOURS,K9PP776A01A.jpg
机械 Mécanique,車輪,K9PP776A01A,備胎架,02,98 206 568 80,,01,附件組備胎架,SP WHL CARRIER FOR ACC KIT,BERCEAU R/S POUR KIT ACC,K9PP776A01A.jpg
机械 Mécanique,車輪,K9PP776A01A,備胎架,03,96 879 344 80,,01,備胎托架固定螺栓,SPARE WHEEL SUPP FIXING BOLT,VIS FIX SUPPORT ROUE SECOURS,K9PP776A01A.jpg
机械 Mécanique,車輪,K9PP776A01A,備胎架,04,98 224 778 80,,01,備胎架固定鉤,SPARE WHEEL SUPPORT HOOK,CROCHET SUPPORT ROUE SECOURS,K9PP776A01A.jpg
机械 Mécanique,車輪,K9PP776A01A,備胎架,70,6939 97,,02,(MUL)帶墊圈螺母,(MUL) NUT WITH CAPTIVE WASHER,(MUL) ECROU AVEC RDL IMPDB,K9PP776A01A.jpg
机械 Mécanique,車輪,K9PP776A01A,備胎架,71,7615 54,,01,(MUL) 平墊圈,(MUL) FLAT WASHER,(MUL) RONDELLE PLATE,K9PP776A01A.jpg
机械 Mécanique,車輪,K9PP776A50A,千斤頂,02,98 185 164 80,,01,車輪扳手,WHEEL BRACE,CLE DE ROUE,K9PP776A50A.jpg
机械 Mécanique,車輪,K9PP776A50A,千斤頂,03,98 202 929 80,,01,千斤頂盒,LIFTING JACK BOX,BOITE A CRIC DE LEVAGE,K9PP776A50A.jpg
机械 Mécanique,車輪,K9PP776A50A,千斤頂,04,6718 09,,01,備胎墊塊,SPARE WHEEL SHIM,CALE ROUE SECOURS,K9PP776A50A.jpg
机械 Mécanique,車輪,K9PP776A50A,千斤頂,05,6717 59,,01,燈泡檢修口拆卸工具,BULB ACCESS REMOVAL TOOL,OUTIL DEMONTAGE ACCES LAMPE,K9PP776A50A.jpg
机械 Mécanique,車輪,K9PP776A50A,千斤頂,06,96 759 710 80,,01,牽引環,TOWING EYE,ANNEAU REMORQUAGE,K9PP776A50A.jpg
机械 Mécanique,車輪,K9PP776A50A,千斤頂,10,6717 45,,01,車輪裝飾罩拆卸工具,HUBCAP REMOVER,DEMONTE ENJOLIVEUR DE ROUE,K9PP776A50A.jpg
机械 Mécanique,車輪,K9PP876A60A,千斤頂,04,6718 09,,01,備胎墊塊,SPARE WHEEL SHIM,CALE ROUE SECOURS,K9PP876A60A.jpg
机械 Mécanique,輪胎,K9PP554D01A,輪胎,01,98 264 296 80,,04,夏季旅行輪胎,TOURING SUMMER TYRE,PNEU TOURISME ETE,K9PP554D01A.jpg
机械 Mécanique,轉向柱,K9PP441C05A,轉向柱及支架,01,98 204 605 ZD,,01,轉向柱,STEERING COLUMN,COLONNE DE DIRECTION,K9PP441C05A.jpg
机械 Mécanique,轉向柱,K9PP441C05A,轉向柱及支架,02,4105 62,,01,轉向萬向節螺栓,STEERING UNIVERSAL JOINT BOLT,VIS DE CARDAN DE DIRECTION,K9PP441C05A.jpg
机械 Mécanique,轉向柱,K9PP441C05A,轉向柱及支架,03,96 742 071 80,,01,轉向柱密封罩,STEERING COLUMN SEAL,JOINT DE COLONNE DE DIRECTION,K9PP441C05A.jpg
机械 Mécanique,轉向柱,K9PP441C05A,轉向柱及支架,70,98 021 863 80,,02,帶彈性墊片六角頭螺栓,H RCN SCREW,VIS H RCN,K9PP441C05A.jpg
机械 Mécanique,轉向柱,K9PP441C05A,轉向柱及支架,71,6939 C2,,01,(MUL) 自鎖螺帽,(MUL) SELF-LOCKING NUT,(MUL) ECROU AUTOFREINE,K9PP441C05A.jpg
机械 Mécanique,轉向柱,K9PP441C05A,轉向柱及支架,72,6936 80,,02,(MUL)帶墊圈螺母,(MUL) NUT WITH CAPTIVE WASHER,(MUL) ECROU AVEC RDL IMPDB,K9PP441C05A.jpg
机械 Mécanique,轉向齒條,K9PP440A05A,轉向機總成,01,16 547 307 80,,01,新電動轉向機構,NEW ELECT STEERING MECHANISM,MECANISME DIRECTION ELECT NEUF,K9PP440A05A.jpg
机械 Mécanique,轉向齒條,K9PP440A05A,轉向機總成,03,96 741 951 80,,01,隔熱板,HEAT SHIELD,ECRAN THERMIQUE,K9PP440A05A.jpg
机械 Mécanique,轉向齒條,K9PP440A05A,轉向機總成,05,3622 71,,02,(MUL) 自鎖螺帽,(MUL) SELF-LOCKING NUT,(MUL) ECROU AUTOFREINE,K9PP440A05A.jpg
机械 Mécanique,轉向齒條,K9PP440A05A,轉向機總成,70,4010 F7,,02,(MUL) 六角螺帽,(MUL) HEXAGONAL NUT,(MUL) ECROU HEXAGONAL,K9PP440A05A.jpg
机械 Mécanique,轉向齒條,K9PP440A05A,轉向機總成,72,16 115 673 80,,03,(MUL)凸緣螺母,(MUL) FLANGED NUT,(MUL) ECROU A EMBASE,K9PP440A05A.jpg
机械 Mécanique,轉向齒條,K9PP440D15A,轉向機部件,01,16 488 367 80,,02,轉向機連線杆元件,STEERING CONNECTION ROD KIT,KIT BIELLE CONNEXION DIRECTION,K9PP440D15A.jpg
机械 Mécanique,轉向齒條,K9PP440D15A,轉向機部件,03,16 108 175 80,,02,轉向機護套元件,STEERING GAITER KIT,KIT SOUFFLET DE DIRECTION,K9PP440D15A.jpg
机械 Mécanique,轉向齒條,K9PP440D15A,轉向機部件,05,16 425 476 80,RP 16 108 177 80,01/01,轉向拉桿球銷元件,STEERING ROD BALL JOINT KIT,KIT ROTULE DE BIELLE DIRECTION,K9PP440D15A.jpg
机械 Mécanique,轉向齒條,K9PP440D15A,轉向機部件,07,4010 F7,,02,(MUL) 六角螺帽,(MUL) HEXAGONAL NUT,(MUL) ECROU HEXAGONAL,K9PP440D15A.jpg
机械 Mécanique,防盜,K9PP441F01A,防盜點火鎖,02,98 158 820 80,RP 98 451 483 80,01/01,電子防盜鎖,ELECTRIC IMMOBILIZER,ANTIVOL ELECTRIQUE,K9PP441F01A.jpg
机械 Mécanique,防盜,K9PP441F01A,防盜點火鎖,11,16 317 335 80,,01,一套車門鎖,DOOR LOCK SET,JEU DE VERROUS DE PORTE,K9PP441F01A.jpg
机械 Mécanique,防盜,K9PP441F01A,防盜點火鎖,70,6907 59,,01,(MUL)高圓柱頭內六花凸緣螺栓,(MUL) FLANGED CX BOLT,(MUL) VIS CX EMBASE,K9PP441F01A.jpg
机械 Mécanique,離合器,K9PP220C45E,變矩器-離合器,01,98 277 468 80,,01,自動變速箱變矩器,AUTOMATIC GEARBOX CONVERTER,CONVERTISSEUR BVA,K9PP220C45E.jpg
机械 Mécanique,離合器,K9PP220C45E,變矩器-離合器,02,2008 26,,06,變矩器固定螺栓,CONVERTER FIXING BOLT,VIS FIXATION CONVERTISSEUR,K9PP220C45E.jpg
机械 Mécanique,駐車制動器,K9PP447A05A,手制動器,01,98 131 463 ZD,,01,第二制動控制器,SECONDARY BRAKE CONTROL,COMMANDE FREIN SECONDAIRE,K9PP447A05A.jpg
机械 Mécanique,駐車制動器,K9PP447A05A,手制動器,02,6988 52,,02,(MUL) 堵蓋,(MUL) CLOSER,(MUL) OBTURATEUR,K9PP447A05A.jpg
机械 Mécanique,駐車制動器,K9PP447A05A,手制動器,03,1579 X0,,02,堵塞,PLUG,OBTURATEUR,K9PP447A05A.jpg
机械 Mécanique,駐車制動器,K9PP447A05A,手制動器,60,98 136 779 80,,01,第二制動器使用標籤,SECONDARY BRAKE USAGE LABEL,VIGNETTE UTILISATION FREIN SEC,K9PP447A05A.jpg
车身 Carrosserie,B 柱,K9PP990J01A,中立柱,01,98 289 176 80,,01,中立柱裡板,CENTRE PILLAR INNER PANEL,DOUBLURE DE PIED CENTRAL,K9PP990J01A.jpg
车身 Carrosserie,B 柱,K9PP990J01A,中立柱,02,98 169 451 80,,01,中立柱加強板,CENTRE PILLAR STRENGTHENER,RENFORT DE PIED CENTRAL,K9PP990J01A.jpg
车身 Carrosserie,B 柱,K9PP990J01A,中立柱,03,98 274 890 80,,01,安全帶卷收器固定支架,INERTIA REEL FIXING SUPPORT,SUPPORT FIXATION ENROULEUR,K9PP990J01A.jpg
车身 Carrosserie,B 柱,K9PP990J01A,中立柱,70,98 021 863 80,,02,帶彈性墊片六角頭螺栓,H RCN SCREW,VIS H RCN,K9PP990J01A.jpg
车身 Carrosserie,側圍板,K9PP885A51A,側板 側門框 左側,01,16 285 600 80,,01,側圍板,PASSENGER COMPARTMENT SIDE,COTE HABITACLE,K9PP885A51A.jpg
车身 Carrosserie,側圍板,K9PP885A51A,側板 側門框 左側,03,98 164 045 80,,01,流水槽密封條支架,SEAL MTG,SUPPORT JOINT JET D’EAU,K9PP885A51A.jpg
车身 Carrosserie,側圍板,K9PP885A51A,側板 側門框 左側,04,98 164 062 80,,01,流水槽密封條支架,SEAL MTG,SUPPORT JOINT JET D’EAU,K9PP885A51A.jpg
车身 Carrosserie,側圍板,K9PP885A51A,側板 側門框 左側,05,98 276 743 80,,01,後翼子板,REAR WING,AILE ARRIERE,K9PP885A51A.jpg
车身 Carrosserie,側圍板,K9PP885A51A,側板 側門框 左側,07,98 276 759 80,,01,側圍板,PASSENGER COMPARTMENT SIDE,COTE HABITACLE,K9PP885A51A.jpg
车身 Carrosserie,側圍板,K9PP885A51A,側板 側門框 左側,09,981869631T,,01,後翼子板裝飾板,REAR WING MOULDING,ENJOLIVEUR D’AILE ARRIERE,K9PP885A51A.jpg
车身 Carrosserie,側圍板,K9PP885A51A,側板 側門框 左側,10,98 164 691 XT,,01,後翼子板裝飾板,REAR WING MOULDING,ENJOLIVEUR D’AILE ARRIERE,K9PP885A51A.jpg
车身 Carrosserie,側圍板,K9PP885A51A,側板 側門框 左側,11,98 179 104 80,,01,流水槽密封條,DRIP MOULDING SEAL,JOINT JET D EAU,K9PP885A51A.jpg
车身 Carrosserie,側圍板,K9PP885A51A,側板 側門框 左側,13,16 318 134 80,,01,後翼子板蓋板,REAR WING INNER FRAME,FERMETURE D’AILE ARRIERE,K9PP885A51A.jpg
车身 Carrosserie,側圍板,K9PP885A51A,側板 側門框 左側,14,98 362 192 80,,02,門框密封條,DOOR ENTRY SEAL,JOINT ENTREE DE PORTE,K9PP885A51A.jpg
车身 Carrosserie,側圍板,K9PP885A51A,側板 側門框 左側,16,98 174 946 80,,01,門框密封條,DOOR ENTRY SEAL,JOINT ENTREE DE PORTE,K9PP885A51A.jpg
车身 Carrosserie,側圍板,K9PP885A51A,側板 側門框 左側,30,98 173 983 80,RP 98 647 071 80,01/01,輪罩擋泥板,WHEEL HOUSING MUDGUARD,PARE-BOUE DE PASSAGE DE ROUE,K9PP885A51A.jpg
车身 Carrosserie,側圍板,K9PP885A51A,側板 側門框 左側,35,98 231 359 XT,,01,車門防擦條,DOOR PROTECTOR,PROTECTEUR DE PORTE,K9PP885A51A.jpg
车身 Carrosserie,側圍板,K9PP885A51A,側板 側門框 左側,70,98 010 249 80,,03,MUL RLX螺栓,(MUL) RLX SCREW,(MUL) VIS RLX,K9PP885A51A.jpg
车身 Carrosserie,側圍板,K9PP885A51A,側板 側門框 左側,71,7136 A5,,01,固定夾,FIXING CLIP,CLIP DE FIXATION,K9PP885A51A.jpg
车身 Carrosserie,側圍板,K9PP885A51A,側板 側門框 左側,72,8565 65,,03,(MUL) 帽蓋螺母,(MUL) BLIND NUT,(MUL) ECROU BORGNE,K9PP885A51A.jpg
车身 Carrosserie,側圍板,K9PP885A51A,側板 側門框 左側,73,96 753 802 80,,01,MUL RLX螺栓,(MUL) RLX SCREW,(MUL) VIS RLX,K9PP885A51A.jpg
车身 Carrosserie,側圍板,K9PP885A51A,側板 側門框 左側,74,98 010 249 80,,01,MUL RLX螺栓,(MUL) RLX SCREW,(MUL) VIS RLX,K9PP885A51A.jpg
车身 Carrosserie,側圍板,K9PP885A51A,側板 側門框 左側,80,16 865 811 80,,06,卡子,STAPLE,AGRAFE,K9PP885A51A.jpg
车身 Carrosserie,側圍板,K9PP885A51A,側板 側門框 左側,81,16 865 810 80,,05,卡子,STAPLE,AGRAFE,K9PP885A51A.jpg
车身 Carrosserie,側圍板,K9PP885A80A,側板 側門框 右側,01,16 435 775 80,RP 16 809 922 80,01/01,側圍板,PASSENGER COMPARTMENT SIDE,COTE HABITACLE,K9PP885A80A.jpg
车身 Carrosserie,側圍板,K9PP885A80A,側板 側門框 右側,02,98 164 044 80,,01,流水槽密封條支架,SEAL MTG,SUPPORT JOINT JET D’EAU,K9PP885A80A.jpg
车身 Carrosserie,側圍板,K9PP885A80A,側板 側門框 右側,03,98 164 062 80,,02,流水槽密封條支架,SEAL MTG,SUPPORT JOINT JET D’EAU,K9PP885A80A.jpg
车身 Carrosserie,側圍板,K9PP885A80A,側板 側門框 右側,04,98 276 798 80,,01,後翼子板,REAR WING,AILE ARRIERE,K9PP885A80A.jpg
车身 Carrosserie,側圍板,K9PP885A80A,側板 側門框 右側,05,98 276 799 80,,01,側圍板,PASSENGER COMPARTMENT SIDE,COTE HABITACLE,K9PP885A80A.jpg
车身 Carrosserie,側圍板,K9PP885A80A,側板 側門框 右側,06,98 179 046 80,,01,流水槽密封條,DRIP MOULDING SEAL,JOINT JET D EAU,K9PP885A80A.jpg
车身 Carrosserie,側圍板,K9PP885A80A,側板 側門框 右側,07,98 205 772 80,,01,後翼子板蓋板,REAR WING INNER FRAME,FERMETURE D’AILE ARRIERE,K9PP885A80A.jpg
车身 Carrosserie,側圍板,K9PP885A80A,側板 側門框 右側,08,981868781T,,01,後翼子板裝飾板,REAR WING MOULDING,ENJOLIVEUR D’AILE ARRIERE,K9PP885A80A.jpg
车身 Carrosserie,側圍板,K9PP885A80A,側板 側門框 右側,10,98 164 690 XT,,01,後翼子板裝飾板,REAR WING MOULDING,ENJOLIVEUR D’AILE ARRIERE,K9PP885A80A.jpg
车身 Carrosserie,側圍板,K9PP885A80A,側板 側門框 右側,30,98 173 982 80,,01,輪罩擋泥板,WHEEL HOUSING MUDGUARD,PARE-BOUE DE PASSAGE DE ROUE,K9PP885A80A.jpg
车身 Carrosserie,側圍板,K9PP885A80A,側板 側門框 右側,35,98 231 360 XT,,01,車門防擦條,DOOR PROTECTOR,PROTECTEUR DE PORTE,K9PP885A80A.jpg
车身 Carrosserie,側圍板,K9PP885A80A,側板 側門框 右側,70,98 010 249 80,,03,MUL RLX螺栓,(MUL) RLX SCREW,(MUL) VIS RLX,K9PP885A80A.jpg
车身 Carrosserie,側圍板,K9PP885A80A,側板 側門框 右側,71,7136 A5,,01,固定夾,FIXING CLIP,CLIP DE FIXATION,K9PP885A80A.jpg
车身 Carrosserie,側圍板,K9PP885A80A,側板 側門框 右側,72,8565 65,,03,(MUL) 帽蓋螺母,(MUL) BLIND NUT,(MUL) ECROU BORGNE,K9PP885A80A.jpg
车身 Carrosserie,側圍板,K9PP885A80A,側板 側門框 右側,73,96 753 802 80,,01,MUL RLX螺栓,(MUL) RLX SCREW,(MUL) VIS RLX,K9PP885A80A.jpg
车身 Carrosserie,側圍板,K9PP885A80A,側板 側門框 右側,74,98 010 249 80,,01,MUL RLX螺栓,(MUL) RLX SCREW,(MUL) VIS RLX,K9PP885A80A.jpg
车身 Carrosserie,側圍板,K9PP885A80A,側板 側門框 右側,80,16 865 811 80,,06,卡子,STAPLE,AGRAFE,K9PP885A80A.jpg
车身 Carrosserie,側圍板,K9PP885A80A,側板 側門框 右側,81,16 865 810 80,,05,卡子,STAPLE,AGRAFE,K9PP885A80A.jpg
车身 Carrosserie,側圍板,K9PP885D50A,側板 內框架 加強件 左側,01,16 316 736 80,,01,後圍裡板,REAR SIDE INNER PANEL,DOUBLURE DE COTE ARRIERE,K9PP885D50A.jpg
车身 Carrosserie,側圍板,K9PP885D50A,側板 內框架 加強件 左側,02,98 166 793 80,,01,後圍板裡板,REAR PANEL INNER PANEL,DOUBLURE DE PANNEAU ARRIERE,K9PP885D50A.jpg
车身 Carrosserie,側圍板,K9PP885D50A,側板 內框架 加強件 左側,03,98 187 011 80,,01,安全帶加強件,REINFORCEMENT SEAT BELTS,RENFORT CEINTURE DE SECURITE,K9PP885D50A.jpg
车身 Carrosserie,側圍板,K9PP885D50A,側板 內框架 加強件 左側,04,98 212 801 80,,01,網格固定支架,NET FIXING BRACKET,PATTE FIXATION FILET,K9PP885D50A.jpg
车身 Carrosserie,側圍板,K9PP885D50A,側板 內框架 加強件 左側,05,98 181 656 80,,01,側圍加強件,SIDE PANEL STIFFENER,RAIDISSEUR DE PANNEAU DE COTE,K9PP885D50A.jpg
车身 Carrosserie,側圍板,K9PP885D50A,側板 內框架 加強件 左側,07,96 640 515 80,RP 98 289 384 80,01/01,後翼子板導水槽,REAR WING DRIP MOULDING,GOUTTIERE D’AILE ARRIERE,K9PP885D50A.jpg
车身 Carrosserie,側圍板,K9PP885D50A,側板 內框架 加強件 左側,08,16 307 292 80,,01,安全帶加強件,REINFORCEMENT SEAT BELTS,RENFORT CEINTURE DE SECURITE,K9PP885D50A.jpg
车身 Carrosserie,側圍板,K9PP885D50A,側板 內框架 加強件 左側,09,98 235 069 80,,01,尾門立柱加強板,TAILGATE PILLAR STRENGTHENER,RENFORT PIED DE VOLET,K9PP885D50A.jpg
车身 Carrosserie,側圍板,K9PP885D50A,側板 內框架 加強件 左側,10,16 305 982 80,,01,尾門立柱,TAILGATE PILLAR,PIED DE VOLET ARRIERE,K9PP885D50A.jpg
车身 Carrosserie,側圍板,K9PP885D50A,側板 內框架 加強件 左側,11,16 322 698 80,,01,後翼子板導水槽,REAR WING DRIP MOULDING,GOUTTIERE D’AILE ARRIERE,K9PP885D50A.jpg
车身 Carrosserie,側圍板,K9PP885D50A,側板 內框架 加強件 左側,12,98 170 260 80,,01,側車門中央滑道防護裝置,SIDE DOOR CENTRAL RAIL HOUSING,BOITIER RAIL CENTRAL PORTE LAT,K9PP885D50A.jpg
车身 Carrosserie,側圍板,K9PP885D50A,側板 內框架 加強件 左側,13,98 186 523 80,,01,扶手固定加強件,HANDLE FIXING STRENGTHENER,RENFORT FIXATION DE POIGNEE,K9PP885D50A.jpg
车身 Carrosserie,側圍板,K9PP885D50A,側板 內框架 加強件 左側,14,98 205 120 80,,01,網格固定支架,NET FIXING BRACKET,PATTE FIXATION FILET,K9PP885D50A.jpg
车身 Carrosserie,側圍板,K9PP885D50A,側板 內框架 加強件 左側,15,98 183 541 80,,01,排氣口,AIR PULLER,EXTRACTEUR D’AIR,K9PP885D50A.jpg
车身 Carrosserie,側圍板,K9PP885D50A,側板 內框架 加強件 左側,16,98 180 344 80,,01,排氣口隔音墊,AIR EXTRACTOR SOUNDPROOFING,INSONO EXTRACTEUR AIR,K9PP885D50A.jpg
车身 Carrosserie,側圍板,K9PP885D50A,側板 內框架 加強件 左側,17,98 201 544 80,,01,排氣口隔音墊,AIR EXTRACTOR SOUNDPROOFING,INSONO EXTRACTEUR AIR,K9PP885D50A.jpg
车身 Carrosserie,側圍板,K9PP885D50A,側板 內框架 加強件 左側,18,98 322 463 80,,01,密封元件,SEAL ELEMENT,ELEMENT D’ETANCHEITE,K9PP885D50A.jpg
车身 Carrosserie,側圍板,K9PP885D50A,側板 內框架 加強件 左側,50,98 195 158 80,,01,膨脹片,EXPANDING INSERT,INSERT GONFLANT,K9PP885D50A.jpg
车身 Carrosserie,側圍板,K9PP885D50A,側板 內框架 加強件 左側,51,98 195 006 80,,01,膨脹片,EXPANDING INSERT,INSERT GONFLANT,K9PP885D50A.jpg
车身 Carrosserie,側圍板,K9PP885D50A,側板 內框架 加強件 左側,52,98 226 431 80,,01,膨脹片,EXPANDING INSERT,INSERT GONFLANT,K9PP885D50A.jpg
车身 Carrosserie,側圍板,K9PP885D50A,側板 內框架 加強件 左側,53,98 196 526 80,,01,膨脹片,EXPANDING INSERT,INSERT GONFLANT,K9PP885D50A.jpg
车身 Carrosserie,側圍板,K9PP885D50A,側板 內框架 加強件 左側,54,98 194 973 80,,01,膨脹片,EXPANDING INSERT,INSERT GONFLANT,K9PP885D50A.jpg
车身 Carrosserie,側圍板,K9PP885D50A,側板 內框架 加強件 左側,56,98 212 377 80,,01,膨脹片,EXPANDING INSERT,INSERT GONFLANT,K9PP885D50A.jpg
车身 Carrosserie,側圍板,K9PP885D50A,側板 內框架 加強件 左側,70,9044 46,,01,螺絲,BOLT,VIS,K9PP885D50A.jpg
车身 Carrosserie,側圍板,K9PP885D50A,側板 內框架 加強件 左側,71,98 030 834 80,,06,MUL RLX螺栓,(MUL) RLX SCREW,(MUL) VIS RLX,K9PP885D50A.jpg
车身 Carrosserie,側圍板,K9PP885D80A,側板 內框架 加強件 右側,01,16 316 630 80,,01,後圍裡板,REAR SIDE INNER PANEL,DOUBLURE DE COTE ARRIERE,K9PP885D80A.jpg
车身 Carrosserie,側圍板,K9PP885D80A,側板 內框架 加強件 右側,02,98 166 792 80,,01,後圍板裡板,REAR PANEL INNER PANEL,DOUBLURE DE PANNEAU ARRIERE,K9PP885D80A.jpg
车身 Carrosserie,側圍板,K9PP885D80A,側板 內框架 加強件 右側,03,98 187 010 80,,01,安全帶加強件,REINFORCEMENT SEAT BELTS,RENFORT CEINTURE DE SECURITE,K9PP885D80A.jpg
车身 Carrosserie,側圍板,K9PP885D80A,側板 內框架 加強件 右側,04,98 212 800 80,,01,網格固定支架,NET FIXING BRACKET,PATTE FIXATION FILET,K9PP885D80A.jpg
车身 Carrosserie,側圍板,K9PP885D80A,側板 內框架 加強件 右側,05,98 181 027 80,,01,側圍加強件,SIDE PANEL STIFFENER,RAIDISSEUR DE PANNEAU DE COTE,K9PP885D80A.jpg
车身 Carrosserie,側圍板,K9PP885D80A,側板 內框架 加強件 右側,07,96 640 514 80,RP 98 289 383 80,01/01,後翼子板導水槽,REAR WING DRIP MOULDING,GOUTTIERE D’AILE ARRIERE,K9PP885D80A.jpg
车身 Carrosserie,側圍板,K9PP885D80A,側板 內框架 加強件 右側,08,16 307 293 80,,01,安全帶加強件,REINFORCEMENT SEAT BELTS,RENFORT CEINTURE DE SECURITE,K9PP885D80A.jpg
车身 Carrosserie,側圍板,K9PP885D80A,側板 內框架 加強件 右側,09,98 235 068 80,,01,尾門立柱加強板,TAILGATE PILLAR STRENGTHENER,RENFORT PIED DE VOLET,K9PP885D80A.jpg
车身 Carrosserie,側圍板,K9PP885D80A,側板 內框架 加強件 右側,10,16 305 981 80,,01,尾門立柱,TAILGATE PILLAR,PIED DE VOLET ARRIERE,K9PP885D80A.jpg
车身 Carrosserie,側圍板,K9PP885D80A,側板 內框架 加強件 右側,11,16 322 697 80,,01,後翼子板導水槽,REAR WING DRIP MOULDING,GOUTTIERE D’AILE ARRIERE,K9PP885D80A.jpg
车身 Carrosserie,側圍板,K9PP885D80A,側板 內框架 加強件 右側,12,98 170 259 80,,01,側車門中央滑道防護裝置,SIDE DOOR CENTRAL RAIL HOUSING,BOITIER RAIL CENTRAL PORTE LAT,K9PP885D80A.jpg
车身 Carrosserie,側圍板,K9PP885D80A,側板 內框架 加強件 右側,13,98 186 522 80,,01,扶手固定加強件,HANDLE FIXING STRENGTHENER,RENFORT FIXATION DE POIGNEE,K9PP885D80A.jpg
车身 Carrosserie,側圍板,K9PP885D80A,側板 內框架 加強件 右側,14,98 205 119 80,,01,網格固定支架,NET FIXING BRACKET,PATTE FIXATION FILET,K9PP885D80A.jpg
车身 Carrosserie,側圍板,K9PP885D80A,側板 內框架 加強件 右側,15,98 183 539 80,,01,排氣口,AIR PULLER,EXTRACTEUR D’AIR,K9PP885D80A.jpg
车身 Carrosserie,側圍板,K9PP885D80A,側板 內框架 加強件 右側,16,98 180 344 80,,01,排氣口隔音墊,AIR EXTRACTOR SOUNDPROOFING,INSONO EXTRACTEUR AIR,K9PP885D80A.jpg
车身 Carrosserie,側圍板,K9PP885D80A,側板 內框架 加強件 右側,17,98 201 544 80,,01,排氣口隔音墊,AIR EXTRACTOR SOUNDPROOFING,INSONO EXTRACTEUR AIR,K9PP885D80A.jpg
车身 Carrosserie,側圍板,K9PP885D80A,側板 內框架 加強件 右側,18,98 322 462 80,,01,密封元件,SEAL ELEMENT,ELEMENT D’ETANCHEITE,K9PP885D80A.jpg
车身 Carrosserie,側圍板,K9PP885D80A,側板 內框架 加強件 右側,52,98 226 428 80,,01,膨脹片,EXPANDING INSERT,INSERT GONFLANT,K9PP885D80A.jpg
车身 Carrosserie,側圍板,K9PP885D80A,側板 內框架 加強件 右側,53,98 196 525 80,,01,膨脹片,EXPANDING INSERT,INSERT GONFLANT,K9PP885D80A.jpg
车身 Carrosserie,側圍板,K9PP885D80A,側板 內框架 加強件 右側,54,98 194 967 80,,01,膨脹片,EXPANDING INSERT,INSERT GONFLANT,K9PP885D80A.jpg
车身 Carrosserie,側圍板,K9PP885D80A,側板 內框架 加強件 右側,57,98 195 005 80,,01,膨脹片,EXPANDING INSERT,INSERT GONFLANT,K9PP885D80A.jpg
车身 Carrosserie,側圍板,K9PP885D80A,側板 內框架 加強件 右側,58,98 195 132 80,,01,膨脹片,EXPANDING INSERT,INSERT GONFLANT,K9PP885D80A.jpg
车身 Carrosserie,側圍板,K9PP885D80A,側板 內框架 加強件 右側,59,98 195 896 80,,01,膨脹片,EXPANDING INSERT,INSERT GONFLANT,K9PP885D80A.jpg
车身 Carrosserie,側圍板,K9PP885D80A,側板 內框架 加強件 右側,70,9044 46,,01,螺絲,BOLT,VIS,K9PP885D80A.jpg
车身 Carrosserie,側圍板,K9PP885D80A,側板 內框架 加強件 右側,71,98 030 834 80,,06,MUL RLX螺栓,(MUL) RLX SCREW,(MUL) VIS RLX,K9PP885D80A.jpg
车身 Carrosserie,前保險槓,K9PP774A01A,前保險槓,01,16 326 546 80,,01,前保險槓,FRONT BUMPER,PARE-CHOCS AVANT,K9PP774A01A.jpg
车身 Carrosserie,前保險槓,K9PP774A01A,前保險槓,02,16 326 547 80,,01,前保險槓格柵,FRONT BUMPER GRILLE,GRILLE PARE-CHOCS AV,K9PP774A01A.jpg
车身 Carrosserie,前保險槓,K9PP774A01A,前保險槓,03,16 326 548 80,,01,前保險槓,FRONT BUMPER,PARE-CHOCS AVANT,K9PP774A01A.jpg
车身 Carrosserie,前保險槓,K9PP774A01A,前保險槓,04,16 326 552 80,,01,前保險槓,FRONT BUMPER,PARE-CHOCS AVANT,K9PP774A01A.jpg
车身 Carrosserie,前保險槓,K9PP774A01A,前保險槓,05,16 326 553 80,,01,活門,RECESS DOOR,TRAPPE D’ACCES,K9PP774A01A.jpg
车身 Carrosserie,前保險槓,K9PP774A01A,前保險槓,06,16 326 554 80,,01,前保險槓格柵,FRONT BUMPER GRILLE,GRILLE PARE-CHOCS AV,K9PP774A01A.jpg
车身 Carrosserie,前保險槓,K9PP774A01A,前保險槓,07,98 169 925 80,,01,前保險槓裝飾條,FRONT BUMPER TRIM,ENJOLIVEUR DE PARE-CHOCS AVANT,K9PP774A01A.jpg
车身 Carrosserie,前保險槓,K9PP774A01A,前保險槓,08,98 168 818 80,,01,前保險槓格柵,FRONT BUMPER GRILLE,GRILLE PARE-CHOCS AV,K9PP774A01A.jpg
车身 Carrosserie,前保險槓,K9PP774A01A,前保險槓,09,16 326 555 80,,01,保險槓裝飾件元件,BUMPER TRIM ASSEMBLY,ENS ENJOLIVEUR PARE-CHOCS,K9PP774A01A.jpg
车身 Carrosserie,前保險槓,K9PP774A01A,前保險槓,11,16 326 557 80,,01,保險槓裝飾件元件,BUMPER TRIM ASSEMBLY,ENS ENJOLIVEUR PARE-CHOCS,K9PP774A01A.jpg
车身 Carrosserie,前保險槓,K9PP774A01A,前保險槓,12,98 167 680 80,,01,保險槓吸能器,BUMPER ABSORBER,ABSORBEUR DE PARE-CHOCS,K9PP774A01A.jpg
车身 Carrosserie,前保險槓,K9PP774A01A,前保險槓,13,16 326 558 80,,01,保險槓側面加強元件,SET BUMPER LAT REINFORCEMENT,LOT RENFORTS LATERAUX PARECHOC,K9PP774A01A.jpg
车身 Carrosserie,前保險槓,K9PP774A01A,前保險槓,15,98 168 810 80,,01,前保險槓裝飾條,FRONT BUMPER TRIM,ENJOLIVEUR DE PARE-CHOCS AVANT,K9PP774A01A.jpg
车身 Carrosserie,前保險槓,K9PP774A01A,前保險槓,16,98 301 005 80,RP 98 473 162 80,01/01,保險槓骨架,BUMPER FRAME,ARMATURE DE PARE-CHOCS,K9PP774A01A.jpg
车身 Carrosserie,前保險槓,K9PP774A01A,前保險槓,17,98 218 474 80,,01,前保險槓支架,FRONT BUMPER BRACKET,SUPPORT DE PARE-CHOCS AV,K9PP774A01A.jpg
车身 Carrosserie,前保險槓,K9PP774A01A,前保險槓,18,98 168 717 80,,01,保險槓通風道,BUMPER AIR DUCT,CONVOYEUR AIR PARE CHOCS,K9PP774A01A.jpg
车身 Carrosserie,前保險槓,K9PP774A01A,前保險槓,19,98 168 716 80,,01,保險槓中間通風道,BUMPER INTERMEDIATE AIR DUCT,CONVOYEUR AIR INTM PARE-CHOCS,K9PP774A01A.jpg
车身 Carrosserie,前保險槓,K9PP774A01A,前保險槓,23,98 216 737 80,RP 98 216 736 80,01/01,保險槓橫樑,BUMPER CROSSMEMBER,TRAVERSE DE PARE-CHOCS,K9PP774A01A.jpg
车身 Carrosserie,前保險槓,K9PP774A01A,前保險槓,25,98 168 095 80,,01,前保險槓擾流板,FRONT BUMPER DEFLECTOR,DEFLECTEUR DE PARE-CHOCS AV,K9PP774A01A.jpg
车身 Carrosserie,前保險槓,K9PP774A01A,前保險槓,28,16 331 222 80,,01,保險槓裝飾件元件,BUMPER TRIM ASSEMBLY,ENS ENJOLIVEUR PARE-CHOCS,K9PP774A01A.jpg
车身 Carrosserie,前保險槓,K9PP774A01A,前保險槓,36,98 217 114 80,,01,保險槓骨架,BUMPER FRAME,ARMATURE DE PARE-CHOCS,K9PP774A01A.jpg
车身 Carrosserie,前保險槓,K9PP774A01A,前保險槓,45,98 027 845 80,,01,牌照支架,LICENSE PLATE BRACKET,SUPPORT DE PLAQUE DE POLICE,K9PP774A01A.jpg
车身 Carrosserie,前保險槓,K9PP774A01A,前保險槓,50,16 326 593 80,,01,(MUL)緊韌體維修包,(MUL) FIXING SET,(MUL) LOT DE FIXATION,K9PP774A01A.jpg
车身 Carrosserie,前保險槓,K9PP774A01A,前保險槓,60,98 303 341 DX,,01,標識,BADGE,EMBLEME,K9PP774A01A.jpg
车身 Carrosserie,前保險槓,K9PP774A01A,前保險槓,70,98 098 400 80,,14,螺絲,BOLT,VIS,K9PP774A01A.jpg
车身 Carrosserie,前保險槓,K9PP774A01A,前保險槓,71,6943 86,,02,(MUL)簧片螺母,(MUL) SPIRE NUT,(MUL) ECROU TOLE,K9PP774A01A.jpg
车身 Carrosserie,前保險槓,K9PP774A01A,前保險槓,72,6230 06,,06,(MUL)六角頭帶墊圈螺栓,(MUL) TH SCREW WITH WASHER,(MUL) VIS TH RDL,K9PP774A01A.jpg
车身 Carrosserie,前保險槓,K9PP774A01A,前保險槓,73,98 010 249 80,,11,MUL RLX螺栓,(MUL) RLX SCREW,(MUL) VIS RLX,K9PP774A01A.jpg
车身 Carrosserie,前保險槓,K9PP774A01A,前保險槓,74,98 098 400 80,,06,螺絲,BOLT,VIS,K9PP774A01A.jpg
车身 Carrosserie,前保險槓,K9PP774A01A,前保險槓,75,98 072 182 80,,01,可移動的鉚釘,REMOVABLE RIVET,RIVET DEMONTABLE,K9PP774A01A.jpg
车身 Carrosserie,前保險槓,K9PP774A01A,前保險槓,76,6943 83,,04,(MUL)簧片螺母,(MUL) SPIRE NUT,(MUL) ECROU TOLE,K9PP774A01A.jpg
车身 Carrosserie,前保險槓,K9PP774A01A,前保險槓,77,8731 W6,,04,螺絲,BOLT,VIS,K9PP774A01A.jpg
车身 Carrosserie,前保險槓,K9PP774A01A,前保險槓,78,98 021 863 80,,08,帶彈性墊片六角頭螺栓,H RCN SCREW,VIS H RCN,K9PP774A01A.jpg
车身 Carrosserie,前保險槓,K9PP774A01A,前保險槓,89,6973 E0,,04,(MUL) 鉚釘,(MUL) RIVET,(MUL) RIVET,K9PP774A01A.jpg
车身 Carrosserie,前保險槓,K9PP774A01A,前保險槓,90,16 845 284 80,,01,(MKT)前大包圍固定件,(MKT) FRONT BUMPER FASTENINGS,(MKT) FIXATIQUE BOUCLIER AVANT,K9PP774A01A.jpg
车身 Carrosserie,前地板,K9PP772E01A,前地板橫樑,01,16 090 558 80,,01,前地板,FRONT FLOOR,PLANCHER AVANT,K9PP772E01A.jpg
车身 Carrosserie,前地板,K9PP772E01A,前地板橫樑,02,98 069 106 80,,01,前地板縱梁加強板,FR FLOOR CHASSIS LEG STRNGTHNR,RENFORT BRANCARD PLANCHER AV,K9PP772E01A.jpg
车身 Carrosserie,前地板,K9PP772E01A,前地板橫樑,03,98 167 241 80,,01,座椅固定橫樑,SEAT FIXING CROSSMEMBER,TRAVERSE FIXATION ASSISES,K9PP772E01A.jpg
车身 Carrosserie,前地板,K9PP772E01A,前地板橫樑,04,98 186 557 80,,01,座椅固定橫樑,SEAT FIXING CROSSMEMBER,TRAVERSE FIXATION ASSISES,K9PP772E01A.jpg
车身 Carrosserie,前地板,K9PP772E01A,前地板橫樑,05,98 165 344 80,,01,支柱連線板,STRENGTHENING STRUT CONNECTION,LIAISON JAMBE DE FORCE,K9PP772E01A.jpg
车身 Carrosserie,前地板,K9PP772E01A,前地板橫樑,08,98 613 389 80,,01,通道加強板,TUNNEL STRENGTHENER,RENFORT TUNNEL,K9PP772E01A.jpg
车身 Carrosserie,前地板,K9PP772E01A,前地板橫樑,70,96 745 506 80,,03,帶彈性墊片六角頭螺栓,H RCN SCREW,VIS H RCN,K9PP772E01A.jpg
车身 Carrosserie,前地板,K9PP772E01A,前地板橫樑,71,96 506 325 80,,01,焊接接地螺柱,EARTH STUD TO BE WELDED,GOUJON MASSE A SOUDER,K9PP772E01A.jpg
车身 Carrosserie,前立柱,K9PP771G01A,前門立柱和側板,01,16 310 647 80,,01,前立柱加強板,POST STIFFENER,RENFORT DE PIED D’ENTREE,K9PP771G01A.jpg
车身 Carrosserie,前立柱,K9PP771G01A,前門立柱和側板,02,98 276 759 80,,01,側圍板,PASSENGER COMPARTMENT SIDE,COTE HABITACLE,K9PP771G01A.jpg
车身 Carrosserie,前立柱,K9PP771G01A,前門立柱和側板,03,98 276 826 80,,01,側圍板,PASSENGER COMPARTMENT SIDE,COTE HABITACLE,K9PP771G01A.jpg
车身 Carrosserie,前立柱,K9PP771G01A,前門立柱和側板,50,98 195 365 80,,01,膨脹片,EXPANDING INSERT,INSERT GONFLANT,K9PP771G01A.jpg
车身 Carrosserie,前立柱,K9PP771G01A,前門立柱和側板,51,98 197 049 80,,01,膨脹片,EXPANDING INSERT,INSERT GONFLANT,K9PP771G01A.jpg
车身 Carrosserie,前立柱,K9PP771G01A,前門立柱和側板,52,98 195 414 80,,01,膨脹片,EXPANDING INSERT,INSERT GONFLANT,K9PP771G01A.jpg
车身 Carrosserie,前立柱,K9PP771G01A,前門立柱和側板,54,98 195 480 80,,01,膨脹片,EXPANDING INSERT,INSERT GONFLANT,K9PP771G01A.jpg
车身 Carrosserie,前立柱,K9PP771G01A,前門立柱和側板,55,98 195 499 80,,01,膨脹片,EXPANDING INSERT,INSERT GONFLANT,K9PP771G01A.jpg
车身 Carrosserie,前翼子板,K9PP771C01A,前翼子板,01,98 164 837 80,,01,前翼子板,FRONT WING,AILE AVANT,K9PP771C01A.jpg
车身 Carrosserie,前翼子板,K9PP771C01A,前翼子板,02,98 177 648 80,,01,前翼子板支架,FRONT WING SUPPORT,SUPPORT AILE AVANT,K9PP771C01A.jpg
车身 Carrosserie,前翼子板,K9PP771C01A,前翼子板,03,98 187 512 80,,02,前翼子板支架,FRONT WING SUPPORT,SUPPORT AILE AVANT,K9PP771C01A.jpg
车身 Carrosserie,前翼子板,K9PP771C01A,前翼子板,04,98 164 379 80,,01,側圍板前加強板,PASS COMP FR STRENGTHENER,RENFORT AVANT COTE HABITACLE,K9PP771C01A.jpg
车身 Carrosserie,前翼子板,K9PP771C01A,前翼子板,05,98 129 748 80,,01,前輪罩,FRONT WHEEL ARCH,PASSAGE DE ROUE AVANT,K9PP771C01A.jpg
车身 Carrosserie,前翼子板,K9PP771C01A,前翼子板,06,98 231 154 80,RP 98 505 315 80,01/01,輪罩蓋板,WHEEL ARCH CLOSER PANEL,TOLE FERMETURE PASSAGE DE ROUE,K9PP771C01A.jpg
车身 Carrosserie,前翼子板,K9PP771C01A,前翼子板,07,16 307 302 80,,01,前輪罩,FRONT WHEEL ARCH,PASSAGE DE ROUE AVANT,K9PP771C01A.jpg
车身 Carrosserie,前翼子板,K9PP771C01A,前翼子板,08,96 757 215 80,,02,底盤懸掛加強板,UNDERBODY SUSPENSION STRNGTHNR,RENFORT SUSPENSION SOUBASSEMEN,K9PP771C01A.jpg
车身 Carrosserie,前翼子板,K9PP771C01A,前翼子板,09,98 034 539 80,,01,單元保護件,UNIT PROTECTOR,PROTECTEUR BOITIER,K9PP771C01A.jpg
车身 Carrosserie,前翼子板,K9PP771C01A,前翼子板,10,16 307 304 80,,01,前翼子板裡板,FRONT WING INNER FRAME,DOUBLURE D’AILE AVANT,K9PP771C01A.jpg
车身 Carrosserie,前翼子板,K9PP771C01A,前翼子板,11,98 180 971 80,,01,發動機罩鉸鏈加強板,HOOD HINGE REINFORCEMENT,RENFORT DE CHARNIERE CAPOT,K9PP771C01A.jpg
车身 Carrosserie,前翼子板,K9PP771C01A,前翼子板,12,98 006 845 80,,01,前翼子板支架,FRONT WING SUPPORT,SUPPORT AILE AVANT,K9PP771C01A.jpg
车身 Carrosserie,前翼子板,K9PP771C01A,前翼子板,13,98 177 470 80,,01,前翼子板支架,FRONT WING SUPPORT,SUPPORT AILE AVANT,K9PP771C01A.jpg
车身 Carrosserie,前翼子板,K9PP771C01A,前翼子板,14,98 565 638 80,,01,加強件,BATTERY SUPPORT STRENGTHENER,RENFORT SUPPORT BATTERIE,K9PP771C01A.jpg
车身 Carrosserie,前翼子板,K9PP771C01A,前翼子板,15,98 252 160 80,,01,流水槽裝飾件,DRIP MOULDING,ENJOLIVEUR DE JET D’EAU,K9PP771C01A.jpg
车身 Carrosserie,前翼子板,K9PP771C01A,前翼子板,20,98 166 193 XT,,01,前翼子板裝飾條,FRONT WING MOULDING,ENJOLIVEUR D’AILE AVANT,K9PP771C01A.jpg
车身 Carrosserie,前翼子板,K9PP771C01A,前翼子板,40,98 173 987 80,RP 98 505 235 80,01/01,輪罩擋泥板,WHEEL HOUSING MUDGUARD,PARE-BOUE DE PASSAGE DE ROUE,K9PP771C01A.jpg
车身 Carrosserie,前翼子板,K9PP771C01A,前翼子板,41,98 223 331 80,,01,擋泥板支架,MUD-FLAP BRACKET,SUPPORT DE PARE-BOUE,K9PP771C01A.jpg
车身 Carrosserie,前翼子板,K9PP771C01A,前翼子板,50,98 218 686 80,,01,前翼子板後密封條,FRONT WING REAR SEAL,JOINT ARRIERE AILE AVANT,K9PP771C01A.jpg
车身 Carrosserie,前翼子板,K9PP771C01A,前翼子板,70,7221 49,,07,螺釘,BOLT,VIS,K9PP771C01A.jpg
车身 Carrosserie,前翼子板,K9PP771C01A,前翼子板,71,6925 L3,,03,MUL 帶固定平墊圈的大內六角花形半圓頭的螺釘,(MUL) CBLX RDL SCREW,(MUL) VIS CBLX RDL,K9PP771C01A.jpg
车身 Carrosserie,前翼子板,K9PP771C01A,前翼子板,72,16 113 851 80,,01,(MUL)框架螺母,(MUL) CAGE NUT,(MUL) ECROU EN CAGE,K9PP771C01A.jpg
车身 Carrosserie,前翼子板,K9PP771C01A,前翼子板,73,16 227 495 80,,02,(MUL) 鉚釘,(MUL) RIVET,(MUL) RIVET,K9PP771C01A.jpg
车身 Carrosserie,前翼子板,K9PP771C01A,前翼子板,74,92 528 222 80,,02,鎖緊螺母,CAGE NUT,ECROU CAGE,K9PP771C01A.jpg
车身 Carrosserie,前翼子板,K9PP771C01A,前翼子板,75,6973 27,,01,(MUL) 鉚釘,(MUL) RIVET,(MUL) RIVET,K9PP771C01A.jpg
车身 Carrosserie,前翼子板,K9PP771C01A,前翼子板,76,96 506 325 80,,01,焊接接地螺柱,EARTH STUD TO BE WELDED,GOUJON MASSE A SOUDER,K9PP771C01A.jpg
车身 Carrosserie,前翼子板,K9PP771C01A,前翼子板,78,16 227 503 80,,06,(MUL)卡扣,(MUL) CLIP,(MUL) AGRAFE,K9PP771C01A.jpg
车身 Carrosserie,前翼子板,K9PP771C01A,前翼子板,90,16 845 287 80,,01,MKT前翼子板固定件,(MKT) FRONT WING FIXINGS,(MKT) FIXATIQUES AILES AVANT,K9PP771C01A.jpg
车身 Carrosserie,前翼子板,K9PP886E01A,徽標-粘性貼紙,01,98 273 643 DX,,01,品牌標識,BRAND BADGE,EMBLEME MARQUE,K9PP886E01A.jpg
车身 Carrosserie,前翼子板,K9PP886E01A,徽標-粘性貼紙,02,98 304 406 DX,,01,標識,BADGE,MONOGRAMME,K9PP886E01A.jpg
车身 Carrosserie,前翼子板,K9PP886E01A,徽標-粘性貼紙,03,98 278 457 DX,,01,標識,BADGE,MONOGRAMME,K9PP886E01A.jpg
车身 Carrosserie,前翼子板,K9PP886E01A,徽標-粘性貼紙,10,98 221 715 80,,01,車門粘性裝飾件,DOOR ADHESIVE DECORATION,DECOR ADHESIF DE PORTE,K9PP886E01A.jpg
车身 Carrosserie,前車門控制裝置,K9PP991A01A,前門鎖機構,01,98 163 435 80,,01,前車門鎖,FRONT DOOR LOCK,SERRURE DE PORTE AVANT,K9PP991A01A.jpg
车身 Carrosserie,前車門控制裝置,K9PP991A01A,前門鎖機構,02,981608261T,,01,車門把手,DOOR HANDLE,POIGNEE DE PORTE,K9PP991A01A.jpg
车身 Carrosserie,前車門控制裝置,K9PP991A01A,前門鎖機構,03,98 228 617 80,,01,車門把手固定夾,DOOR HANDLE HOLDER,ETRIER DE FIX POIGNEE DE PORTE,K9PP991A01A.jpg
车身 Carrosserie,前車門控制裝置,K9PP991A01A,前門鎖機構,04,98 182 873 VV,,01,門開啟拉手,REAR DOOR OPENING CONTROL,CDE D’OUVERTURE DE PORTE,K9PP991A01A.jpg
车身 Carrosserie,前車門控制裝置,K9PP991A01A,前門鎖機構,05,9164 89,,02,鎖釦總成,STRIKER ASSEMBLY,GACHE ASSEMBLEE,K9PP991A01A.jpg
车身 Carrosserie,前車門控制裝置,K9PP991A01A,前門鎖機構,06,9101 PQ,,01,把手底座,HANDLE BASE,EMBASE DE POIGNEE,K9PP991A01A.jpg
车身 Carrosserie,前車門控制裝置,K9PP991A01A,前門鎖機構,25,16 317 285 80,,01,車門鎖芯,DOOR LOCK,VERROU DE PORTE,K9PP991A01A.jpg
车身 Carrosserie,前車門控制裝置,K9PP991A01A,前門鎖機構,35,16 095 316 80,,01,鑰匙片,KEY INSERT,INSERT CLE,K9PP991A01A.jpg
车身 Carrosserie,前車門控制裝置,K9PP991A01A,前門鎖機構,50,79 20 025 012,,02,堵塞,PLUG,OBTURATEUR,K9PP991A01A.jpg
车身 Carrosserie,前車門控制裝置,K9PP991A01A,前門鎖機構,70,96 776 821 80,,04,車門鎖固定螺栓,DOOR LOCK FIXING BOLT,VIS DE FIX DE SERRURE DE PORTE,K9PP991A01A.jpg
车身 Carrosserie,前車門控制裝置,K9PP991A01A,前門鎖機構,75,96 786 609 80,,04,螺絲,BOLT,VIS,K9PP991A01A.jpg
车身 Carrosserie,前車門車窗,K9PP992A01A,前門玻璃,01,98 164 784 80,,01,前車門玻璃,FRONT DOOR WINDOW,VITRE DE PORTE AVANT,K9PP992A01A.jpg
车身 Carrosserie,前車門車窗,K9PP992A01A,前門玻璃,05,98 303 358 80,RP 98 401 758 80,01/01,電動玻璃升降器,ELECTRIC CONTROL WINDOW LIFTER,LEVE-VITRE COMMANDE ELECTRIQUE,K9PP992A01A.jpg
车身 Carrosserie,前車門車窗,K9PP992A01A,前門玻璃,07,98 180 422 80,,01,側固定玻璃,FIXED SIDE WINDOW,VITRE LATERALE FIXE,K9PP992A01A.jpg
车身 Carrosserie,前車門車窗,K9PP992A01A,前門玻璃,08,98 180 235 80,,01,玻璃導槽,WINDOW CHANNEL,COULISSE DE VITRE,K9PP992A01A.jpg
车身 Carrosserie,前車門車窗,K9PP992A01A,前門玻璃,09,98 172 218 80,,01,車門玻璃滑動導軌,DOOR GROOVE GUIDE,GUIDE COULISSE DE PORTE,K9PP992A01A.jpg
车身 Carrosserie,前車門車窗,K9PP992A01A,前門玻璃,11,98 172 341 80,,01,車門窗臺內密封條,DOOR WNDW LWR INT WEATHERSTRIP,LECHEUR INT BAS VITRE PORTES,K9PP992A01A.jpg
车身 Carrosserie,前車門車窗,K9PP992A01A,前門玻璃,12,16 100 175 80,,01,車身密封粘接劑套件,SET OF BODY SEALING ADHESIVES,LOT ADHESIFS ETANCHEITE CAISSE,K9PP992A01A.jpg
车身 Carrosserie,前車門車窗,K9PP992A01A,前門玻璃,15,98 223 283 80,,01,泡沫材料,FOAM,MOUSSE,K9PP992A01A.jpg
车身 Carrosserie,前車門車窗,K9PP992A01A,前門玻璃,20,98 044 803 ZD,,01,開關板,CONTACTOR PLATE,PLATINE CONTACTEUR,K9PP992A01A.jpg
车身 Carrosserie,前車門車窗,K9PP992A01A,前門玻璃,22,96 788 264 ZD,,01,開關板,CONTACTOR PLATE,PLATINE CONTACTEUR,K9PP992A01A.jpg
车身 Carrosserie,前車門車窗,K9PP992A01A,前門玻璃,30,9365 FH,,01,密封件,SEALED COMPONENT,ELEMENT ETANCHE,K9PP992A01A.jpg
车身 Carrosserie,前車門車窗,K9PP992A01A,前門玻璃,70,98 098 400 80,,03,螺絲,BOLT,VIS,K9PP992A01A.jpg
车身 Carrosserie,前車門車窗,K9PP992A01A,前門玻璃,71,6924 74,,02,MUL RLX螺栓,(MUL) RLX SCREW,(MUL) VIS RLX,K9PP992A01A.jpg
车身 Carrosserie,前車門車窗,K9PP992A01A,前門玻璃,74,6970 35,,02,(MUL) 鉚釘,(MUL) RIVET,(MUL) RIVET,K9PP992A01A.jpg
车身 Carrosserie,前車門車窗,K9PP992A01A,前門玻璃,75,9227 60,,02,玻璃下部固定卡,WINDOW LOWER FIXING CLIP,CLIP FIXATION BAS DE VITRE,K9PP992A01A.jpg
车身 Carrosserie,前車門飾件,K9PP993J01A,前門內飾板,01,98 186 432 ZD,,01,前門內護板,FRONT DOOR TRIM PAD,PANNEAU DE GARNITURE PORTE AV,K9PP993J01A.jpg
车身 Carrosserie,前車門飾件,K9PP993J01A,前門內飾板,02,98 167 927 ZD,,01,車門角撐內飾板,DOOR GUSSET INTERIOR TRIM,ENJOLIVEUR INT GOUSSET PORTE,K9PP993J01A.jpg
车身 Carrosserie,前車門飾件,K9PP993J01A,前門內飾板,70,96 733 119 80,,02,插入式卡扣,INSERT CLIP,CLIP INSERT,K9PP993J01A.jpg
车身 Carrosserie,前車門飾件,K9PP993J01A,前門內飾板,71,96 753 802 80,,06,MUL RLX螺栓,(MUL) RLX SCREW,(MUL) VIS RLX,K9PP993J01A.jpg
车身 Carrosserie,前車門飾件,K9PP993J01A,前門內飾板,72,96 777 504 80,,04,MUL 大的內六角花形半圓頭螺釘,(MUL) CBLX SCREW,(MUL) VIS CBLX,K9PP993J01A.jpg
车身 Carrosserie,前車門飾件,K9PP993J01A,前門內飾板,73,8794 ZA,,04,插入式卡扣,INSERT CLIP,CLIP INSERT,K9PP993J01A.jpg
车身 Carrosserie,前車門飾件,K9PP993J01A,前門內飾板,74,9345 ZN,,18,(MUL)卡扣,(MUL) CLIP,(MUL) AGRAFE,K9PP993J01A.jpg
车身 Carrosserie,前車門飾件,K9PP993K50A,鉸接式前側車門裝飾件,01,98 213 796 FZ,,01,拉手裝飾罩,PULL HANDLE TRIM,ENJOLIVEUR POIGNEE TIRAGE,K9PP993K50A.jpg
车身 Carrosserie,前車門飾件,K9PP993K50A,鉸接式前側車門裝飾件,02,98 167 923 ZD,,01,開關裝飾板,SWITCH PAD TRIM,ENJOLIVEUR PLATINE CONTACTEUR,K9PP993K50A.jpg
车身 Carrosserie,前門,K9PP990A01A,前鉸接側門,01,98 204 232 80,RP 98 555 544 80,01/01/01,前車門,FRONT DOOR,PORTE AVANT,K9PP990A01A.jpg
车身 Carrosserie,前門,K9PP990A01A,前鉸接側門,02,98 178 305 80,,01,前車門外板,FRONT DOOR OUTER PANEL,PANNEAU EXTERIEUR DE PORTE AV,K9PP990A01A.jpg
车身 Carrosserie,前門,K9PP990A01A,前鉸接側門,03,16 064 752 80,,01,前車門鉸鏈,FRONT DOOR HINGE,CHARNIERE DE PORTE AVANT,K9PP990A01A.jpg
车身 Carrosserie,前門,K9PP990A01A,前鉸接側門,04,9035 AX,,01,車門鉸鏈,DOOR HINGE,CHARNIERE DE PORTE,K9PP990A01A.jpg
车身 Carrosserie,前門,K9PP990A01A,前鉸接側門,05,9044 63,,04,鉸鏈軸,HINGE PIN,AXE DE CHARNIERE,K9PP990A01A.jpg
车身 Carrosserie,前門,K9PP990A01A,前鉸接側門,06,9044 44,,04,固定夾,RETAINING CLIP,CLIP MAINTIEN,K9PP990A01A.jpg
车身 Carrosserie,前門,K9PP990A01A,前鉸接側門,07,98 190 153 80,,01,車門限位器,DOOR ARRESTER,TIRANT D’ARRET DE PORTE,K9PP990A01A.jpg
车身 Carrosserie,前門,K9PP990A01A,前鉸接側門,08,9044 64,,01,螺栓銷,BOLT PIN,AXE VIS,K9PP990A01A.jpg
车身 Carrosserie,前門,K9PP990A01A,前鉸接側門,09,9034 26,,02,車門墊塊,DOOR BUFFER,BUTEE DE PORTE,K9PP990A01A.jpg
车身 Carrosserie,前門,K9PP990A01A,前鉸接側門,10,98 176 832 80,,01,車門上後車門密封條,DOOR WEATHERSTRIP,JOINT DE PORTE AR SUR PORTE,K9PP990A01A.jpg
车身 Carrosserie,前門,K9PP990A01A,前鉸接側門,11,98 206 613 80,RP 98 553 393 80,01/01,車門上的門密封條,DOOR WEATHERSTRIP ON DOOR,JOINT DE PORTE AV SUR PORTE,K9PP990A01A.jpg
车身 Carrosserie,前門,K9PP990A01A,前鉸接側門,13,98 195 760 80,,01,車門密封板,SEALING PANEL,PANNEAU ETANCHEITE PORTE,K9PP990A01A.jpg
车身 Carrosserie,前門,K9PP990A01A,前鉸接側門,14,97 502 211 80,,12,粘性貼膜,ADHESIVE FILM,FILM ADHESIF,K9PP990A01A.jpg
车身 Carrosserie,前門,K9PP990A01A,前鉸接側門,15,98 326 625 80,,02,車門墊塊,DOOR BUFFER,BUTEE DE PORTE,K9PP990A01A.jpg
车身 Carrosserie,前門,K9PP990A01A,前鉸接側門,16,98 317 891 80,,01,粘性密封泡沫,ADHESIVE SEALING FOAM,MOUSSE ETANCHEITE ADHESIVE,K9PP990A01A.jpg
车身 Carrosserie,前門,K9PP990A01A,前鉸接側門,17,14 008 258 80,,01,密封件,SEAL ELEMENT,ELEMENT ETANCHEITE,K9PP990A01A.jpg
车身 Carrosserie,前門,K9PP990A01A,前鉸接側門,20,98 231 355 XT,,01,車門防擦條,DOOR PROTECTOR,PROTECTEUR DE PORTE,K9PP990A01A.jpg
车身 Carrosserie,前門,K9PP990A01A,前鉸接側門,70,16 084 995 80,,04,(MUL) 凸緣螺栓,(MUL) FLANGED BOLT,(MUL) VIS A EMBASE,K9PP990A01A.jpg
车身 Carrosserie,前門,K9PP990A01A,前鉸接側門,71,6924 F5,,02,MUL RLX螺栓,(MUL) RLX SCREW,(MUL) VIS RLX,K9PP990A01A.jpg
车身 Carrosserie,前門,K9PP990A01A,前鉸接側門,72,96 782 683 80,,02,帶彈性墊片六角頭螺栓,H RCN SCREW,VIS H RCN,K9PP990A01A.jpg
车身 Carrosserie,前門,K9PP990A01A,前鉸接側門,73,16 115 673 80,,02,(MUL)凸緣螺母,(MUL) FLANGED NUT,(MUL) ECROU A EMBASE,K9PP990A01A.jpg
车身 Carrosserie,前門,K9PP990A01A,前鉸接側門,74,16 100 175 80,,01,車身密封粘接劑套件,SET OF BODY SEALING ADHESIVES,LOT ADHESIFS ETANCHEITE CAISSE,K9PP990A01A.jpg
车身 Carrosserie,前門,K9PP990A01A,前鉸接側門,90,16 845 291 80,,01,MKT車門固定件,(MKT) DOOR FIXINGS,(MKT) FIXATIQUES PORTES,K9PP990A01A.jpg
车身 Carrosserie,副車架,K9PP335A10A,前托架,01,98 088 125 80,,01,前托架,FRONT SUBFRAME,BERCEAU AVANT,K9PP335A10A.jpg
车身 Carrosserie,副車架,K9PP335A10A,前托架,09,98 378 310 80,RP 98 531 115 80,02/01,(MUL)矮圓柱頭內六花帶墊圈螺栓,(MUL) CZX RDL SCREW,(MUL) VIS CZX RDL,K9PP335A10A.jpg
车身 Carrosserie,后角窗,K9PP885P01A,后角窗和電機,01,98 164 292 80,,01,後三角窗玻璃,REAR QUARTER GLASS,VITRE DE CUSTODE,K9PP885P01A.jpg
车身 Carrosserie,天窗/發動機罩,K9PP884A01A,天窗-天窗擋板-滑軌,01,98 178 075 BJ,,01,整個CIELO遮陽板,COMPLETE PANORAMIC ROOF BLIND,OCCULTEUR CIELO COMPLET,K9PP884A01A.jpg
车身 Carrosserie,天窗/發動機罩,K9PP884A01A,天窗-天窗擋板-滑軌,05,98 200 020 80,,01,遮陽板裝飾條,BLIND FINISHING STRIP,JONC DE FINITION OCCULTEUR,K9PP884A01A.jpg
车身 Carrosserie,天窗/發動機罩,K9PP884A01A,天窗-天窗擋板-滑軌,10,98 200 019 80,,01,減速電機,MOTOREDUCER,MOTOREDUCTEUR,K9PP884A01A.jpg
车身 Carrosserie,天窗/發動機罩,K9PP884A01A,天窗-天窗擋板-滑軌,20,98 177 334 ZD,,01,遮陽簾開關,BLIND SWITCH,INTERRUPTEUR RIDEAU OCCULTEUR,K9PP884A01A.jpg
车身 Carrosserie,天窗/發動機罩,K9PP884A01A,天窗-天窗擋板-滑軌,70,98 200 021 80,,03,(MUL)六角頭帶墊圈螺栓,(MUL) TH SCREW WITH WASHER,(MUL) VIS TH RDL,K9PP884A01A.jpg
车身 Carrosserie,尾門/車門,K9PP887A01A,尾門玻璃裝飾件,01,98 204 360 80,RP 98 595 493 80,01/01,尾門,TAILGATE,VOLET AR,K9PP887A01A.jpg
车身 Carrosserie,尾門/車門,K9PP887A01A,尾門玻璃裝飾件,02,98 223 401 80,,02,尾門鉸鏈,TAILGATE HINGE,CHARNIERE DE VOLET ARRIERE,K9PP887A01A.jpg
车身 Carrosserie,尾門/車門,K9PP887A01A,尾門玻璃裝飾件,03,8733 57,,02,球銷,BALL JOINT,ROTULE,K9PP887A01A.jpg
车身 Carrosserie,尾門/車門,K9PP887A01A,尾門玻璃裝飾件,04,8715 E2,,01,尾門鉸鏈飾框,TAILGATE HINGE TRIM,ENJOLIVEUR CHARNIERE VOLET AR,K9PP887A01A.jpg
车身 Carrosserie,尾門/車門,K9PP887A01A,尾門玻璃裝飾件,05,985608941T,,01,牌照裝飾件,NUMBER PLATE TRIM,ENJOLIVEUR DE PLAQUE DE POLICE,K9PP887A01A.jpg
车身 Carrosserie,尾門/車門,K9PP887A01A,尾門玻璃裝飾件,06,98 169 873 80,,01,尾門玻璃,TAILGATE WINDOW,VITRE DE VOLET ARRIERE,K9PP887A01A.jpg
车身 Carrosserie,尾門/車門,K9PP887A01A,尾門玻璃裝飾件,07,8744 EW,,01,車窗鉸鏈,WINDOW HINGE,CHARNIERE DE VITRE,K9PP887A01A.jpg
车身 Carrosserie,尾門/車門,K9PP887A01A,尾門玻璃裝飾件,08,98 190 278 80,,02,尾門平衡撐杆,TAILGATE STRUT,EQUILIBREUR DE VOLET ARRIERE,K9PP887A01A.jpg
车身 Carrosserie,尾門/車門,K9PP887A01A,尾門玻璃裝飾件,09,98 190 282 80,,02,尾門玻璃平衡撐杆,STRUT GLASS REAR TAILGATE,EQUILIBREUR VITRE VOLET AR,K9PP887A01A.jpg
车身 Carrosserie,尾門/車門,K9PP887A01A,尾門玻璃裝飾件,10,8707 H7,RP 16 781 832 80,01/01,尾門密封條,TAILGATE SEAL,JOINT DE VOLET ARRIERE,K9PP887A01A.jpg
车身 Carrosserie,尾門/車門,K9PP887A01A,尾門玻璃裝飾件,11,6988 52,,01,(MUL) 堵蓋,(MUL) CLOSER,(MUL) OBTURATEUR,K9PP887A01A.jpg
车身 Carrosserie,尾門/車門,K9PP887A01A,尾門玻璃裝飾件,13,98 177 595 80,,01,尾門開啟玻璃密封條,REAR OPENING SCREEN SEAL,JOINT VITRE OUVRANTE VOLET AR,K9PP887A01A.jpg
车身 Carrosserie,尾門/車門,K9PP887A01A,尾門玻璃裝飾件,18,8733 95,,01,行李箱擋塊,BOOT COUNTER-STOP,CONTRE BUTEE COFFRE,K9PP887A01A.jpg
车身 Carrosserie,尾門/車門,K9PP887A01A,尾門玻璃裝飾件,19,8733 98,,02,(MUL)擋塊,(MUL) STOP,(MUL) BUTEE,K9PP887A01A.jpg
车身 Carrosserie,尾門/車門,K9PP887A01A,尾門玻璃裝飾件,20,98 187 518 ZD,,01,尾門裝飾板,TAILGATE TRIM,GARNITURE DE VOLET ARRIERE,K9PP887A01A.jpg
车身 Carrosserie,尾門/車門,K9PP887A01A,尾門玻璃裝飾件,21,98 207 811 ZD,,01,尾門開啟手柄,TAILGATE PULL HANDLE,POIGNEE TIRAGE VOLET ARRIERE,K9PP887A01A.jpg
车身 Carrosserie,尾門/車門,K9PP887A01A,尾門玻璃裝飾件,22,8748 QZ,,01,雨刷器軸軸承罩,WIPER SHAFT BEARING COVER,CACHE PALIER AXE ESSUIE-VITRE,K9PP887A01A.jpg
车身 Carrosserie,尾門/車門,K9PP887A01A,尾門玻璃裝飾件,29,8733 AE,,02,開啟玻璃擋塊,OPENING WINDOW STOP,BUTEE DE VITRE OUVRANTE,K9PP887A01A.jpg
车身 Carrosserie,尾門/車門,K9PP887A01A,尾門玻璃裝飾件,30,98 284 785 80,,02,後擋板擋塊,TAILGATE BUFFER,BUTEE DE HAYON,K9PP887A01A.jpg
车身 Carrosserie,尾門/車門,K9PP887A01A,尾門玻璃裝飾件,31,98 103 629 80,RP 16 231 237 80,02/01,行李箱擋塊,BOOT COUNTER-STOP,CONTRE BUTEE COFFRE,K9PP887A01A.jpg
车身 Carrosserie,尾門/車門,K9PP887A01A,尾門玻璃裝飾件,45,98 142 145 80,,01,牌照支架,LICENSE PLATE BRACKET,SUPPORT DE PLAQUE DE POLICE,K9PP887A01A.jpg
车身 Carrosserie,尾門/車門,K9PP887A01A,尾門玻璃裝飾件,46,7908 H2,,02,機罩密封條,ENGINE BONNET SEAL,JOINT DE CAPOT MOTEUR,K9PP887A01A.jpg
车身 Carrosserie,尾門/車門,K9PP887A01A,尾門玻璃裝飾件,47,98 114 453 XT,,02,開關開啟棘爪,OPENING SWITCH PLATE,PALETTE CONTACTEUR OUVERTURE,K9PP887A01A.jpg
车身 Carrosserie,尾門/車門,K9PP887A01A,尾門玻璃裝飾件,70,16 100 175 80,,01,車身密封粘接劑套件,SET OF BODY SEALING ADHESIVES,LOT ADHESIFS ETANCHEITE CAISSE,K9PP887A01A.jpg
车身 Carrosserie,尾門/車門,K9PP887A01A,尾門玻璃裝飾件,71,8701 CM,,02,(MUL) 螺帽,(MUL) NUT,(MUL) ECROU,K9PP887A01A.jpg
车身 Carrosserie,尾門/車門,K9PP887A01A,尾門玻璃裝飾件,72,9044 46,,02,螺絲,BOLT,VIS,K9PP887A01A.jpg
车身 Carrosserie,尾門/車門,K9PP887A01A,尾門玻璃裝飾件,73,8715 E9,,01,後風擋鉸鏈墊圈,REAR WINDOW HINGE WASHER,RONDELLE DE CHARNIERE VITRE AR,K9PP887A01A.jpg
车身 Carrosserie,尾門/車門,K9PP887A01A,尾門玻璃裝飾件,74,6936 91,RP 16 115 673 80,06/01,(MUL)凸緣螺母,(MUL) FLANGED NUT,(MUL) ECROU A EMBASE,K9PP887A01A.jpg
车身 Carrosserie,尾門/車門,K9PP887A01A,尾門玻璃裝飾件,75,7518 TB,,01,粘性貼膜,ADHESIVE FILM,FILM ADHESIF,K9PP887A01A.jpg
车身 Carrosserie,尾門/車門,K9PP887A01A,尾門玻璃裝飾件,76,16 113 852 80,,01,MUL RLX螺栓,(MUL) RLX SCREW,(MUL) VIS RLX,K9PP887A01A.jpg
车身 Carrosserie,尾門/車門,K9PP887A01A,尾門玻璃裝飾件,79,7221 49,,02,螺釘,BOLT,VIS,K9PP887A01A.jpg
车身 Carrosserie,尾門/車門,K9PP887A01A,尾門玻璃裝飾件,80,16 115 673 80,,01,(MUL)凸緣螺母,(MUL) FLANGED NUT,(MUL) ECROU A EMBASE,K9PP887A01A.jpg
车身 Carrosserie,尾門/車門,K9PP887A01A,尾門玻璃裝飾件,82,6935 A6,,02,(MUL)凸緣螺母,(MUL) FLANGED NUT,(MUL) ECROU A EMBASE,K9PP887A01A.jpg
车身 Carrosserie,尾門/車門,K9PP887A01A,尾門玻璃裝飾件,83,7518 95,,02,堵蓋,PLUG,OBTURATEUR,K9PP887A01A.jpg
车身 Carrosserie,尾門/車門,K9PP887A01A,尾門玻璃裝飾件,84,6973 E0,,03,(MUL) 鉚釘,(MUL) RIVET,(MUL) RIVET,K9PP887A01A.jpg
车身 Carrosserie,尾門/車門,K9PP887A01A,尾門玻璃裝飾件,85,7568 NZ,,01,嵌入卡扣,INSERT CLIP,CLIP INSERT,K9PP887A01A.jpg
车身 Carrosserie,尾門/車門,K9PP887A01A,尾門玻璃裝飾件,86,6973 27,,02,(MUL) 鉚釘,(MUL) RIVET,(MUL) RIVET,K9PP887A01A.jpg
车身 Carrosserie,尾門/車門,K9PP887A01A,尾門玻璃裝飾件,87,6995 N7,,01,固定夾,FIXING CLIP,CLIP DE FIXATION,K9PP887A01A.jpg
车身 Carrosserie,尾門/車門,K9PP887A01A,尾門玻璃裝飾件,88,6924 E9,,01,MUL 大的內六角花形半圓頭螺釘,(MUL) CBLX SCREW,(MUL) VIS CBLX,K9PP887A01A.jpg
车身 Carrosserie,尾門/車門,K9PP887A01A,尾門玻璃裝飾件,89,6924 C6,,01,MUL 大的內六角花形半圓頭螺釘,(MUL) CBLX SCREW,(MUL) VIS CBLX,K9PP887A01A.jpg
车身 Carrosserie,尾門/車門,K9PP887A01A,尾門玻璃裝飾件,92,6991 Z1,,15,(MUL)卡扣,(MUL) CLIP,(MUL) AGRAFE,K9PP887A01A.jpg
车身 Carrosserie,尾門/車門,K9PP887A01A,尾門玻璃裝飾件,93,98 059 321 80,,02,螺栓銷,BOLT PIN,AXE VIS,K9PP887A01A.jpg
车身 Carrosserie,尾門/車門,K9PP887A01A,尾門玻璃裝飾件,94,6925 P2,,02,(MUL) 凸緣螺栓,(MUL) FLANGED BOLT,(MUL) VIS A EMBASE,K9PP887A01A.jpg
车身 Carrosserie,尾門/車門,K9PP887A01A,尾門玻璃裝飾件,95,16 845 293 80,,01,MKT尾門固定件,(MKT) TAILGATE FASTENINGS,(MKT) FIXATIQUES VOLET,K9PP887A01A.jpg
车身 Carrosserie,底部,K9PP772E50A,下部後部車身底板,01,98 163 824 80,,01,後圍板,REAR PANEL,PANNEAU ARRIERE,K9PP772E50A.jpg
车身 Carrosserie,底部,K9PP772E50A,下部後部車身底板,02,98 163 814 80,,01,後圍板裡板,REAR PANEL INNER PANEL,DOUBLURE DE PANNEAU ARRIERE,K9PP772E50A.jpg
车身 Carrosserie,底部,K9PP772E50A,下部後部車身底板,03,16 314 873 80,,01,地板縱梁,FLOOR SHORT SIDEMEMBER,LONGERONNET DE PLANCHER,K9PP772E50A.jpg
车身 Carrosserie,底部,K9PP772E50A,下部後部車身底板,04,16 322 668 80,,01,縱梁加長板,SIDE MEMBER EXTENSION,ALLONGE DE LONGERONNET,K9PP772E50A.jpg
车身 Carrosserie,底部,K9PP772E50A,下部後部車身底板,05,16 314 854 80,,01,地板橫樑,BEAD CROSSMEMBER,TRAVERSE A TALONS,K9PP772E50A.jpg
车身 Carrosserie,底部,K9PP772E50A,下部後部車身底板,06,98 187 814 80,RP 98 417 349 80,01/01,底盤橫樑,UNDERBODY CROSSMEMBER,TRAVERSE DE SOUBASSEMENT,K9PP772E50A.jpg
车身 Carrosserie,底部,K9PP772E50A,下部後部車身底板,07,98 148 405 80,,01,地板縱梁,FLOOR SHORT SIDEMEMBER,LONGERONNET DE PLANCHER,K9PP772E50A.jpg
车身 Carrosserie,底部,K9PP772E50A,下部後部車身底板,10,98 221 053 80,RP 98 628 988 80,01/01,保險槓橫樑,BUMPER CROSSMEMBER,TRAVERSE DE PARE-CHOCS,K9PP772E50A.jpg
车身 Carrosserie,底部,K9PP772E50A,下部後部車身底板,11,96 759 710 80,,01,牽引環,TOWING EYE,ANNEAU REMORQUAGE,K9PP772E50A.jpg
车身 Carrosserie,底部,K9PP772E50A,下部後部車身底板,70,6923 A9,,12,(MUL)六角頭帶墊圈螺栓,(MUL) TH SCREW WITH WASHER,(MUL) VIS TH RDL,K9PP772E50A.jpg
车身 Carrosserie,底部結構,K9PP770C01A,車身底部和縱梁,01,16 310 636 80,,01,地板內縱梁,FLOOR INNER SILL,LONGERON INTERIEUR DE PLANCHER,K9PP770C01A.jpg
车身 Carrosserie,底部結構,K9PP770C01A,車身底部和縱梁,02,16 316 792 80,,01,地板縱梁加強板,FLOOR SIDEMEMBER STIFFENER,RENFORT DE LONGERON PLANCHER,K9PP770C01A.jpg
车身 Carrosserie,底部結構,K9PP770C01A,車身底部和縱梁,03,98 202 615 80,RP 98 376 505 80,01/01,地板縱梁加強板,FLOOR SIDEMEMBER STIFFENER,RENFORT DE LONGERON PLANCHER,K9PP770C01A.jpg
车身 Carrosserie,底部結構,K9PP770C01A,車身底部和縱梁,10,98 276 740 80,,01,車身下裙板,UNDER-BODY,BAS DE CAISSE,K9PP770C01A.jpg
车身 Carrosserie,底部結構,K9PP770C01A,車身底部和縱梁,15,98 211 549 XT,,01,車身下部裝飾板,UNDERBODY MOULDING,ENJOLIVEUR BAS DE CAISSE,K9PP770C01A.jpg
车身 Carrosserie,底部結構,K9PP770C01A,車身底部和縱梁,16,98 164 609 XT,,01,車身下部裝飾板,UNDERBODY MOULDING,ENJOLIVEUR BAS DE CAISSE,K9PP770C01A.jpg
车身 Carrosserie,底部結構,K9PP770C01A,車身底部和縱梁,50,98 194 784 80,,01,膨脹片,EXPANDING INSERT,INSERT GONFLANT,K9PP770C01A.jpg
车身 Carrosserie,底部結構,K9PP770C01A,車身底部和縱梁,51,98 219 049 80,,01,膨脹片,EXPANDING INSERT,INSERT GONFLANT,K9PP770C01A.jpg
车身 Carrosserie,底部結構,K9PP770C01A,車身底部和縱梁,53,98 206 424 80,,01,膨脹片,EXPANDING INSERT,INSERT GONFLANT,K9PP770C01A.jpg
车身 Carrosserie,底部結構,K9PP770C01A,車身底部和縱梁,54,98 206 423 80,,01,膨脹片,EXPANDING INSERT,INSERT GONFLANT,K9PP770C01A.jpg
车身 Carrosserie,底部結構,K9PP770C01A,車身底部和縱梁,56,98 196 849 80,,01,膨脹片,EXPANDING INSERT,INSERT GONFLANT,K9PP770C01A.jpg
车身 Carrosserie,底部結構,K9PP770C01A,車身底部和縱梁,90,6991 Z1,,11,(MUL)卡扣,(MUL) CLIP,(MUL) AGRAFE,K9PP770C01A.jpg
车身 Carrosserie,底部結構,K9PP770C01A,車身底部和縱梁,95,16 845 294 80,,01,車身下裙板固定元件,SET OF BODY SILL FIXINGS,LOT FIXATIQUE BAS DE CAISSE,K9PP770C01A.jpg
车身 Carrosserie,後保險槓,K9PP774B01A,後保險槓,01,16 335 575 80,,01,後保險槓,REAR BUMPER,PARE-CHOCS ARRIERE,K9PP774B01A.jpg
车身 Carrosserie,後保險槓,K9PP774B01A,後保險槓,02,98 183 250 80,,01,活門,RECESS DOOR,TRAPPE D’ACCES,K9PP774B01A.jpg
车身 Carrosserie,後保險槓,K9PP774B01A,後保險槓,03,98 168 042 80,,01,後保險槓側表皮,REAR BUMPER OVERRIDER,CROSSE DE PARE CHOCS ARRIERE,K9PP774B01A.jpg
车身 Carrosserie,後保險槓,K9PP774B01A,後保險槓,07,98 168 087 80,,01,後保險槓支架,REAR BUMPER BRACKET,SUPPORT DE PARE-CHOCS AR,K9PP774B01A.jpg
车身 Carrosserie,後保險槓,K9PP774B01A,後保險槓,09,98 168 081 80,,01,後保險槓支架,REAR BUMPER BRACKET,SUPPORT DE PARE-CHOCS AR,K9PP774B01A.jpg
车身 Carrosserie,後保險槓,K9PP774B01A,後保險槓,11,98 168 038 80,,01,後保險槓裝飾條,REAR BUMPER TRIM,ENJOLIVEUR DE PARE-CHOCS AR,K9PP774B01A.jpg
车身 Carrosserie,後保險槓,K9PP774B01A,後保險槓,12,16 335 589 80,,01,保險槓裝飾件元件,BUMPER TRIM ASSEMBLY,ENS ENJOLIVEUR PARE-CHOCS,K9PP774B01A.jpg
车身 Carrosserie,後保險槓,K9PP774B01A,後保險槓,40,98 221 053 80,RP 98 628 988 80,01/01,保險槓橫樑,BUMPER CROSSMEMBER,TRAVERSE DE PARE-CHOCS,K9PP774B01A.jpg
车身 Carrosserie,後保險槓,K9PP774B01A,後保險槓,50,16 335 591 80,,01,(MUL)緊韌體維修包,(MUL) FIXING SET,(MUL) LOT DE FIXATION,K9PP774B01A.jpg
车身 Carrosserie,後保險槓,K9PP774B01A,後保險槓,70,6230 06,,12,(MUL)六角頭帶墊圈螺栓,(MUL) TH SCREW WITH WASHER,(MUL) VIS TH RDL,K9PP774B01A.jpg
车身 Carrosserie,後保險槓,K9PP774B01A,後保險槓,71,8361 53,,04,MUL RLX螺栓,(MUL) RLX SCREW,(MUL) VIS RLX,K9PP774B01A.jpg
车身 Carrosserie,後保險槓,K9PP774B01A,後保險槓,72,98 010 249 80,,04,MUL RLX螺栓,(MUL) RLX SCREW,(MUL) VIS RLX,K9PP774B01A.jpg
车身 Carrosserie,後保險槓,K9PP774B01A,後保險槓,73,96 753 802 80,,06,MUL RLX螺栓,(MUL) RLX SCREW,(MUL) VIS RLX,K9PP774B01A.jpg
车身 Carrosserie,後保險槓,K9PP774B01A,後保險槓,74,16 087 223 80,,02,MUL 卡子,(MUL) CLIP,(MUL) CLIP,K9PP774B01A.jpg
车身 Carrosserie,後保險槓,K9PP774B01A,後保險槓,75,6922 H3,RP 6230 06,04/01,(MUL)六角頭帶墊圈螺栓,(MUL) TH SCREW WITH WASHER,(MUL) VIS TH RDL,K9PP774B01A.jpg
车身 Carrosserie,後保險槓,K9PP774B01A,後保險槓,77,98 036 492 80,,06,(MUL) 凸緣螺栓,(MUL) FLANGED BOLT,(MUL) VIS A EMBASE,K9PP774B01A.jpg
车身 Carrosserie,後保險槓,K9PP774B01A,後保險槓,80,6991 F0,,04,(MUL) 鉚釘,(MUL) RIVET,(MUL) RIVET,K9PP774B01A.jpg
车身 Carrosserie,後保險槓,K9PP774B01A,後保險槓,90,16 845 289 80,,01,(MKT)後大包圍固定件,(MKT) REAR BUMPER FASTENINGS,(MKT) FIXATIQUES BOUCLIERS AR,K9PP774B01A.jpg
车身 Carrosserie,後地板,K9PP772C01A,後地板及圍板,01,16 314 806 80,,01,後地板,REAR FLOOR,PLANCHER ARRIERE,K9PP772C01A.jpg
车身 Carrosserie,後地板,K9PP772C01A,後地板及圍板,02,98 139 914 80,,01,地板縱梁,FLOOR SHORT SIDEMEMBER,LONGERONNET DE PLANCHER,K9PP772C01A.jpg
车身 Carrosserie,後地板,K9PP772C01A,後地板及圍板,03,16 314 849 80,,01,地板臺階連線板,HEEL PANEL ASSEMBLY,PLANCHE A TALON ASSEMBLE,K9PP772C01A.jpg
车身 Carrosserie,後地板,K9PP772C01A,後地板及圍板,04,98 166 131 80,,01,後地板,REAR FLOOR,PLANCHER ARRIERE,K9PP772C01A.jpg
车身 Carrosserie,後地板,K9PP772C01A,後地板及圍板,05,16 307 290 80,,01,後翼子板裡板,REAR WING INNER FRAME,DOUBLURE D’AILE ARRIERE,K9PP772C01A.jpg
车身 Carrosserie,後地板,K9PP772C01A,後地板及圍板,06,98 163 819 80,,01,後翼子板裡板,REAR WING INNER FRAME,DOUBLURE D’AILE ARRIERE,K9PP772C01A.jpg
车身 Carrosserie,後地板,K9PP772C01A,後地板及圍板,07,16 307 291 80,,01,後翼子板裡板,REAR WING INNER FRAME,DOUBLURE D’AILE ARRIERE,K9PP772C01A.jpg
车身 Carrosserie,後地板,K9PP772C01A,後地板及圍板,10,98 169 219 80,,01,加強件,STIFFENER,RENFORT FIX GACHE VOLET ARRIER,K9PP772C01A.jpg
车身 Carrosserie,後地板,K9PP772D51A,行李箱地板及分隔板,03,98 325 339 BJ,,04,網固定蓋,NET FIXING COVER,CACHE FIXATION FILET,K9PP772D51A.jpg
车身 Carrosserie,後視鏡,K9PP881G01A,外後視鏡,01,98 169 929 XT,,01,外後視鏡,EXTERIOR MIRROR,RETROVISEUR EXTERIEUR,K9PP881G01A.jpg
车身 Carrosserie,後視鏡,K9PP881G01A,外後視鏡,02,16 168 696 80,,01,後視鏡裝飾罩,MIRROR COVERS ALLIAGE,ENJOLIVEUR RETROVISEUR,K9PP881G01A.jpg
车身 Carrosserie,後視鏡,K9PP881G01A,外後視鏡,03,16 168 693 80,,01,後視鏡鏡片,REAR VIEW MIRROR GLASS,MIROIR DE RETROVISEUR,K9PP881G01A.jpg
车身 Carrosserie,後視鏡,K9PP881G01A,外後視鏡,04,6602 48,,01,後視鏡電機,VIEW MIRROR MOTOR,MOTEUR MIROIR,K9PP881G01A.jpg
车身 Carrosserie,後視鏡,K9PP881G01A,外後視鏡,07,96 788 264 ZD,,01,開關板,CONTACTOR PLATE,PLATINE CONTACTEUR,K9PP881G01A.jpg
车身 Carrosserie,後視鏡,K9PP881G01A,外後視鏡,20,6445 F9,,01,外後視鏡溫度感測器,EXT MIRROR TEMPERATURE SENSOR,SONDE TEMPERATURE EXT RETRO,K9PP881G01A.jpg
车身 Carrosserie,後視鏡,K9PP881G01A,外後視鏡,70,6924 C1,,06,MUL 大的內六角花形半圓頭螺釘,(MUL) CBLX SCREW,(MUL) VIS CBLX,K9PP881G01A.jpg
车身 Carrosserie,後車門控制裝置,K9PP991B50A,後側滑動門控制,01,98 243 586 80,,01,側部車門鎖,SIDE DOOR LOCK,SERRURE DE PORTE LATERALE,K9PP991B50A.jpg
车身 Carrosserie,後車門控制裝置,K9PP991B50A,後側滑動門控制,02,16 092 396 80,RP 980297821T,01/01,車門把手,DOOR HANDLE,POIGNEE DE PORTE,K9PP991B50A.jpg
车身 Carrosserie,後車門控制裝置,K9PP991B50A,後側滑動門控制,03,98 029 773 80,,01,車門把手固定夾,DOOR HANDLE HOLDER,ETRIER DE FIX POIGNEE DE PORTE,K9PP991B50A.jpg
车身 Carrosserie,後車門控制裝置,K9PP991B50A,後側滑動門控制,04,98 120 933 XT,,01,門開啟拉手,REAR DOOR OPENING CONTROL,CDE D’OUVERTURE DE PORTE,K9PP991B50A.jpg
车身 Carrosserie,後車門控制裝置,K9PP991B50A,後側滑動門控制,05,9164 68,,01,鎖釦總成,STRIKER ASSEMBLY,GACHE ASSEMBLEE,K9PP991B50A.jpg
车身 Carrosserie,後車門控制裝置,K9PP991B50A,後側滑動門控制,06,98 029 777 80,,01,把手底座,HANDLE BASE,EMBASE DE POIGNEE,K9PP991B50A.jpg
车身 Carrosserie,後車門控制裝置,K9PP991B50A,後側滑動門控制,07,98 181 475 80,,01,開關控制支架,SWITCH CONTROL SUPPORT,SUPPORT COMMANDE INTERRUPTEUR,K9PP991B50A.jpg
车身 Carrosserie,後車門控制裝置,K9PP991B50A,後側滑動門控制,08,98 167 886 ZD,,01,車門內手柄裝飾罩,INTERIOR DOOR HANDLE TRIM,ENJOLIVEUR POIGNEE PORTE INTER,K9PP991B50A.jpg
车身 Carrosserie,後車門控制裝置,K9PP991B50A,後側滑動門控制,21,98 178 237 80,RP 98 376 430 80,01/01,滑動車門定心裝置,SLIDING DOOR CENTRING DEVICE,CENTREUR PORTE COULISSANTE,K9PP991B50A.jpg
车身 Carrosserie,後車門控制裝置,K9PP991B50A,後側滑動門控制,22,98 304 876 80,,01,導向器,GUIDE,GUIDE,K9PP991B50A.jpg
车身 Carrosserie,後車門控制裝置,K9PP991B50A,後側滑動門控制,23,98 178 226 80,RP 98 376 435 80,01/01,滑動車門定心裝置,SLIDING DOOR CENTRING DEVICE,CENTREUR PORTE COULISSANTE,K9PP991B50A.jpg
车身 Carrosserie,後車門控制裝置,K9PP991B50A,後側滑動門控制,24,98 178 242 80,RP 98 376 420 80,01/01,軌道門中心定位裝置,SLIDING DOOR UPPER CENTRALISER,CENTREUR SUP PORTE COULISSANTE,K9PP991B50A.jpg
车身 Carrosserie,後車門控制裝置,K9PP991B50A,後側滑動門控制,25,98 178 257 80,,01,導向器,GUIDE,GUIDE,K9PP991B50A.jpg
车身 Carrosserie,後車門控制裝置,K9PP991B50A,後側滑動門控制,26,98 178 248 80,,01,導向器,GUIDE,GUIDE,K9PP991B50A.jpg
车身 Carrosserie,後車門控制裝置,K9PP991B50A,後側滑動門控制,27,1518 E0,,01,車門開啟鎖釦密封件,DOOR OPENING BLOCKER SEAL,JOINT BLOQUEUR OUVERTURE PORTE,K9PP991B50A.jpg
车身 Carrosserie,後車門控制裝置,K9PP991B50A,後側滑動門控制,28,7908 L0,,01,車門墊塊,DOOR BUFFER,BUTEE DE PORTE,K9PP991B50A.jpg
车身 Carrosserie,後車門控制裝置,K9PP991B50A,後側滑動門控制,51,79 20 025 012,,02,堵塞,PLUG,OBTURATEUR,K9PP991B50A.jpg
车身 Carrosserie,後車門控制裝置,K9PP991B50A,後側滑動門控制,70,6924 K0,,06,帶肩銷螺栓,SHAFT SCREW,VIS AXE EPAULEE,K9PP991B50A.jpg
车身 Carrosserie,後車門控制裝置,K9PP991B50A,後側滑動門控制,72,7221 49,,02,螺釘,BOLT,VIS,K9PP991B50A.jpg
车身 Carrosserie,後車門控制裝置,K9PP991B50A,後側滑動門控制,74,7934 E1,,01,螺絲,BOLT,VIS,K9PP991B50A.jpg
车身 Carrosserie,後車門控制裝置,K9PP991B50A,後側滑動門控制,75,96 786 609 80,,02,螺絲,BOLT,VIS,K9PP991B50A.jpg
车身 Carrosserie,後車門控制裝置,K9PP991B50A,後側滑動門控制,90,6973 27,,12,(MUL) 鉚釘,(MUL) RIVET,(MUL) RIVET,K9PP991B50A.jpg
车身 Carrosserie,後車門控制裝置,K9PP991B50A,後側滑動門控制,93,6983 42,,02,(MUL) 堵蓋,(MUL) CLOSER,(MUL) OBTURATEUR,K9PP991B50A.jpg
车身 Carrosserie,後車門車窗,K9PP992G50A,後側滑動門玻璃,01,98 164 776 80,,01,後車門玻璃,REAR DOOR WINDOW,VITRE DE PORTE ARRIERE,K9PP992G50A.jpg
车身 Carrosserie,後車門車窗,K9PP992G50A,後側滑動門玻璃,03,98 180 428 80,,01,側固定玻璃,FIXED SIDE WINDOW,VITRE LATERALE FIXE,K9PP992G50A.jpg
车身 Carrosserie,後車門車窗,K9PP992G50A,後側滑動門玻璃,04,98 178 113 80,,02,車窗鉸鏈,WINDOW HINGE,CHARNIERE DE VITRE,K9PP992G50A.jpg
车身 Carrosserie,後車門車窗,K9PP992G50A,後側滑動門玻璃,05,98 303 355 80,RP 98 401 754 80,01/01,電動玻璃升降器,ELECTRIC CONTROL WINDOW LIFTER,LEVE-VITRE COMMANDE ELECTRIQUE,K9PP992G50A.jpg
车身 Carrosserie,後車門車窗,K9PP992G50A,後側滑動門玻璃,06,98 223 273 80,,01,泡沫材料,FOAM,MOUSSE,K9PP992G50A.jpg
车身 Carrosserie,後車門車窗,K9PP992G50A,後側滑動門玻璃,07,98 172 220 80,,01,車門玻璃滑動導軌,DOOR GROOVE GUIDE,GUIDE COULISSE DE PORTE,K9PP992G50A.jpg
车身 Carrosserie,後車門車窗,K9PP992G50A,後側滑動門玻璃,08,98 180 174 80,,01,玻璃導槽,WINDOW CHANNEL,COULISSE DE VITRE,K9PP992G50A.jpg
车身 Carrosserie,後車門車窗,K9PP992G50A,後側滑動門玻璃,09,98 203 459 80,,01,車門玻璃滑動導軌,DOOR GROOVE GUIDE,GUIDE COULISSE DE PORTE,K9PP992G50A.jpg
车身 Carrosserie,後車門車窗,K9PP992G50A,後側滑動門玻璃,11,98 172 343 80,,01,車門窗臺內密封條,DOOR WNDW LWR INT WEATHERSTRIP,LECHEUR INT BAS VITRE PORTES,K9PP992G50A.jpg
车身 Carrosserie,後車門車窗,K9PP992G50A,後側滑動門玻璃,15,16 289 514 80,,01,(ACC)側窗簾套件,(ACC) SIDE BLINDS SET,(ACC) JEU DE STORES LATERAUX,K9PP992G50A.jpg
车身 Carrosserie,後車門車窗,K9PP992G50A,後側滑動門玻璃,20,98 245 130 80,,01,玻璃墊塊,GLASS WEDGE,CALE VITRE,K9PP992G50A.jpg
车身 Carrosserie,後車門車窗,K9PP992G50A,後側滑動門玻璃,25,98 044 803 ZD,,01,開關板,CONTACTOR PLATE,PLATINE CONTACTEUR,K9PP992G50A.jpg
车身 Carrosserie,後車門車窗,K9PP992G50A,後側滑動門玻璃,70,6973 05,,02,(MUL) 鉚釘,(MUL) RIVET,(MUL) RIVET,K9PP992G50A.jpg
车身 Carrosserie,後車門車窗,K9PP992G50A,後側滑動門玻璃,72,6924 74,,02,MUL RLX螺栓,(MUL) RLX SCREW,(MUL) VIS RLX,K9PP992G50A.jpg
车身 Carrosserie,後車門飾件,K9PP993K25A,後縮拉門裝飾條,01,98 213 892 FZ,,01,扶手裝飾板,ARMREST MOULDING,ENJOLIVEUR D’ACCOUDOIR,K9PP993K25A.jpg
车身 Carrosserie,後車門飾件,K9PP993M50A,後側滑動門內飾板,01,98 167 846 ZD,,01,門護板裝飾件,DOOR PANEL TRIM,GARNITURE DE PANNEAU DE PORTE,K9PP993M50A.jpg
车身 Carrosserie,後車門飾件,K9PP993M50A,後側滑動門內飾板,02,98 186 857 ZD,,01,滑動車門上飾件,SLIDING DOOR UPPER TRIM,GARNITURE SUPERIEURE PTE COUL,K9PP993M50A.jpg
车身 Carrosserie,後車門飾件,K9PP993M50A,後側滑動門內飾板,03,98 166 778 ZD,,01,開關裝飾板,SWITCH PAD TRIM,ENJOLIVEUR PLATINE CONTACTEUR,K9PP993M50A.jpg
车身 Carrosserie,後車門飾件,K9PP993M50A,後側滑動門內飾板,05,98 186 898 ZD,,01,車門拉手,DOOR PULL HANDLE,POIGNEE DE TIRAGE DE PORTE,K9PP993M50A.jpg
车身 Carrosserie,後車門飾件,K9PP993M50A,後側滑動門內飾板,06,98 167 881 ZD,,01,後門框前內飾,REAR DOOR FRAME FRONT TRIM,GARNITURE AVANT CADRE PORTE AR,K9PP993M50A.jpg
车身 Carrosserie,後車門飾件,K9PP993M50A,後側滑動門內飾板,50,98 221 515 ZD,,01,裝飾堵蓋,TRIM-EFFECT BLANK,OBTURATEUR ASPECT GARNITURE,K9PP993M50A.jpg
车身 Carrosserie,後車門飾件,K9PP993M50A,後側滑動門內飾板,51,98 221 516 ZD,,01,裝飾堵蓋,TRIM-EFFECT BLANK,OBTURATEUR ASPECT GARNITURE,K9PP993M50A.jpg
车身 Carrosserie,後車門飾件,K9PP993M50A,後側滑動門內飾板,70,96 753 802 80,,06,MUL RLX螺栓,(MUL) RLX SCREW,(MUL) VIS RLX,K9PP993M50A.jpg
车身 Carrosserie,後車門飾件,K9PP993M50A,後側滑動門內飾板,71,8794 ZA,,06,插入式卡扣,INSERT CLIP,CLIP INSERT,K9PP993M50A.jpg
车身 Carrosserie,後車門飾件,K9PP993M50A,後側滑動門內飾板,72,9345 ZN,,22,(MUL)卡扣,(MUL) CLIP,(MUL) AGRAFE,K9PP993M50A.jpg
车身 Carrosserie,後車門飾件,K9PP993M50A,後側滑動門內飾板,73,96 777 504 80,,04,MUL 大的內六角花形半圓頭螺釘,(MUL) CBLX SCREW,(MUL) VIS CBLX,K9PP993M50A.jpg
车身 Carrosserie,後車門飾件,K9PP993M50A,後側滑動門內飾板,74,98 100 309 80,,04,(MUL)框架螺母,(MUL) CAGE NUT,(MUL) ECROU EN CAGE,K9PP993M50A.jpg
车身 Carrosserie,後門,K9PP990E50A,後側滑動門,01,98 204 344 80,,01,滑動門,SLIDING DOOR,PORTE COULISSANTE,K9PP990E50A.jpg
车身 Carrosserie,後門,K9PP990E50A,後側滑動門,02,98 183 742 80,,01,側車門外板,SIDE DOOR OUTER PANEL,PANNEAU EXT DE PORTE LATERALE,K9PP990E50A.jpg
车身 Carrosserie,後門,K9PP990E50A,後側滑動門,03,16 316 338 80,,01,頂蓋弧形加強板,ROOF ARCH STIFFENER,RENFORT ARC DE PAVILLON,K9PP990E50A.jpg
车身 Carrosserie,後門,K9PP990E50A,後側滑動門,04,98 176 919 XT,,01,後車門後裝飾條,MOULDING REAR RH,ENJOLIVEUR AR DE PORTE AR,K9PP990E50A.jpg
车身 Carrosserie,後門,K9PP990E50A,後側滑動門,05,98 285 573 80,,01,側門導軌,SIDE DOOR GUIDE BAR,RAIL DE GUIDAGE PORTE LATERALE,K9PP990E50A.jpg
车身 Carrosserie,後門,K9PP990E50A,後側滑動門,06,98 169 666 80,,01,軌道門下導軌,SLIDING DOOR LOWER RAIL,RAIL INF DE PORTE COULISSANTE,K9PP990E50A.jpg
车身 Carrosserie,後門,K9PP990E50A,後側滑動門,07,98 228 495 80,,01,車門軌道擋塊,DOOR BAR PROTECTOR BUFFER,BUTEE DE RAIL DE PORTE,K9PP990E50A.jpg
车身 Carrosserie,後門,K9PP990E50A,後側滑動門,08,98 177 941 80,,01,車門軌道擋塊,DOOR BAR PROTECTOR BUFFER,BUTEE DE RAIL DE PORTE,K9PP990E50A.jpg
车身 Carrosserie,後門,K9PP990E50A,後側滑動門,09,98 219 494 80,,01,車門軌道擋塊,DOOR BAR PROTECTOR BUFFER,BUTEE DE RAIL DE PORTE,K9PP990E50A.jpg
车身 Carrosserie,後門,K9PP990E50A,後側滑動門,10,98 169 660 80,RP 98 328 482 80,01/01,車門滑架,DOOR CARRIAGE,CHARIOT DE PORTE,K9PP990E50A.jpg
车身 Carrosserie,後門,K9PP990E50A,後側滑動門,11,98 169 647 80,RP 98 333 032 80,01/01,車門滑架,DOOR CARRIAGE,CHARIOT DE PORTE,K9PP990E50A.jpg
车身 Carrosserie,後門,K9PP990E50A,後側滑動門,12,98 169 659 80,,01,車門滑架,DOOR CARRIAGE,CHARIOT DE PORTE,K9PP990E50A.jpg
车身 Carrosserie,後門,K9PP990E50A,後側滑動門,13,98 169 658 80,,01,側部車門限位器,SIDE DOOR STOP,ARRET DE PORTE LATERALE,K9PP990E50A.jpg
车身 Carrosserie,後門,K9PP990E50A,後側滑動門,14,98 169 664 80,,01,車門控制保護裝置,DOOR CONTROL PROTECTOR,PROTECTEUR DE CDE DE PORTE,K9PP990E50A.jpg
车身 Carrosserie,後門,K9PP990E50A,後側滑動門,15,9033 CC,,01,後車門鎖舍,REAR DOOR STRIKER,GACHE DE PORTE ARRIERE,K9PP990E50A.jpg
车身 Carrosserie,後門,K9PP990E50A,後側滑動門,16,14 008 258 80,,01,密封件,SEAL ELEMENT,ELEMENT ETANCHEITE,K9PP990E50A.jpg
车身 Carrosserie,後門,K9PP990E50A,後側滑動門,17,16 100 175 80,,01,車身密封粘接劑套件,SET OF BODY SEALING ADHESIVES,LOT ADHESIFS ETANCHEITE CAISSE,K9PP990E50A.jpg
车身 Carrosserie,後門,K9PP990E50A,後側滑動門,18,6587 H1,,01,粘性貼膜,ADHESIVE FILM,FILM ADHESIF,K9PP990E50A.jpg
车身 Carrosserie,後門,K9PP990E50A,後側滑動門,19,98 037 752 80,,01,密封件,SEALING,ETANCHEITE,K9PP990E50A.jpg
车身 Carrosserie,後門,K9PP990E50A,後側滑動門,20,98 220 964 80,RP 98 376 438 80,01/01,滑動車門定心裝置,SLIDING DOOR CENTRING DEVICE,CENTREUR PORTE COULISSANTE,K9PP990E50A.jpg
车身 Carrosserie,後門,K9PP990E50A,後側滑動門,21,98 240 277 80,,01,車門飾件密封,DOOR PANEL SEAL,JOINT DE GARNITURE DE PORTE,K9PP990E50A.jpg
车身 Carrosserie,後門,K9PP990E50A,後側滑動門,22,98 111 073 80,,01,密封元件,SEAL ELEMENT,ELEMENT D’ETANCHEITE,K9PP990E50A.jpg
车身 Carrosserie,後門,K9PP990E50A,後側滑動門,23,98 168 453 80,,01,車門導軌支座,DOOR RAIL SUPPORT,SUPPORT RAIL DE PORTE,K9PP990E50A.jpg
车身 Carrosserie,後門,K9PP990E50A,後側滑動門,24,7220 K6,,01,車門墊塊,DOOR BUFFER,BUTEE DE PORTE,K9PP990E50A.jpg
车身 Carrosserie,後門,K9PP990E50A,後側滑動門,26,7908 L0,,01,車門墊塊,DOOR BUFFER,BUTEE DE PORTE,K9PP990E50A.jpg
车身 Carrosserie,後門,K9PP990E50A,後側滑動門,30,98 231 359 XT,,01,車門防擦條,DOOR PROTECTOR,PROTECTEUR DE PORTE,K9PP990E50A.jpg
车身 Carrosserie,後門,K9PP990E50A,後側滑動門,40,98 176 916 80,,01,車門密封板,SEALING PANEL,PANNEAU ETANCHEITE PORTE,K9PP990E50A.jpg
车身 Carrosserie,後門,K9PP990E50A,後側滑動門,41,98 231 164 80,,01,密封元件,SEAL ELEMENT,ELEMENT D’ETANCHEITE,K9PP990E50A.jpg
车身 Carrosserie,後門,K9PP990E50A,後側滑動門,42,98 329 971 80,,01,門檻密封條,SIDE SILL SEAL,JOINT DE BAS DE MARCHE,K9PP990E50A.jpg
车身 Carrosserie,後門,K9PP990E50A,後側滑動門,60,96 777 504 80,,02,MUL 大的內六角花形半圓頭螺釘,(MUL) CBLX SCREW,(MUL) VIS CBLX,K9PP990E50A.jpg
车身 Carrosserie,後門,K9PP990E50A,後側滑動門,69,96 753 802 80,,03,MUL RLX螺栓,(MUL) RLX SCREW,(MUL) VIS RLX,K9PP990E50A.jpg
车身 Carrosserie,後門,K9PP990E50A,後側滑動門,70,98 021 863 80,,09,帶彈性墊片六角頭螺栓,H RCN SCREW,VIS H RCN,K9PP990E50A.jpg
车身 Carrosserie,後門,K9PP990E50A,後側滑動門,71,6924 C3,,02,MUL RLX螺栓,(MUL) RLX SCREW,(MUL) VIS RLX,K9PP990E50A.jpg
车身 Carrosserie,後門,K9PP990E50A,後側滑動門,72,7221 49,,01,螺釘,BOLT,VIS,K9PP990E50A.jpg
车身 Carrosserie,後門,K9PP990E50A,後側滑動門,73,8718 32,,01,(MUL)凸緣螺母,(MUL) FLANGED NUT,(MUL) ECROU A EMBASE,K9PP990E50A.jpg
车身 Carrosserie,後門,K9PP990E50A,後側滑動門,74,98 027 744 80,,01,(MUL)六角頭帶墊圈螺栓,(MUL) TH SCREW WITH WASHER,(MUL) VIS TH RDL,K9PP990E50A.jpg
车身 Carrosserie,後門,K9PP990E50A,後側滑動門,75,8361 53,,01,MUL RLX螺栓,(MUL) RLX SCREW,(MUL) VIS RLX,K9PP990E50A.jpg
车身 Carrosserie,後門,K9PP990E50A,後側滑動門,76,6920 A4,,01,MUL RLX螺栓,(MUL) RLX SCREW,(MUL) VIS RLX,K9PP990E50A.jpg
车身 Carrosserie,後門,K9PP990E50A,後側滑動門,77,0307 13,,01,(MUL) 凸緣螺栓,(MUL) FLANGED BOLT,(MUL) VIS A EMBASE,K9PP990E50A.jpg
车身 Carrosserie,後門,K9PP990E50A,後側滑動門,78,6925 N3,,01,MUL 帶固定平墊圈的大內六角花形半圓頭的螺釘,(MUL) CBLX RDL SCREW,(MUL) VIS CBLX RDL,K9PP990E50A.jpg
车身 Carrosserie,後門,K9PP990E50A,後側滑動門,79,6912 A9,,04,MUL RLX螺栓,(MUL) RLX SCREW,(MUL) VIS RLX,K9PP990E50A.jpg
车身 Carrosserie,後門,K9PP990E50A,後側滑動門,80,6941 98,,01,(MUL) 鉚接螺母,(MUL) CRIMPING NUT,(MUL) ECROU A SERTIR,K9PP990E50A.jpg
车身 Carrosserie,後門,K9PP990E50A,後側滑動門,81,9033 Q6,,01,(MUL)凸緣螺母,(MUL) FLANGED NUT,(MUL) ECROU A EMBASE,K9PP990E50A.jpg
车身 Carrosserie,後門,K9PP990E50A,後側滑動門,83,98 098 400 80,,01,螺絲,BOLT,VIS,K9PP990E50A.jpg
车身 Carrosserie,後門,K9PP990E50A,後側滑動門,84,6939 97,,01,(MUL)帶墊圈螺母,(MUL) NUT WITH CAPTIVE WASHER,(MUL) ECROU AVEC RDL IMPDB,K9PP990E50A.jpg
车身 Carrosserie,後門,K9PP990E50A,後側滑動門,90,7136 A5,,10,固定夾,FIXING CLIP,CLIP DE FIXATION,K9PP990E50A.jpg
车身 Carrosserie,後門,K9PP990E50A,後側滑動門,95,16 845 292 80,,01,MKT側車門固定件,(MKT) SIDE DOOR FIXINGS,(MKT) FIXATIQUE PORTE LATERALE,K9PP990E50A.jpg
车身 Carrosserie,擋風玻璃,K9PP881A01A,風擋和風窗玻璃,01,98 164 686 80,,01,前風窗立柱加強板,WINDSCREEN PILLAR STRENGTHENER,RENFORT DE MONTANT DE BAIE,K9PP881A01A.jpg
车身 Carrosserie,擋風玻璃,K9PP881A01A,風擋和風窗玻璃,02,16 316 870 80,,01,前風窗立柱裡板,WINDSCREEN PILLAR INNER PANEL,DOUBLURE DE MONTANT DE BAIE,K9PP881A01A.jpg
车身 Carrosserie,擋風玻璃,K9PP881A01A,風擋和風窗玻璃,05,98 166 043 XT,,01,前圍蓋板進氣格柵,COWL AIR INTAKE GRILLE,GRILLE ENTREE D’AIR D’AUVENT,K9PP881A01A.jpg
车身 Carrosserie,擋風玻璃,K9PP881A01A,風擋和風窗玻璃,06,98 166 022 80,,01,前風窗集風板,SCUTTLE PANEL,COLLECTEUR D AUVENT,K9PP881A01A.jpg
车身 Carrosserie,擋風玻璃,K9PP881A01A,風擋和風窗玻璃,08,98 169 829 80,,01,泡沫材料,FOAM,MOUSSE,K9PP881A01A.jpg
车身 Carrosserie,擋風玻璃,K9PP881A01A,風擋和風窗玻璃,10,98 194 142 XT,,01,進氣格柵裝飾件,AIR INLET GRILLE TRIM,ENJOLIVEUR GRILLE ENTREE AIR,K9PP881A01A.jpg
车身 Carrosserie,擋風玻璃,K9PP881A01A,風擋和風窗玻璃,11,98 166 059 80,,01,前風窗玻璃,WINDSCREEN GLASS,VITRE DE PARE-BRISE,K9PP881A01A.jpg
车身 Carrosserie,擋風玻璃,K9PP881A01A,風擋和風窗玻璃,12,8735 98,,08,玻璃墊塊,GLASS WEDGE,CALE VITRE,K9PP881A01A.jpg
车身 Carrosserie,擋風玻璃,K9PP881A01A,風擋和風窗玻璃,13,98 066 805 80,,01,風窗排水管,COWL WATER EVACUATION TUBE,TUYAU EVACUATION D’EAU AUVENT,K9PP881A01A.jpg
车身 Carrosserie,擋風玻璃,K9PP881A01A,風擋和風窗玻璃,16,98 167 822 80,,01,進氣格柵密封條,AIR INTAKE GRILLE SEAL,JOINT DE GRILLE D’ENTREE D’AIR,K9PP881A01A.jpg
车身 Carrosserie,擋風玻璃,K9PP881A01A,風擋和風窗玻璃,50,98 195 267 80,,01,膨脹片,EXPANDING INSERT,INSERT GONFLANT,K9PP881A01A.jpg
车身 Carrosserie,擋風玻璃,K9PP881A01A,風擋和風窗玻璃,70,98 098 400 80,,06,螺絲,BOLT,VIS,K9PP881A01A.jpg
车身 Carrosserie,擋風玻璃,K9PP881A01A,風擋和風窗玻璃,71,6555 LE,,02,(MUL) 鉚釘,(MUL) RIVET,(MUL) RIVET,K9PP881A01A.jpg
车身 Carrosserie,橫向前部,K9PP771A01A,前車架,01,98 305 126 80,,01,前橫樑,FRONT PANEL CROSSMEMBER,TRAVERSE DE FACADE AVANT,K9PP771A01A.jpg
车身 Carrosserie,橫向前部,K9PP771A01A,前車架,02,98 305 222 80,,01,前艙前框架橫樑支架,BRACKET CROSSMEMBER,SUPPORT TRAVERSE FACADE BLOC,K9PP771A01A.jpg
车身 Carrosserie,橫向前部,K9PP771A01A,前車架,03,98 146 303 80,,01,前橫樑,FRONT PANEL CROSSMEMBER,TRAVERSE DE FACADE AVANT,K9PP771A01A.jpg
车身 Carrosserie,橫向前部,K9PP771A01A,前車架,04,98 147 140 80,RP 98 543 171 80,01/01,前艙前框架支撐,ENG CMPT FRONT PANEL SUPPORT,APPUI FACADE BLOC AVANT,K9PP771A01A.jpg
车身 Carrosserie,橫向前部,K9PP771A01A,前車架,06,98 173 974 80,,01,防空氣再迴圈隔板,COOL AIR ANTI-RECYCL PARTITION,CLOISON ANTI-RECYCL AIR REFROI,K9PP771A01A.jpg
车身 Carrosserie,橫向前部,K9PP771A01A,前車架,11,96 759 710 80,,01,牽引環,TOWING EYE,ANNEAU REMORQUAGE,K9PP771A01A.jpg
车身 Carrosserie,橫向前部,K9PP771A01A,前車架,70,98 027 744 80,,02,(MUL)六角頭帶墊圈螺栓,(MUL) TH SCREW WITH WASHER,(MUL) VIS TH RDL,K9PP771A01A.jpg
车身 Carrosserie,橫向前部,K9PP771A01A,前車架,71,6936 C6,,02,(MUL)帶墊圈螺母,(MUL) NUT WITH CAPTIVE WASHER,(MUL) ECROU AVEC RDL IMPDB,K9PP771A01A.jpg
车身 Carrosserie,橫向前部,K9PP771A01A,前車架,72,6922 H3,RP 6230 06,06/01,(MUL)六角頭帶墊圈螺栓,(MUL) TH SCREW WITH WASHER,(MUL) VIS TH RDL,K9PP771A01A.jpg
车身 Carrosserie,橫向前部,K9PP771A01A,前車架,73,6922 54,,02,(MUL)六角頭帶墊圈螺栓,(MUL) TH SCREW WITH WASHER,(MUL) VIS TH RDL,K9PP771A01A.jpg
车身 Carrosserie,橫向前部,K9PP771A01A,前車架,74,6923 78,,04,(MUL)六角頭帶墊圈螺栓,(MUL) TH SCREW WITH WASHER,(MUL) VIS TH RDL,K9PP771A01A.jpg
车身 Carrosserie,橫向前部,K9PP771A01A,前車架,90,16 845 283 80,,01,(MKT)前部磕碰固定件,(MKT) FR BUMPER MINI FASTNINGS,(MKT) FIXATIQ MINI CHOC AVANT,K9PP771A01A.jpg
车身 Carrosserie,橫樑,K9PP771E01A,隔板 橫樑 隔音板,01,16 115 544 80,,01,前圍擋板中橫樑,CROSSMEMBER CENTRAL APRON,TRAVERSE CENTRALE TABLIER,K9PP771E01A.jpg
车身 Carrosserie,橫樑,K9PP771E01A,隔板 橫樑 隔音板,02,16 090 108 80,,01,前圍擋板側橫樑,BULKHEAD SIDE CROSSMEMBER,TRAVERSE LATERALE DE TABLIER,K9PP771E01A.jpg
车身 Carrosserie,橫樑,K9PP771E01A,隔板 橫樑 隔音板,03,98 172 875 80,,01,雨刮支架,WIPER SUPPORT,SUPPORT ESSUIE-VITRE,K9PP771E01A.jpg
车身 Carrosserie,橫樑,K9PP771E01A,隔板 橫樑 隔音板,04,98 085 793 80,,01,前圍擋板,BULKHEAD,TABLIER,K9PP771E01A.jpg
车身 Carrosserie,橫樑,K9PP771E01A,隔板 橫樑 隔音板,05,96 747 458 80,,01,前圍擋板加強板,BULKHEAD STIFFENER,RENFORT DE TABLIER,K9PP771E01A.jpg
车身 Carrosserie,橫樑,K9PP771E01A,隔板 橫樑 隔音板,06,96 708 122 80,,01,鎖止加強板,STRENGTHENER LOCKING PLATE,TOLE DE FERMETURE RENFORT,K9PP771E01A.jpg
车身 Carrosserie,橫樑,K9PP771E01A,隔板 橫樑 隔音板,07,96 758 596 80,,01,前圍擋板加強板,BULKHEAD STIFFENER,RENFORT DE TABLIER,K9PP771E01A.jpg
车身 Carrosserie,橫樑,K9PP771E01A,隔板 橫樑 隔音板,10,98 324 097 80,,01,前圍隔音墊,BULKHEAD SOUNDPROOFING,INSONORISATION DE TABLIER,K9PP771E01A.jpg
车身 Carrosserie,橫樑,K9PP771E01A,隔板 橫樑 隔音板,11,98 175 149 80,RP 98 518 910 80,01/01,前圍隔音墊,BULKHEAD SOUNDPROOFING,INSONORISATION DE TABLIER,K9PP771E01A.jpg
车身 Carrosserie,橫樑,K9PP771E01A,隔板 橫樑 隔音板,12,98 201 487 80,,01,前風窗集風板隔音墊,SCUTTLE CLOSING PANEL SNDPRFNG,INSONO COLLECTEUR AUVENT,K9PP771E01A.jpg
车身 Carrosserie,橫樑,K9PP771E01A,隔板 橫樑 隔音板,13,98 201 492 80,,01,前風窗集風板隔音墊,SCUTTLE CLOSING PANEL SNDPRFNG,INSONO COLLECTEUR AUVENT,K9PP771E01A.jpg
车身 Carrosserie,橫樑,K9PP771E01A,隔板 橫樑 隔音板,14,98 176 846 80,,01,前圍隔音墊,BULKHEAD SOUNDPROOFING,INSONORISATION DE TABLIER,K9PP771E01A.jpg
车身 Carrosserie,橫樑,K9PP771E01A,隔板 橫樑 隔音板,15,98 175 079 80,,01,制動真空助力器隔音材料,BRAKE AMPLIFIER SOUND PROOFING,INSONO AMPLIFICATEUR FREINAGE,K9PP771E01A.jpg
车身 Carrosserie,橫樑,K9PP771E01A,隔板 橫樑 隔音板,16,98 175 084 80,,01,前圍蓋板後橫樑隔音墊,SCUTTLE RR CROSSMEMB S/PROOF,INSONO TRAVERSE ARRIERE AUVENT,K9PP771E01A.jpg
车身 Carrosserie,橫樑,K9PP771E01A,隔板 橫樑 隔音板,18,98 177 913 80,,01,前輪罩隔音墊,FR WHEEL ARCH SOUNDPROOF,INSONO PASSAGE ROUE AVANT,K9PP771E01A.jpg
车身 Carrosserie,橫樑,K9PP771E01A,隔板 橫樑 隔音板,19,98 164 043 80,,01,前圍側隔音墊,SCUTTLE SIDE SOUNDPROOFING,INSONO COTE AUVENT,K9PP771E01A.jpg
车身 Carrosserie,橫樑,K9PP771E01A,隔板 橫樑 隔音板,30,16 750 668 80,,01,前風窗下橫樑,WINDSCREEN LOWER CROSSMEMBER,TRAVERSE INFERIEUR DE BAIE AV,K9PP771E01A.jpg
车身 Carrosserie,橫樑,K9PP771E01A,隔板 橫樑 隔音板,31,16 750 669 80,,01,前風窗集風板,SCUTTLE PANEL,COLLECTEUR D AUVENT,K9PP771E01A.jpg
车身 Carrosserie,橫樑,K9PP771E01A,隔板 橫樑 隔音板,32,98 174 333 80,,01,前圍蓋板側加強板,SCUTTLE SIDE FRAME STIFFENER,RENFORT DE COTE D’AUVENT,K9PP771E01A.jpg
车身 Carrosserie,橫樑,K9PP771E01A,隔板 橫樑 隔音板,33,98 169 354 80,,01,前風窗立柱橫樑裡板,PILLAR CROSSMEMBER INNER PANEL,DOUBLURE DE TRAVERSE DE BAIE,K9PP771E01A.jpg
车身 Carrosserie,橫樑,K9PP771E01A,隔板 橫樑 隔音板,70,7481 ZN,,10,固定夾,FIXING CLIP,CLIP DE FIXATION,K9PP771E01A.jpg
车身 Carrosserie,橫樑,K9PP771E01A,隔板 橫樑 隔音板,71,98 250 089 80,,13,隔音固定夾,SOUNDPROOFING RETAINING CLIP,CLIP MAINTIEN INSONORISANT,K9PP771E01A.jpg
车身 Carrosserie,橫樑,K9PP771E01A,隔板 橫樑 隔音板,72,16 227 495 80,,03,(MUL) 鉚釘,(MUL) RIVET,(MUL) RIVET,K9PP771E01A.jpg
车身 Carrosserie,橫樑,K9PP771E01A,隔板 橫樑 隔音板,73,4523 07,,01,隔音固定夾,SOUNDPROOFING RETAINING CLIP,CLIP MAINTIEN INSONORISANT,K9PP771E01A.jpg
车身 Carrosserie,牽引球和線束,K9PP774C01A,牽引,01,98 164 213 80,,01,拖車線束,TOW ELECTRICS,FAISCEAU ATTELAGE REMORQUE,K9PP774C01A.jpg
车身 Carrosserie,牽引球和線束,K9PP774C01A,牽引,03,16 232 410 80,,01,(ACC) 牽引球接頭元件,(ACC) TRLR TOWBAR BALL JOINT,(ACC) ROTULE ATTELAGE REMORQUE,K9PP774C01A.jpg
车身 Carrosserie,牽引球和線束,K9PP774C01A,牽引,70,5173 35,,06,(MUL) 凸緣螺栓,(MUL) FLANGED BOLT,(MUL) VIS A EMBASE,K9PP774C01A.jpg
车身 Carrosserie,牽引球和線束,K9PP774C01A,牽引,71,6939 A2,,04,(MUL)帶墊圈螺母,(MUL) NUT WITH CAPTIVE WASHER,(MUL) ECROU AVEC RDL IMPDB,K9PP774C01A.jpg
车身 Carrosserie,牽引球和線束,K9PP774C01A,牽引,72,5033 89,,04,行程限位器,DISPLACEMENT LIMITER,LIMITEUR DE DEBATTEMENT,K9PP774C01A.jpg
车身 Carrosserie,發動機罩,K9PP779A01A,發動機罩,01,98 204 228 80,,01,發動機機罩,BONNET,CAPOT MOTEUR,K9PP779A01A.jpg
车身 Carrosserie,發動機罩,K9PP779A01A,發動機罩,02,98 164 850 80,,01,機罩鉸鏈,BONNET HINGE,CHARNIERE DE CAPOT,K9PP779A01A.jpg
车身 Carrosserie,發動機罩,K9PP779A01A,發動機罩,04,98 172 975 80,,01,機罩鎖鉤,ENGINE HOOD SAFETY HOOK,CROCHET DE SECURITE DE CAPOT,K9PP779A01A.jpg
车身 Carrosserie,發動機罩,K9PP779A01A,發動機罩,05,98 305 227 80,,01,機罩撐杆,BONNET STAY,BEQUILLE DE CAPOT,K9PP779A01A.jpg
车身 Carrosserie,發動機罩,K9PP779A01A,發動機罩,06,98 168 331 80,,01,機罩手動開啟控制器,MANUAL BONNET CONTROL,COMMANDE MANUELLE DE CAPOT,K9PP779A01A.jpg
车身 Carrosserie,發動機罩,K9PP779A01A,發動機罩,07,98 010 805 80,,01,開啟手柄支架,OPENING CONTROL SUPPORT,SUPPORT COMMANDE OUVERTURE,K9PP779A01A.jpg
车身 Carrosserie,發動機罩,K9PP779A01A,發動機罩,08,8733 88,,04,發動機罩緩衝塊,BONNET STOP,BUTEE DE CAPOT,K9PP779A01A.jpg
车身 Carrosserie,發動機罩,K9PP779A01A,發動機罩,09,98 088 702 80,,01,機罩鎖,BONNET LOCK,SERRURE DE CAPOT,K9PP779A01A.jpg
车身 Carrosserie,發動機罩,K9PP779A01A,發動機罩,10,98 181 912 80,,01,機罩密封條,ENGINE BONNET SEAL,JOINT DE CAPOT MOTEUR,K9PP779A01A.jpg
车身 Carrosserie,發動機罩,K9PP779A01A,發動機罩,11,98 173 923 80,,01,機罩隔音墊,BONNET SOUND PROOFING,INSONORISATION DE CAPOT,K9PP779A01A.jpg
车身 Carrosserie,發動機罩,K9PP779A01A,發動機罩,70,98 098 400 80,,04,螺絲,BOLT,VIS,K9PP779A01A.jpg
车身 Carrosserie,發動機罩,K9PP779A01A,發動機罩,71,6939 97,,04,(MUL)帶墊圈螺母,(MUL) NUT WITH CAPTIVE WASHER,(MUL) ECROU AVEC RDL IMPDB,K9PP779A01A.jpg
车身 Carrosserie,發動機罩,K9PP779A01A,發動機罩,72,6924 74,,01,MUL RLX螺栓,(MUL) RLX SCREW,(MUL) VIS RLX,K9PP779A01A.jpg
车身 Carrosserie,發動機罩,K9PP779A01A,發動機罩,73,6925 P8,,02,MUL RLX螺栓,(MUL) RLX SCREW,(MUL) VIS RLX,K9PP779A01A.jpg
车身 Carrosserie,發動機罩,K9PP779A01A,發動機罩,74,7934 E1,,02,螺絲,BOLT,VIS,K9PP779A01A.jpg
车身 Carrosserie,發動機罩,K9PP779A01A,發動機罩,75,16 227 495 80,,08,(MUL) 鉚釘,(MUL) RIVET,(MUL) RIVET,K9PP779A01A.jpg
车身 Carrosserie,發動機罩,K9PP779A01A,發動機罩,80,6935 A6,,02,(MUL)凸緣螺母,(MUL) FLANGED NUT,(MUL) ECROU A EMBASE,K9PP779A01A.jpg
车身 Carrosserie,發動機罩,K9PP779A01A,發動機罩,85,16 845 285 80,,01,MKT發動機罩緊韌體,(MKT) BONNET FASTENINGS,(MKT) FIXATIQUES CAPOT,K9PP779A01A.jpg
车身 Carrosserie,發動機罩,K9PP779A01A,發動機罩,90,7950 59,,01,(MUL)卡扣,(MUL) CLIP,(MUL) AGRAFE,K9PP779A01A.jpg
车身 Carrosserie,發動機罩,K9PP779A01A,發動機罩,91,7928 43,,01,機罩開啟軟軸固定卡,BONNET CONTROL FASTENER CLIP,AGRAFE DE FIX COMMANDE CAPOT,K9PP779A01A.jpg
车身 Carrosserie,發動機罩,K9PP779A01A,發動機罩,92,6992 62,,01,(MUL)卡扣,(MUL) CLIP,(MUL) AGRAFE,K9PP779A01A.jpg
车身 Carrosserie,發動機罩,K9PP779A01A,發動機罩,93,6992 40,,01,(MUL)卡扣,(MUL) CLIP,(MUL) AGRAFE,K9PP779A01A.jpg
车身 Carrosserie,白車身,K9PP770B01A,說明標籤,01,16 078 324 80,,01,貼上式製造商標籤,ADHESIVE MANUFACTURER LABEL,ETIQUETTE CONSTRUCTEUR ADHESIF,K9PP770B01A.jpg
车身 Carrosserie,白車身,K9PP770B01A,說明標籤,02,16 117 514 80,,01,VIN 標籤,VIN LABEL,ETIQUETTE VIN,K9PP770B01A.jpg
车身 Carrosserie,白車身,K9PP770B01A,說明標籤,05,16 316 313 80,,01,充氣壓力標籤,TYRE PRESSURE LABEL,ETIQUETTE PRESSION GONFLAGE,K9PP770B01A.jpg
车身 Carrosserie,白車身,K9PP770B01A,說明標籤,11,98 197 029 80,,01,製冷標籤,AIR CONDITIONING LABEL,ETIQUETTE REFRIGERATION,K9PP770B01A.jpg
车身 Carrosserie,白車身,K9PP770B01A,說明標籤,12,98 140 959 80,,01,煙塵排放標籤,SMOKE EMISSIONS LABEL,ETIQUETTE EMANATION FUMEE,K9PP770B01A.jpg
车身 Carrosserie,白車身,K9PP770B01A,說明標籤,40,98 187 358 80,,01,第二制動器使用標籤,SECONDARY BRAKE USAGE LABEL,VIGNETTE UTILISATION FREIN SEC,K9PP770B01A.jpg
车身 Carrosserie,白車身,K9PP770B01A,說明標籤,41,96 421 981 80,,01,說明標籤,RECOMMENDATION LABEL,ETIQUETTE PRECONISATION,K9PP770B01A.jpg
车身 Carrosserie,縱梁,K9PP771A50A,前輪拱及縱梁,01,16 310 639 80,,01,前部縱梁,FRONT CANT RAIL,BRANCARD AVANT,K9PP771A50A.jpg
车身 Carrosserie,縱梁,K9PP771A50A,前輪拱及縱梁,02,16 310 640 80,,01,前部縱梁,FRONT CANT RAIL,BRANCARD AVANT,K9PP771A50A.jpg
车身 Carrosserie,縱梁,K9PP771A50A,前輪拱及縱梁,03,98 167 296 80,,01,前縱梁底座,FRONT CANT RAIL BASE,SEMELLE DE BRANCARD AVANT,K9PP771A50A.jpg
车身 Carrosserie,縱梁,K9PP771A50A,前輪拱及縱梁,04,96 888 240 80,,01,前縱梁連線件,CANT RAIL LINK,LIAISON BRANCARD,K9PP771A50A.jpg
车身 Carrosserie,縱梁,K9PP771A50A,前輪拱及縱梁,05,16 121 026 80,,01,通道加強板,TUNNEL STRENGTHENER,RENFORT TUNNEL,K9PP771A50A.jpg
车身 Carrosserie,縱梁,K9PP771A50A,前輪拱及縱梁,06,96 759 795 80,RP 98 276 984 80,01/01,發動機懸架固定加強件,ENG MOUNT FIXING STRENGTHENER,RENFORT FIXATION BERCEAU MOTEU,K9PP771A50A.jpg
车身 Carrosserie,縱梁,K9PP771A50A,前輪拱及縱梁,07,16 090 090 80,,01,發動機托架固定支架,ENGINE SUBFRAME FIXING SUPPORT,SUPPORT FIX BERCEAU MOTEUR,K9PP771A50A.jpg
车身 Carrosserie,縱梁,K9PP771A50A,前輪拱及縱梁,08,96 743 847 80,,01,變速箱支架,GEARBOX SUPPORT,SUPPORT BOITE VITESSE,K9PP771A50A.jpg
车身 Carrosserie,縱梁,K9PP771A50A,前輪拱及縱梁,09,96 743 846 80,,01,變速箱支架,GEARBOX SUPPORT,SUPPORT BOITE VITESSE,K9PP771A50A.jpg
车身 Carrosserie,縱梁,K9PP771A50A,前輪拱及縱梁,10,96 783 209 80,,01,保險槓吸能器支架,BUMPER ABSORBER SUPPORT,SUPPORT ABSORBEUR PARE CHOC,K9PP771A50A.jpg
车身 Carrosserie,縱梁,K9PP771A50A,前輪拱及縱梁,11,98 157 262 80,RP 98 332 474 80,02/01,前縱梁後部,REAR CHASSIS LEG,BRANCARD ARRIERE,K9PP771A50A.jpg
车身 Carrosserie,縱梁,K9PP771A50A,前輪拱及縱梁,12,7518 L6,,02,堵塞,PLUG,OBTURATEUR,K9PP771A50A.jpg
车身 Carrosserie,縱梁,K9PP771A50A,前輪拱及縱梁,13,16 112 643 80,,01,發動機托架固定支架,ENGINE SUBFRAME FIXING SUPPORT,SUPPORT FIX BERCEAU MOTEUR,K9PP771A50A.jpg
车身 Carrosserie,縱梁,K9PP771A50A,前輪拱及縱梁,14,16 173 056 80,RP 16 310 640 80,01/01,前部縱梁,FRONT CANT RAIL,BRANCARD AVANT,K9PP771A50A.jpg
车身 Carrosserie,縱梁,K9PP771A50A,前輪拱及縱梁,15,98 008 554 80,,01,發動機懸架固定加強件,ENG MOUNT FIXING STRENGTHENER,RENFORT FIXATION BERCEAU MOTEU,K9PP771A50A.jpg
车身 Carrosserie,縱梁,K9PP771A50A,前輪拱及縱梁,30,16 845 290 80,,01,MKT前保險槓固定件,(MKT) FRONT IMPACT FIXINGS,(MKT) FIXATIQUES CHOC AVANT,K9PP771A50A.jpg
车身 Carrosserie,縱梁,K9PP771A50A,前輪拱及縱梁,70,96 763 795 80,,02,車身固定螺母,BODY FIXING NUT,ECROU FIX CAISSE,K9PP771A50A.jpg
车身 Carrosserie,車身堵塞蓋,K9PP775F01A,車身上的堵塞,01,6438 68,,01,(MUL) 堵蓋,(MUL) CLOSER,(MUL) OBTURATEUR,K9PP775F01A.jpg
车身 Carrosserie,車身堵塞蓋,K9PP775F01A,車身上的堵塞,02,6462 72,,01,(MUL) 堵蓋,(MUL) CLOSER,(MUL) OBTURATEUR,K9PP775F01A.jpg
车身 Carrosserie,車身堵塞蓋,K9PP775F01A,車身上的堵塞,03,6547 L7,,01,(MUL) 堵蓋,(MUL) CLOSER,(MUL) OBTURATEUR,K9PP775F01A.jpg
车身 Carrosserie,車身堵塞蓋,K9PP775F01A,車身上的堵塞,04,6983 42,,01,(MUL) 堵蓋,(MUL) CLOSER,(MUL) OBTURATEUR,K9PP775F01A.jpg
车身 Carrosserie,車身堵塞蓋,K9PP775F01A,車身上的堵塞,05,6988 58,,01,堵塞,PLUG,OBTURATEUR,K9PP775F01A.jpg
车身 Carrosserie,車身堵塞蓋,K9PP775F01A,車身上的堵塞,06,7518 WQ,,01,堵塞,PLUG,OBTURATEUR,K9PP775F01A.jpg
车身 Carrosserie,車身堵塞蓋,K9PP775F01A,車身上的堵塞,07,7467 Y0,,01,粘性貼膜,ADHESIVE FILM,FILM ADHESIF,K9PP775F01A.jpg
车身 Carrosserie,車身堵塞蓋,K9PP775F01A,車身上的堵塞,08,7518 57,,01,(MUL) 堵蓋,(MUL) CLOSER,(MUL) OBTURATEUR,K9PP775F01A.jpg
车身 Carrosserie,車身堵塞蓋,K9PP775F01A,車身上的堵塞,09,7518 A8,,01,後入口踏腳堵塞,REAR ENTRANCE POST PLUG,OBTURATEUR DE PIED D’ENTREE AR,K9PP775F01A.jpg
车身 Carrosserie,車身堵塞蓋,K9PP775F01A,車身上的堵塞,10,7518 ES,,01,排水閥,WATER DRAINAGE VALVE,CLAPET EVACUATION EAU,K9PP775F01A.jpg
车身 Carrosserie,車身堵塞蓋,K9PP775F01A,車身上的堵塞,11,7518 G6,,01,(MUL) 堵蓋,(MUL) CLOSER,(MUL) OBTURATEUR,K9PP775F01A.jpg
车身 Carrosserie,車身堵塞蓋,K9PP775F01A,車身上的堵塞,12,7518 G7,RP YL 011 707 80,01/01,堵塞,PLUG,OBTURATEUR,K9PP775F01A.jpg
车身 Carrosserie,車身堵塞蓋,K9PP775F01A,車身上的堵塞,13,7518 H2,,01,(MUL) 堵蓋,(MUL) CLOSER,(MUL) OBTURATEUR,K9PP775F01A.jpg
车身 Carrosserie,車身堵塞蓋,K9PP775F01A,車身上的堵塞,14,7518 L6,,01,堵塞,PLUG,OBTURATEUR,K9PP775F01A.jpg
车身 Carrosserie,車身堵塞蓋,K9PP775F01A,車身上的堵塞,15,7518 R3,,01,密封卡扣,SEALING CLIP,AGRAFE ETANCHE,K9PP775F01A.jpg
车身 Carrosserie,車身堵塞蓋,K9PP775F01A,車身上的堵塞,16,7518 TB,,01,粘性貼膜,ADHESIVE FILM,FILM ADHESIF,K9PP775F01A.jpg
车身 Carrosserie,車身堵塞蓋,K9PP775F01A,車身上的堵塞,17,8335 VP,,01,(MUL) 堵蓋,(MUL) CLOSER,(MUL) OBTURATEUR,K9PP775F01A.jpg
车身 Carrosserie,車身堵塞蓋,K9PP775F01A,車身上的堵塞,18,8336 50,,01,(MUL) 堵蓋,(MUL) CLOSER,(MUL) OBTURATEUR,K9PP775F01A.jpg
车身 Carrosserie,車身堵塞蓋,K9PP775F01A,車身上的堵塞,19,9023 G1,,01,堵塞,PLUG,OBTURATEUR,K9PP775F01A.jpg
车身 Carrosserie,車身堵塞蓋,K9PP775F01A,車身上的堵塞,20,96 435 798 80,,01,粘性貼膜,ADHESIVE FILM,FILM ADHESIF,K9PP775F01A.jpg
车身 Carrosserie,車身堵塞蓋,K9PP775F01A,車身上的堵塞,21,96 565 031 80,,01,密封件,SEALED COMPONENT,ELEMENT ETANCHE,K9PP775F01A.jpg
车身 Carrosserie,車身堵塞蓋,K9PP775F01A,車身上的堵塞,22,16 100 175 80,,01,車身密封粘接劑套件,SET OF BODY SEALING ADHESIVES,LOT ADHESIFS ETANCHEITE CAISSE,K9PP775F01A.jpg
车身 Carrosserie,車身堵塞蓋,K9PP775F01A,車身上的堵塞,23,6587 H1,,01,粘性貼膜,ADHESIVE FILM,FILM ADHESIF,K9PP775F01A.jpg
车身 Carrosserie,車身堵塞蓋,K9PP775F01A,車身上的堵塞,24,7518 R8,RP YL 011 709 80,01/01,(MUL) 堵蓋,(MUL) CLOSER,(MUL) OBTURATEUR,K9PP775F01A.jpg
车身 Carrosserie,車身堵塞蓋,K9PP775F01A,車身上的堵塞,25,6454 26,,01,前圍堵塞,BULKHEAD CLOSER,OBTURATEUR DE TABLIER,K9PP775F01A.jpg
车身 Carrosserie,車身堵塞蓋,K9PP775F01A,車身上的堵塞,26,97 502 211 80,,01,粘性貼膜,ADHESIVE FILM,FILM ADHESIF,K9PP775F01A.jpg
车身 Carrosserie,車身堵塞蓋,K9PP775F01A,車身上的堵塞,27,96 844 558 80,,01,粘性貼膜,ADHESIVE FILM,FILM ADHESIF,K9PP775F01A.jpg
车身 Carrosserie,車身堵塞蓋,K9PP775F01A,車身上的堵塞,28,6983 66,,01,粘性貼膜,ADHESIVE FILM,FILM ADHESIF,K9PP775F01A.jpg
车身 Carrosserie,車身底板防護板,K9PP770H01A,車身底部護罩,01,98 287 972 80,RP 98 469 133 80,01/01,發動機和變速箱下的隔音墊,SNDPRFNG UNDER ENGINE AND GRBX,INSONORISATION SOUS MOT ET BV,K9PP770H01A.jpg
车身 Carrosserie,車身底板防護板,K9PP770H01A,車身底部護罩,03,98 145 457 80,,01,燃油箱導流板,FUEL TANK DEFLECTOR,DEFLECTEUR RESERVOIR CARBURAN,K9PP770H01A.jpg
车身 Carrosserie,車身底板防護板,K9PP770H01A,車身底部護罩,70,6936 58,,03,(MUL)凸緣螺母,(MUL) FLANGED NUT,(MUL) ECROU A EMBASE,K9PP770H01A.jpg
车身 Carrosserie,車身底板防護板,K9PP770H01A,車身底部護罩,71,98 098 400 80,,01,螺絲,BOLT,VIS,K9PP770H01A.jpg
车身 Carrosserie,車頂內襯,K9PP881D01A,內後視鏡 - 遮陽板,01,98 094 986 BJ,,01,遮陽板,SUN VISOR,PARE-SOLEIL,K9PP881D01A.jpg
车身 Carrosserie,車頂內襯,K9PP881D01A,內後視鏡 - 遮陽板,02,98 094 980 BJ,,01,遮陽板,SUN VISOR,PARE-SOLEIL,K9PP881D01A.jpg
车身 Carrosserie,車頂內襯,K9PP881D01A,內後視鏡 - 遮陽板,03,8163 ES,,02,掛鉤,HOOK,CROCHET,K9PP881D01A.jpg
车身 Carrosserie,車頂內襯,K9PP881D01A,內後視鏡 - 遮陽板,04,98 133 651 80,,02,遮陽板固定卡,SUN VISOR RETAINING CLIP,CLIP DE MAINTIEN PARE-SOLEIL,K9PP881D01A.jpg
车身 Carrosserie,車頂內襯,K9PP881D01A,內後視鏡 - 遮陽板,05,98 088 311 XT,,01,內後視鏡,INSIDE REAR VIEW MIRROR,RETROVISEUR INTERIEUR,K9PP881D01A.jpg
车身 Carrosserie,車頂內襯,K9PP881D01A,內後視鏡 - 遮陽板,06,98 175 982 XT,,01,內後視鏡底座蓋,INTERIOR MIRROR BASE COVER,CACHE EMBASE RETRO INTERIEUR,K9PP881D01A.jpg
车身 Carrosserie,車頂內襯,K9PP883F05A,頂襯 - 把手,01,98 305 119 BJ,,01,頂蓋內飾板,HEADLINING,GARNITURE DE PAVILLON,K9PP883F05A.jpg
车身 Carrosserie,車頂內襯,K9PP883F05A,頂襯 - 把手,03,98 243 465 BJ,,01,凹洞裝飾板,OVERHEAD STORAGE COMPART TRIM,GARNITURE NICHE CAPUCINE,K9PP883F05A.jpg
车身 Carrosserie,車頂內襯,K9PP883F05A,頂襯 - 把手,04,98 238 770 BJ,,01,裝飾堵蓋,TRIM-EFFECT BLANK,OBTURATEUR ASPECT GARNITURE,K9PP883F05A.jpg
车身 Carrosserie,車頂內襯,K9PP883F05A,頂襯 - 把手,05,98 238 774 BJ,,01,裝飾堵蓋,TRIM-EFFECT BLANK,OBTURATEUR ASPECT GARNITURE,K9PP883F05A.jpg
车身 Carrosserie,車頂內襯,K9PP883F05A,頂襯 - 把手,06,98 310 763 BJ,,01,裝飾件固定蓋,TRIM FIXING COVER,CACHE FIXATION GARNITURE,K9PP883F05A.jpg
车身 Carrosserie,車頂內襯,K9PP883F05A,頂襯 - 把手,07,98 260 391 80,,01,頂篷裝飾板加強板,HEADLINING STRENGTHENER,RENFORT GARNITURE PAVILLON,K9PP883F05A.jpg
车身 Carrosserie,車頂內襯,K9PP883F05A,頂襯 - 把手,09,8337 02,,02,頂棚墊塊,ROOF SHIM,CALE DE PAVILLON,K9PP883F05A.jpg
车身 Carrosserie,車頂內襯,K9PP883F05A,頂襯 - 把手,10,98 222 998 BJ,,01,安全帶導向器,SEAT BELT STRAP GUIDE,GUIDE SANGLE CEINTURE,K9PP883F05A.jpg
车身 Carrosserie,車頂內襯,K9PP883F05A,頂襯 - 把手,11,98 224 181 80,,01,安全帶導向支架,BELT GUIDE SUPPORT,SUPPORT GUIDE SANGLE,K9PP883F05A.jpg
车身 Carrosserie,車頂內襯,K9PP883F05A,頂襯 - 把手,12,98 292 198 80,,02,頂棚墊塊,ROOF SHIM,CALE DE PAVILLON,K9PP883F05A.jpg
车身 Carrosserie,車頂內襯,K9PP883F05A,頂襯 - 把手,20,98 382 809 BJ,,04,網固定蓋,NET FIXING COVER,CACHE FIXATION FILET,K9PP883F05A.jpg
车身 Carrosserie,車頂內襯,K9PP883F05A,頂襯 - 把手,70,9128 W4,,01,卡子,STAPLE,AGRAFE,K9PP883F05A.jpg
车身 Carrosserie,車頂內襯,K9PP883F30A,車頂控制檯,01,98 245 018 BJ,,01,頂篷控制面板,ROOF CONSOLE,CONSOLE SUR PAVILLON,K9PP883F30A.jpg
车身 Carrosserie,車頂內襯,K9PP883F30A,車頂控制檯,03,98 173 531 BJ,,01,頂篷控制面板,ROOF CONSOLE,CONSOLE SUR PAVILLON,K9PP883F30A.jpg
车身 Carrosserie,車頂內襯,K9PP883F30A,車頂控制檯,04,98 172 884 BJ,,01,頂篷控制面板,ROOF CONSOLE,CONSOLE SUR PAVILLON,K9PP883F30A.jpg
车身 Carrosserie,車頂內襯,K9PP883F30A,車頂控制檯,05,98 221 634 BJ,,03,頭頂分隔間的可移動隔離物,OVRHD STRG CMPRTMNT RMVBL PRTN,CLOISON AMOVIBLE NICHE CAPUCIN,K9PP883F30A.jpg
车身 Carrosserie,車頂內襯,K9PP883F30A,車頂控制檯,10,8146 CW,,02,副儀表開關支架,CONSOLE SWITCH SUPPORT,SUPPORT INTERRUPTEUR CONSOLE,K9PP883F30A.jpg
车身 Carrosserie,車頂內襯,K9PP883F30A,車頂控制檯,70,6922 C7,,06,(MUL)六角頭帶墊圈螺栓,(MUL) TH SCREW WITH WASHER,(MUL) VIS TH RDL,K9PP883F30A.jpg
车身 Carrosserie,車頂內襯,K9PP883F30A,車頂控制檯,75,98 027 744 80,,16,(MUL)六角頭帶墊圈螺栓,(MUL) TH SCREW WITH WASHER,(MUL) VIS TH RDL,K9PP883F30A.jpg
车身 Carrosserie,車頂內襯,K9PP883F30A,車頂控制檯,76,6922 H3,RP 6230 06,04/01,(MUL)六角頭帶墊圈螺栓,(MUL) TH SCREW WITH WASHER,(MUL) VIS TH RDL,K9PP883F30A.jpg
车身 Carrosserie,車頂內襯,K9PP883F30A,車頂控制檯,77,6924 10,,02,MUL 大的內六角花形半圓頭螺釘,(MUL) CBLX SCREW,(MUL) VIS CBLX,K9PP883F30A.jpg
车身 Carrosserie,車頂內襯,K9PP883F70A,車頂行李盒,01,98 271 678 BJ,,01,頂蓬盒,ROOF BOX,COFFRE DE PAVILLON,K9PP883F70A.jpg
车身 Carrosserie,車頂內襯,K9PP883F70A,車頂行李盒,02,98 223 017 BJ,,01,安裝管飾件,MOUNTING PIPE TRIM,ENJOLIVEUR TUBE ARTICULATION,K9PP883F70A.jpg
车身 Carrosserie,車頂內襯,K9PP883F70A,車頂行李盒,03,98 221 187 XZ,,01,鉸接管接頭,MOUNTING PIPE END PIECE,EMBOUT TUBE ARTICULATION,K9PP883F70A.jpg
车身 Carrosserie,車頂內襯,K9PP883F70A,車頂行李盒,04,96 829 342 BJ,,01,車頂行李箱固定繩支架,ROOF BOX CORD SUPPORT,SUPPORT CORDON COFFRE PAVILLON,K9PP883F70A.jpg
车身 Carrosserie,車頂內襯,K9PP883F70A,車頂行李盒,70,6925 P8,,06,MUL RLX螺栓,(MUL) RLX SCREW,(MUL) VIS RLX,K9PP883F70A.jpg
车身 Carrosserie,車頂內襯,K9PP883F70A,車頂行李盒,71,6924 C1,,02,MUL 大的內六角花形半圓頭螺釘,(MUL) CBLX SCREW,(MUL) VIS CBLX,K9PP883F70A.jpg
车身 Carrosserie,車頂彎梁,K9PP883A50A,車頂彎梁,01,16 316 338 80,,01,頂蓋弧形加強板,ROOF ARCH STIFFENER,RENFORT ARC DE PAVILLON,K9PP883A50A.jpg
车身 Carrosserie,車頂彎梁,K9PP883A50A,車頂彎梁,02,16 316 873 80,,01,頂蓋弧形板裡板,ROOF BOW INNER FRAME,DOUBLURE D’ARC DE PAVILLON,K9PP883A50A.jpg
车身 Carrosserie,車頂彎梁,K9PP883A50A,車頂彎梁,03,98 164 648 80,,01,頂蓋弧形加強板,ROOF ARCH STIFFENER,RENFORT ARC DE PAVILLON,K9PP883A50A.jpg
车身 Carrosserie,車頂板,K9PP883A01A,車頂板- 內框架- 行李架,03,98 165 650 80,,01,多功能頂蓬,MULTIFUNCTION ROOF,PAVILLON MULTIFONCTIONS,K9PP883A01A.jpg
车身 Carrosserie,車頂板,K9PP883A01A,車頂板- 內框架- 行李架,04,96 806 567 80,,01,行李箱加強板,LUGGAGE RACK STRENGTHENER,RENFORT DE PORTE BAGAGES,K9PP883A01A.jpg
车身 Carrosserie,車頂板,K9PP883A01A,車頂板- 內框架- 行李架,05,98 204 638 80,,01,壓接螺母,CRIMP NUT,ECROU A SERTIR,K9PP883A01A.jpg
车身 Carrosserie,車頂板,K9PP883A01A,車頂板- 內框架- 行李架,06,98 196 553 80,,01,頂篷橫樑,ROOF CROSSMEMBER,TRAVERSE DE PAVILLON,K9PP883A01A.jpg
车身 Carrosserie,車頂板,K9PP883A01A,車頂板- 內框架- 行李架,08,16 277 975 80,,01,車頂彎梁,ROOF BOW,ARCEAU DE PAVILLON,K9PP883A01A.jpg
车身 Carrosserie,車頂板,K9PP883A01A,車頂板- 內框架- 行李架,09,98 240 029 80,,01,頂蓋玻璃支架,ROOF GLASS SUPPORT,SUPPORT VITRE PAVILLON,K9PP883A01A.jpg
车身 Carrosserie,車頂板,K9PP883A01A,車頂板- 內框架- 行李架,10,16 271 397 80,,01,頂蓋後橫樑,ROOF REAR CROSSMEMBER,TRAVERSE ARRIERE DE PAVILLON,K9PP883A01A.jpg
车身 Carrosserie,車頂板,K9PP883A01A,車頂板- 內框架- 行李架,15,98 177 512 XY,,01,行李架,ROOF BAR,BARRE PORTE-TOUT,K9PP883A01A.jpg
车身 Carrosserie,車頂板,K9PP883A01A,車頂板- 內框架- 行李架,20,98 177 523 XY,,04,行李存放杆機罩總成,LUGGAGE BAR COVER ASSEMBLY,ENS CAPOT BARRE PORTE BAGAGES,K9PP883A01A.jpg
车身 Carrosserie,車頂板,K9PP883A01A,車頂板- 內框架- 行李架,30,98 171 177 80,,01,頂篷玻璃,ROOF GLASS,VITRE PAVILLON,K9PP883A01A.jpg
车身 Carrosserie,車頂板,K9PP883A01A,車頂板- 內框架- 行李架,85,9035 S1,,06,螺釘,BOLT,VIS,K9PP883A01A.jpg
车身 Carrosserie,鎖止,K9PP887A50A,尾門鎖,01,98 161 953 80,,01,尾門鎖,TAILGATE LOCK,SERRURE DE VOLET ARRIERE,K9PP887A50A.jpg
车身 Carrosserie,鎖止,K9PP887A50A,尾門鎖,03,8719 G8,,01,後入口鎖,REAR ACCESS LOCK,SERRURE ACCES ARRIERE,K9PP887A50A.jpg
车身 Carrosserie,鎖止,K9PP887A50A,尾門鎖,12,98 088 668 80,,01,鎖釦總成,STRIKER ASSEMBLY,GACHE ASSEMBLEE,K9PP887A50A.jpg
车身 Carrosserie,鎖止,K9PP887A50A,尾門鎖,17,8725 78,,01,(MUL)支架,(MUL) BRACKET,(MUL) SUPPORT,K9PP887A50A.jpg
车身 Carrosserie,鎖止,K9PP887A50A,尾門鎖,70,16 113 852 80,,02,MUL RLX螺栓,(MUL) RLX SCREW,(MUL) VIS RLX,K9PP887A50A.jpg
车身 Carrosserie,鎖止,K9PP887A50A,尾門鎖,73,98 246 745 80,,04,MUL RLX螺栓,(MUL) RLX SCREW,(MUL) VIS RLX,K9PP887A50A.jpg
车身 Carrosserie,鎖止,K9PP887A50A,尾門鎖,90,14 008 258 80,,01,密封件,SEAL ELEMENT,ELEMENT ETANCHEITE,K9PP887A50A.jpg
车身 Carrosserie,鎖止,K9PP991E01A,後鉸接車門門鎖,90,97 502 211 80,,01,粘性貼膜,ADHESIVE FILM,FILM ADHESIF,K9PP991E01A.jpg
装备 Équipement,中央控制檯,K9PP665N50A,中控臺開關和堵蓋,30,98 199 630 JX,,01,SOS開關,SOS SWITCH,COMMUTATEUR SOS,K9PP665N50A.jpg
装备 Équipement,中央控制檯,K9PP665N50A,中控臺開關和堵蓋,31,96 780 990 ZD,,01,援助呼叫開關,ASSISTANCE CALL SWITCH,COMMUTATEUR APPEL ASSISTANCE,K9PP665N50A.jpg
装备 Équipement,中央控制檯,K9PP882P01A,前中控臺-菸灰缸,01,98 165 631 ZD,,01,副儀表板,FLOOR CONTROL CONSOLE,CONSOLE DE CDE SUR PLANCHER,K9PP882P01A.jpg
装备 Équipement,中央控制檯,K9PP882P01A,前中控臺-菸灰缸,05,98 244 530 FZ,,01,副儀表板側裝飾板,CONSOLE FLANGE TRIM,GARNITURE FLASQUE CONSOLE,K9PP882P01A.jpg
装备 Équipement,中央控制檯,K9PP882P01A,前中控臺-菸灰缸,06,98 244 531 FZ,,01,副儀表板側裝飾板,CONSOLE FLANGE TRIM,GARNITURE FLASQUE CONSOLE,K9PP882P01A.jpg
装备 Équipement,中央控制檯,K9PP882P01A,前中控臺-菸灰缸,07,98 184 541 ZD,,01,儲物箱裝飾件,STORAGE COMPARTMENT TRIM,GARNITURE VIDE POCHES,K9PP882P01A.jpg
装备 Équipement,中央控制檯,K9PP882P01A,前中控臺-菸灰缸,09,98 194 382 ZD,,04,副儀表固定蓋,CONSOLE MOUNTING COVER,CACHE FIXATION CONSOLE,K9PP882P01A.jpg
装备 Équipement,中央控制檯,K9PP882P01A,前中控臺-菸灰缸,10,98 168 076 80,,01,副儀表板下通氣管,CONSOLE WARM AIR DUCT,CONDUIT D’AIR SOUS CONSOLE,K9PP882P01A.jpg
装备 Équipement,中央控制檯,K9PP882P01A,前中控臺-菸灰缸,11,98 187 945 80,,01,副儀表板下通氣管,CONSOLE WARM AIR DUCT,CONDUIT D’AIR SOUS CONSOLE,K9PP882P01A.jpg
装备 Équipement,中央控制檯,K9PP882P01A,前中控臺-菸灰缸,13,98 111 333 80,,01,空調通氣管,HEATER AIR CHANNEL,CONDUIT D’AIR DE CLIMATISEUR,K9PP882P01A.jpg
装备 Équipement,中央控制檯,K9PP882P01A,前中控臺-菸灰缸,14,98 111 334 80,,01,空調通氣管,HEATER AIR CHANNEL,CONDUIT D’AIR DE CLIMATISEUR,K9PP882P01A.jpg
装备 Équipement,中央控制檯,K9PP882P01A,前中控臺-菸灰缸,16,98 253 431 ZD,,01,副儀表板面板,FLOOR CONSOLE FACE,FACADE DE CONSOLE SUR PLANCHER,K9PP882P01A.jpg
装备 Équipement,中央控制檯,K9PP882P01A,前中控臺-菸灰缸,80,96 753 802 80,,04,MUL RLX螺栓,(MUL) RLX SCREW,(MUL) VIS RLX,K9PP882P01A.jpg
装备 Équipement,中央控制檯,K9PP882P01A,前中控臺-菸灰缸,81,16 227 495 80,,05,(MUL) 鉚釘,(MUL) RIVET,(MUL) RIVET,K9PP882P01A.jpg
装备 Équipement,中央控制檯,K9PP882P01A,前中控臺-菸灰缸,82,7591 GP,,02,螺絲,BOLT,VIS,K9PP882P01A.jpg
装备 Équipement,中央控制檯,K9PP882P40A,後地板控制檯-菸灰缸,01,98 165 636 ZD,,01,副儀表板面板,FLOOR CONSOLE FACE,FACADE DE CONSOLE SUR PLANCHER,K9PP882P40A.jpg
装备 Équipement,中央控制檯,K9PP882P40A,後地板控制檯-菸灰缸,02,98 151 822 ZD,,01,副儀表板出風口,CONSOLE AIR DISTRIBUTION,DIFFUSEUR D’AIR SUR CONSOLE,K9PP882P40A.jpg
装备 Équipement,中央控制檯,K9PP882P40A,後地板控制檯-菸灰缸,04,98 165 478 80,,01,副儀表板支架,CONSOLE SUPPORT ON FLOOR,SUPPORT CONSOLE SUR PLANCHER,K9PP882P40A.jpg
装备 Équipement,中央控制檯,K9PP882P40A,後地板控制檯-菸灰缸,80,96 753 802 80,,04,MUL RLX螺栓,(MUL) RLX SCREW,(MUL) VIS RLX,K9PP882P40A.jpg
装备 Équipement,中央控制檯,K9PP882P40A,後地板控制檯-菸灰缸,81,16 227 495 80,,05,(MUL) 鉚釘,(MUL) RIVET,(MUL) RIVET,K9PP882P40A.jpg
装备 Équipement,中央控制檯,K9PP882P40A,後地板控制檯-菸灰缸,82,7591 GP,,02,螺絲,BOLT,VIS,K9PP882P40A.jpg
装备 Équipement,中間座椅罩,K9PP889J10A,中間座填料和椅套,01,98 263 373 80,,01,後座椅坐墊填料,REAR SEAT CUSHION PADDING,MATELASSURE COUSSIN SIEGE AR,K9PP889J10A.jpg
装备 Équipement,中間座椅罩,K9PP889J10A,中間座填料和椅套,02,98 263 179 80,,01,後座椅坐墊填料,REAR SEAT CUSHION PADDING,MATELASSURE COUSSIN SIEGE AR,K9PP889J10A.jpg
装备 Équipement,中間座椅罩,K9PP889J10A,中間座填料和椅套,03,98 263 418 80,,01,後座椅坐墊填料,REAR SEAT CUSHION PADDING,MATELASSURE COUSSIN SIEGE AR,K9PP889J10A.jpg
装备 Équipement,中間座椅罩,K9PP889J10A,中間座填料和椅套,04,98 263 561 80,,01,後座椅靠背填料,REAR SEAT BACK PADDING,MATELASSURE DOSSIER SIEGE AR,K9PP889J10A.jpg
装备 Équipement,中間座椅罩,K9PP889J10A,中間座填料和椅套,05,98 263 555 80,,01,後座椅靠背填料,REAR SEAT BACK PADDING,MATELASSURE DOSSIER SIEGE AR,K9PP889J10A.jpg
装备 Équipement,中間座椅罩,K9PP889J10A,中間座填料和椅套,06,98 263 422 80,,01,後座椅靠背填料,REAR SEAT BACK PADDING,MATELASSURE DOSSIER SIEGE AR,K9PP889J10A.jpg
装备 Équipement,中間座椅罩,K9PP889J10A,中間座填料和椅套,07,98 281 068 80,,01,後座椅座墊面料,REAR SEAT CUSHION COVER,COIFFE COUSSIN SIEGE ARRIERE,K9PP889J10A.jpg
装备 Équipement,中間座椅罩,K9PP889J10A,中間座填料和椅套,08,98 281 067 80,,01,後座椅座墊面料,REAR SEAT CUSHION COVER,COIFFE COUSSIN SIEGE ARRIERE,K9PP889J10A.jpg
装备 Équipement,中間座椅罩,K9PP889J10A,中間座填料和椅套,09,98 281 064 80,,01,後座椅座墊面料,REAR SEAT CUSHION COVER,COIFFE COUSSIN SIEGE ARRIERE,K9PP889J10A.jpg
装备 Équipement,中間座椅罩,K9PP889J10A,中間座填料和椅套,10,98 281 073 80,,01,後座椅靠背面料,SEAT SQUAB COVER,COIFFE DOSSIER SIEGE ARRIERE,K9PP889J10A.jpg
装备 Équipement,中間座椅罩,K9PP889J10A,中間座填料和椅套,11,98 281 071 80,,01,後座椅靠背面料,SEAT SQUAB COVER,COIFFE DOSSIER SIEGE ARRIERE,K9PP889J10A.jpg
装备 Équipement,中間座椅罩,K9PP889J10A,中間座填料和椅套,12,98 281 070 80,,01,後座椅靠背面料,SEAT SQUAB COVER,COIFFE DOSSIER SIEGE ARRIERE,K9PP889J10A.jpg
装备 Équipement,中間座椅罩,K9PP889J10A,中間座填料和椅套,15,98 281 055 80,,01,完整的後座椅頭枕,COMPLETE REAR HEAD-REST,APPUI-TETE AR COMPLET,K9PP889J10A.jpg
装备 Équipement,中間座椅罩,K9PP889J10A,中間座填料和椅套,20,98 270 770 80,,01,座椅頭枕導管,SEAT HEADREST GUIDE,GUIDE D’APPUI-TETE DE SIEGE,K9PP889J10A.jpg
装备 Équipement,儀表板,K9PP665N01A,儀表板開關和堵蓋,01,98 170 430 ZD,,01,危險訊號燈開關,HAZARD WARNING LAMPS CONTROL,COMMANDE SIGNAL DANGER,K9PP665N01A.jpg
装备 Équipement,儀表板,K9PP665N01A,儀表板開關和堵蓋,03,98 170 429 ZD,,01,中控鎖開關,CENTRAL LOCKING SWITCH,COMMUTATEUR CONDAMNATION CENTR,K9PP665N01A.jpg
装备 Équipement,儀表板,K9PP665N01A,儀表板開關和堵蓋,04,98 170 269 ZD,,01,多功能開關模組,MULTIFUNCTION SWITCH BLOCK,BLOC COMMUTATEUR MULTIFONCTION,K9PP665N01A.jpg
装备 Équipement,儀表板,K9PP665N01A,儀表板開關和堵蓋,07,98 177 358 ZD,,01,轉換開關,COMMUTATOR,COMMUTATEUR,K9PP665N01A.jpg
装备 Équipement,儀表板,K9PP665N01A,儀表板開關和堵蓋,09,98 170 276 ZD,,01,多功能開關元件,MULTIFUNCTION SWITCH BLOCK,BLOC COMMUTATEUR MULTIFONCTION,K9PP665N01A.jpg
装备 Équipement,儀表板,K9PP665N01A,儀表板開關和堵蓋,20,98 272 051 80,,01,啟動開關,STARTER SWITCH,COMMUTATEUR DEMARRAGE,K9PP665N01A.jpg
装备 Équipement,儀表板,K9PP882A05A,儀表臺- 隔音板,01,16 362 607 ZD,RP 16 841 900 ZD,01/01,儀表板,DASHBOARD,PLANCHE DE BORD,K9PP882A05A.jpg
装备 Équipement,儀表板,K9PP882A05A,儀表臺- 隔音板,03,98 183 804 ZD,,01,儀表板,DASHBOARD,PLANCHE DE BORD,K9PP882A05A.jpg
装备 Équipement,儀表板,K9PP882A05A,儀表臺- 隔音板,04,98 183 776 ZD,,01,儀表板下裝飾板,TRIM UNDER DASHBOARD,GARNITURE SOUS PLANCHE DE BORD,K9PP882A05A.jpg
装备 Équipement,儀表板,K9PP882A05A,儀表臺- 隔音板,05,98 213 489 80,,01,前置氣管,FRONT SEAT AIR DUCT,CONDUIT D’AIR PLACE AVANT,K9PP882A05A.jpg
装备 Équipement,儀表板,K9PP882A05A,儀表臺- 隔音板,09,98 194 382 ZD,,02,副儀表固定蓋,CONSOLE MOUNTING COVER,CACHE FIXATION CONSOLE,K9PP882A05A.jpg
装备 Équipement,儀表板,K9PP882A05A,儀表臺- 隔音板,12,98 165 630 ZD,,01,空調罩,AIR CONDITIONING COVER,CACHE CLIMATISEUR,K9PP882A05A.jpg
装备 Équipement,儀表板,K9PP882A05A,儀表臺- 隔音板,13,98 165 629 ZD,,01,空調罩,AIR CONDITIONING COVER,CACHE CLIMATISEUR,K9PP882A05A.jpg
装备 Équipement,儀表板,K9PP882A05A,儀表臺- 隔音板,15,98 183 807 ZD,,01,儀表板雜物盒,DASHBOARD STORAGE COMPARTMENT,VIDE-POCHES DE PLANCHE DE BORD,K9PP882A05A.jpg
装备 Équipement,儀表板,K9PP882A05A,儀表臺- 隔音板,18,98 165 482 80,,01,通風導管,LOUVER CHANNEL,CONDUIT D’AERATEUR,K9PP882A05A.jpg
装备 Équipement,儀表板,K9PP882A05A,儀表臺- 隔音板,19,98 165 484 80,,01,通風導管,LOUVER CHANNEL,CONDUIT D’AERATEUR,K9PP882A05A.jpg
装备 Équipement,儀表板,K9PP882A05A,儀表臺- 隔音板,20,98 307 523 ZD,,01,側固定蓋,SIDE MOUNTING COVER,CACHE FIXATION LATERAL,K9PP882A05A.jpg
装备 Équipement,儀表板,K9PP882A05A,儀表臺- 隔音板,25,98 231 196 ZD,,01,側固定蓋,SIDE MOUNTING COVER,CACHE FIXATION LATERAL,K9PP882A05A.jpg
装备 Équipement,儀表板,K9PP882A05A,儀表臺- 隔音板,27,98 242 513 80,,01,多功能顯示屏支架,MULTIFUNCTION SCREEN SUPPORT,SUPPORT ECRAN MULTIFONCTION,K9PP882A05A.jpg
装备 Équipement,儀表板,K9PP882A05A,儀表臺- 隔音板,70,96 745 506 80,,04,帶彈性墊片六角頭螺栓,H RCN SCREW,VIS H RCN,K9PP882A05A.jpg
装备 Équipement,儀表板,K9PP882A05A,儀表臺- 隔音板,71,96 753 802 80,,06,MUL RLX螺栓,(MUL) RLX SCREW,(MUL) VIS RLX,K9PP882A05A.jpg
装备 Équipement,儀表板,K9PP882A05A,儀表臺- 隔音板,72,6924 E9,,01,MUL 大的內六角花形半圓頭螺釘,(MUL) CBLX SCREW,(MUL) VIS CBLX,K9PP882A05A.jpg
装备 Équipement,儀表板,K9PP882A05A,儀表臺- 隔音板,73,96 777 504 80,,02,MUL 大的內六角花形半圓頭螺釘,(MUL) CBLX SCREW,(MUL) VIS CBLX,K9PP882A05A.jpg
装备 Équipement,儀表板,K9PP882A05A,儀表臺- 隔音板,75,8231 AF,,02,儀表板固定夾,DASHBOARD RETAINING CLIP,AGRAFE MAINTIEN PLANCHE DE BOR,K9PP882A05A.jpg
装备 Équipement,儀表板上的面板,K9PP882D05A,儀表臺- 飾板,01,16 407 189 FZ,,01,儀表板裝飾條,INSTRUMENT CLUSTER CAPPING,BANDEAU DE PLANCHE DE BORD,K9PP882D05A.jpg
装备 Équipement,儀表板上的面板,K9PP882D05A,儀表臺- 飾板,02,16 407 190 FZ,,01,儀表板裝飾條,INSTRUMENT CLUSTER CAPPING,BANDEAU DE PLANCHE DE BORD,K9PP882D05A.jpg
装备 Équipement,儀表板上的面板,K9PP882D05A,儀表臺- 飾板,04,98 183 769 ZD,,01,儀表板開關支架,DASHBOARD SWITCH BRACKET,SUPPORT INTERRUPTEUR PLANCHE,K9PP882D05A.jpg
装备 Équipement,儀表板上的面板,K9PP882D05A,儀表臺- 飾板,16,98 183 766 ZD,,01,副儀表板面板,FLOOR CONSOLE FACE,FACADE DE CONSOLE SUR PLANCHER,K9PP882D05A.jpg
装备 Équipement,儀表板上的面板,K9PP882D05A,儀表臺- 飾板,17,98 197 256 ZD,,01,多功能支撐板,MULTIFUNCTION SUPPORT PLATE,PLATINE SUPPORT MULTIFONCTION,K9PP882D05A.jpg
装备 Équipement,儀表板上的面板,K9PP882D05A,儀表臺- 飾板,22,98 278 078 80,,01,變速桿底座,GEAR LEVER BASE,EMBASE LEVIER VITESSE,K9PP882D05A.jpg
装备 Équipement,儀表板上的面板,K9PP882D05A,儀表臺- 飾板,31,98 173 425 ZD,,06,堵塞,PLUG,OBTURATEUR,K9PP882D05A.jpg
装备 Équipement,儀表板上的面板,K9PP882D05A,儀表臺- 飾板,35,98 177 534 ZD,,01,固定罩,FIXING COVER,CACHE FIXATION,K9PP882D05A.jpg
装备 Équipement,儀表板上的面板,K9PP882D05A,儀表臺- 飾板,73,96 777 504 80,,02,MUL 大的內六角花形半圓頭螺釘,(MUL) CBLX SCREW,(MUL) VIS CBLX,K9PP882D05A.jpg
装备 Équipement,儀表板上的面板,K9PP882D05A,儀表臺- 飾板,76,96 704 037 80,,02,螺母,FLANGED NUT,ECROU EMBASE,K9PP882D05A.jpg
装备 Équipement,儀表板上的面板,K9PP882E01A,菸灰缸 - 時鐘 - 點菸器,01,96 623 984 ZD,,01,點菸器,CIGARETTE LIGHTER,ALLUME CIGARE,K9PP882E01A.jpg
装备 Équipement,內飾,K9PP775B01A,地板地毯,01,98 219 029 ZD,,01,後地板地毯,REAR FLOOR MAT,TAPIS DE PLANCHER ARRIERE,K9PP775B01A.jpg
装备 Équipement,內飾,K9PP775B01A,地板地毯,05,16 595 897 80,,01,腳墊套件,SET OF MATS,ENSEMBLE SURTAPIS,K9PP775B01A.jpg
装备 Équipement,內飾,K9PP775B01A,地板地毯,06,98 230 179 ZD,RP 98 366 960 ZD,01/01,前地板前地毯,FRONT FLOOR FRONT MAT,TAPIS AVANT DE PLANCHER AVANT,K9PP775B01A.jpg
装备 Équipement,內飾,K9PP775B01A,地板地毯,07,98 261 582 ZD,,01,觀察活門,RECESS DOOR,TRAPPE DE VISITE,K9PP775B01A.jpg
装备 Équipement,內飾,K9PP775B01A,地板地毯,09,98 279 212 80,,01,粘性密封泡沫,ADHESIVE SEALING FOAM,MOUSSE ETANCHEITE ADHESIVE,K9PP775B01A.jpg
装备 Équipement,內飾,K9PP775B01A,地板地毯,10,98 175 182 80,,01,中央通道隔音材料,TUNNEL SOUND PROOFING,INSONORISANT TUNNEL,K9PP775B01A.jpg
装备 Équipement,內飾,K9PP775B01A,地板地毯,11,98 189 987 80,,01,中央通道隔音材料,TUNNEL SOUND PROOFING,INSONORISANT TUNNEL,K9PP775B01A.jpg
装备 Équipement,內飾,K9PP775B01A,地板地毯,12,98 255 510 ZD,,01,前地毯堵蓋,FRONT CARPET COVER,CACHE TAPIS AV,K9PP775B01A.jpg
装备 Équipement,內飾,K9PP775B01A,地板地毯,15,98 344 902 80,,02,固定夾,RETAINING CLIP,CLIP MAINTIEN,K9PP775B01A.jpg
装备 Équipement,內飾,K9PP775B01A,地板地毯,16,98 366 960 ZD,,01,地毯元件,MAT SET,JEU TAPIS,K9PP775B01A.jpg
装备 Équipement,內飾,K9PP775B01A,地板地毯,70,7481 Q6,,02,固定夾,GENERAL FIXING CLIP,CLIP FIXATION GENERALE,K9PP775B01A.jpg
装备 Équipement,內飾,K9PP775B01A,地板地毯,71,7481 ZN,,02,固定夾,FIXING CLIP,CLIP DE FIXATION,K9PP775B01A.jpg
装备 Équipement,內飾,K9PP775B01A,地板地毯,72,6935 A6,,03,(MUL)凸緣螺母,(MUL) FLANGED NUT,(MUL) ECROU A EMBASE,K9PP775B01A.jpg
装备 Équipement,內飾,K9PP775B01A,地板地毯,74,9044 46,,04,螺絲,BOLT,VIS,K9PP775B01A.jpg
装备 Équipement,內飾,K9PP775B62A,地板地毯,15,98 172 191 ZD,,01,行李箱門檻裝飾板,BOOT SILL TRIM,GARNITURE SEUIL COFFRE,K9PP775B62A.jpg
装备 Équipement,內飾,K9PP775B62A,地板地毯,16,98 212 857 XT,,04,行李固定帶,LUGGAGE ATTACHMENT,ATTACHE BAGAGES,K9PP775B62A.jpg
装备 Équipement,內飾,K9PP775B62A,地板地毯,19,98 457 669 ZD,,01,行李箱地毯,BOOT CARPET,TAPIS DE COFFRE,K9PP775B62A.jpg
装备 Équipement,內飾,K9PP775B62A,地板地毯,70,9044 46,,04,螺絲,BOLT,VIS,K9PP775B62A.jpg
装备 Équipement,內飾,K9PP882L01A,前側內飾板,01,98 163 958 ZD,,01,前立柱下部飾件,FRONT PILLAR LOWER TRIM,GARNITURE INF PIED AVANT,K9PP882L01A.jpg
装备 Équipement,內飾,K9PP882L01A,前側內飾板,02,98 487 977 BJ,,01,風窗立柱裝飾套件,WINDSCREEN PILLAR TRIM SET,JEU DE GARNITURE MONTANT BAIE,K9PP882L01A.jpg
装备 Équipement,內飾,K9PP882L01A,前側內飾板,03,98 164 908 BJ,,01,中立柱上裝飾板,CENTRAL POST UPPER LINING,GARNITURE SUP DE PIED CENTRAL,K9PP882L01A.jpg
装备 Équipement,內飾,K9PP882L01A,前側內飾板,04,98 165 193 ZD,,01,中立柱下裝飾板,CENTRE PILLAR LOWER TRIM,GARNITURE INF DE PIED CENTRAL,K9PP882L01A.jpg
装备 Équipement,內飾,K9PP882L01A,前側內飾板,05,98 163 964 ZD,,01,前側梁裝飾件,FRONT SILL TRIM,GARNITURE LONGERON AVANT,K9PP882L01A.jpg
装备 Équipement,內飾,K9PP882L01A,前側內飾板,06,98 233 461 ZD,,01,安全帶出口裝飾件,SEAT BELT STRAP OUTLET TRIM,ENJOLIVEUR SORTIE SANGLE C/S,K9PP882L01A.jpg
装备 Équipement,內飾,K9PP882L01A,前側內飾板,70,96 787 261 80,,01,裝飾件保持夾,TRIM RETAINING CLIP,AGRAFE MAINTIEN GARNITURE,K9PP882L01A.jpg
装备 Équipement,內飾,K9PP882L01A,前側內飾板,71,16 064 256 80,,03,裝飾板固定卡,TRIM FIXING CLIP,AGRAFE FIX GARNITURE,K9PP882L01A.jpg
装备 Équipement,內飾,K9PP882L01A,前側內飾板,72,96 739 430 80,,03,MKT卡夾,(MKT) CLIP,(MKT) AGRAFE,K9PP882L01A.jpg
装备 Équipement,內飾,K9PP882L01A,前側內飾板,73,16 087 223 80,,04,MUL 卡子,(MUL) CLIP,(MUL) CLIP,K9PP882L01A.jpg
装备 Équipement,內飾,K9PP882L01A,前側內飾板,74,96 753 802 80,,04,MUL RLX螺栓,(MUL) RLX SCREW,(MUL) VIS RLX,K9PP882L01A.jpg
装备 Équipement,內飾,K9PP882L80A,"後內飾板, 單廂式/VU車輛左側",10,98 182 685 80,,01,縱梁裝飾板支架,SILL TRIM SUPPORT,SUPPORT GARNITURE LONGERON,K9PP882L80A.jpg
装备 Équipement,內飾,K9PP882L80A,"後內飾板, 單廂式/VU車輛左側",11,98 173 561 ZD,,01,後側梁裝飾件,REAR SIDE MEMBER TRIM,GARNITURE LONGERON ARRIERE,K9PP882L80A.jpg
装备 Équipement,內飾,K9PP882L80A,"後內飾板, 單廂式/VU車輛左側",12,98 288 263 80,,01,後側圍板裝飾件支架,REAR QUARTER PANEL TRM SUPPORT,SUPPORT GARNITURE CUSTODE,K9PP882L80A.jpg
装备 Équipement,內飾,K9PP882L80A,"後內飾板, 單廂式/VU車輛左側",13,98 194 853 BJ,,01,三角窗裝飾板,REAR QUARTER PANEL TRIM,GARNITURE DE CUSTODE,K9PP882L80A.jpg
装备 Équipement,內飾,K9PP882L80A,"後內飾板, 單廂式/VU車輛左側",14,98 225 994 80,,01,排氣口隔音墊,AIR EXTRACTOR SOUNDPROOFING,INSONO EXTRACTEUR AIR,K9PP882L80A.jpg
装备 Équipement,內飾,K9PP882L80A,"後內飾板, 單廂式/VU車輛左側",16,98 169 205 ZD,,01,行李箱側裝飾件,BOOT SIDE TRIM,GARNITURE LATERALE DE COFFRE,K9PP882L80A.jpg
装备 Équipement,內飾,K9PP882L80A,"後內飾板, 單廂式/VU車輛左側",17,98 175 861 ZD,,01,行李箱側裝飾板支架,BOOT SIDE TRIM SUPPORT,SUPPORT GARNIT LATERALE COFFRE,K9PP882L80A.jpg
装备 Équipement,內飾,K9PP882L80A,"後內飾板, 單廂式/VU車輛左側",18,98 244 470 80,,01,安全帶卷繞器通道蓋,S/BELT RETRACTOR CLOSING PANEL,FERMETURE PASSAGE ENROULEUR CS,K9PP882L80A.jpg
装备 Équipement,內飾,K9PP882L80A,"後內飾板, 單廂式/VU車輛左側",19,98 220 581 ZD,,01,杯託,DRINKING CUP SUPPORT,PORTE GOBELET,K9PP882L80A.jpg
装备 Équipement,內飾,K9PP882L80A,"後內飾板, 單廂式/VU車輛左側",20,98 180 312 80,,01,後輪罩隔音墊,REAR WHEEL ARCH SOUNDPROOOF,INSONO PASSAGE DE ROUE ARRIERE,K9PP882L80A.jpg
装备 Équipement,內飾,K9PP882L80A,"後內飾板, 單廂式/VU車輛左側",21,98 180 335 80,,01,前輪罩隔音墊,FR WHEEL ARCH SOUNDPROOF,INSONO PASSAGE ROUE AVANT,K9PP882L80A.jpg
装备 Équipement,內飾,K9PP882L80A,"後內飾板, 單廂式/VU車輛左側",74,9345 ZN,,05,(MUL)卡扣,(MUL) CLIP,(MUL) AGRAFE,K9PP882L80A.jpg
装备 Équipement,內飾,K9PP882L80A,"後內飾板, 單廂式/VU車輛左側",75,98 105 153 80,,02,金屬卡夾,METAL CLIP,AGRAFE METALLIQUE,K9PP882L80A.jpg
装备 Équipement,內飾,K9PP882L80A,"後內飾板, 單廂式/VU車輛左側",77,6986 A8,,02,MUL 卡子,(MUL) CLIP,(MUL) CLIP,K9PP882L80A.jpg
装备 Équipement,內飾,K9PP882L90A,"後內飾板, 單廂式/VU車輛右側",10,98 182 684 80,,01,縱梁裝飾板支架,SILL TRIM SUPPORT,SUPPORT GARNITURE LONGERON,
装备 Équipement,內飾,K9PP882L90A,"後內飾板, 單廂式/VU車輛右側",11,98 173 560 ZD,,01,後側梁裝飾件,REAR SIDE MEMBER TRIM,GARNITURE LONGERON ARRIERE,
装备 Équipement,內飾,K9PP882L90A,"後內飾板, 單廂式/VU車輛右側",12,98 288 262 80,,01,後側圍板裝飾件支架,REAR QUARTER PANEL TRM SUPPORT,SUPPORT GARNITURE CUSTODE,
装备 Équipement,內飾,K9PP882L90A,"後內飾板, 單廂式/VU車輛右側",13,98 194 852 BJ,,01,三角窗裝飾板,REAR QUARTER PANEL TRIM,GARNITURE DE CUSTODE,
装备 Équipement,內飾,K9PP882L90A,"後內飾板, 單廂式/VU車輛右側",14,98 225 993 80,,01,排氣口隔音墊,AIR EXTRACTOR SOUNDPROOFING,INSONO EXTRACTEUR AIR,
装备 Équipement,內飾,K9PP882L90A,"後內飾板, 單廂式/VU車輛右側",16,98 304 832 ZD,,01,行李箱側裝飾件,BOOT SIDE TRIM,GARNITURE LATERALE DE COFFRE,
装备 Équipement,內飾,K9PP882L90A,"後內飾板, 單廂式/VU車輛右側",17,98 175 860 ZD,,01,行李箱側裝飾板支架,BOOT SIDE TRIM SUPPORT,SUPPORT GARNIT LATERALE COFFRE,
装备 Équipement,內飾,K9PP882L90A,"後內飾板, 單廂式/VU車輛右側",18,98 206 490 80,,01,安全帶卷繞器通道蓋,S/BELT RETRACTOR CLOSING PANEL,FERMETURE PASSAGE ENROULEUR CS,
装备 Équipement,內飾,K9PP882L90A,"後內飾板, 單廂式/VU車輛右側",19,98 220 582 ZD,,01,杯託,DRINKING CUP SUPPORT,PORTE GOBELET,
装备 Équipement,內飾,K9PP882L90A,"後內飾板, 單廂式/VU車輛右側",20,98 180 312 80,,01,後輪罩隔音墊,REAR WHEEL ARCH SOUNDPROOOF,INSONO PASSAGE DE ROUE ARRIERE,
装备 Équipement,內飾,K9PP882L90A,"後內飾板, 單廂式/VU車輛右側",21,98 180 335 80,,01,前輪罩隔音墊,FR WHEEL ARCH SOUNDPROOF,INSONO PASSAGE ROUE AVANT,
装备 Équipement,內飾,K9PP882L90A,"後內飾板, 單廂式/VU車輛右側",75,98 105 153 80,,02,金屬卡夾,METAL CLIP,AGRAFE METALLIQUE,
装备 Équipement,內飾,K9PP882L90A,"後內飾板, 單廂式/VU車輛右側",77,6986 A8,,02,MUL 卡子,(MUL) CLIP,(MUL) CLIP,
装备 Équipement,前安全帶,K9PP889W01B,前安全帶,01,98 163 307 XX,,01,帶預張緊器的安全帶,PIROTECHNIC SAFETY BELT,BRIN ENROULEUR PYROTECHNIQUE,K9PP889W01B.jpg
装备 Équipement,前安全帶,K9PP889W01B,前安全帶,02,98 172 303 XX,,01,帶預張緊器的安全帶,PIROTECHNIC SAFETY BELT,BRIN ENROULEUR PYROTECHNIQUE,K9PP889W01B.jpg
装备 Équipement,前安全帶,K9PP889W01B,前安全帶,03,98 163 154 80,,02,安全帶鎖釦,SEAT BELT BUCKLE STRAP,BRIN BOUCLE DE CEINTURE,K9PP889W01B.jpg
装备 Équipement,前安全帶,K9PP889W01B,前安全帶,04,98 163 195 80,,01,安全帶鎖釦,SEAT BELT BUCKLE STRAP,BRIN BOUCLE DE CEINTURE,K9PP889W01B.jpg
装备 Équipement,前安全帶,K9PP889W01B,前安全帶,05,98 094 671 80,,02,安全帶預張緊器,PYRO SEAT BELT ATTACHMENT,ATTACHE CEINTURE PYROTECHNIQUE,K9PP889W01B.jpg
装备 Équipement,前安全帶,K9PP889W01B,前安全帶,10,8975 ZZ,RP 16 074 168 80,02/01,安全帶導向板,SEAT BELT STRAP DIVERTER,DEVIATEUR SANGLE CEINTRE SECU,K9PP889W01B.jpg
装备 Équipement,前安全帶,K9PP889W01B,前安全帶,60,8975 HW,,02,安全帶螺釘,SEAT BELT BOLT,VIS DE CEINTURE DE SECURITE,K9PP889W01B.jpg
装备 Équipement,前安全帶,K9PP889W01B,前安全帶,61,16 108 992 80,,01,螺釘,BOLT,VIS,K9PP889W01B.jpg
装备 Équipement,前安全帶,K9PP889W01B,前安全帶,62,98 271 538 80,,01,安全帶螺釘,SEAT BELT BOLT,VIS DE CEINTURE DE SECURITE,K9PP889W01B.jpg
装备 Équipement,前安全帶,K9PP889W01B,前安全帶,63,8978 SF,,01,安全帶固定墊圈,SAFETY BELT FIXING WASHER,RONDELLE FIXATION CEINTURE,K9PP889W01B.jpg
装备 Équipement,前排座椅框架,K9PP889A05B,前座椅骨架 - 座椅滑軌 - 殼駕駛員側,01,98 181 526 80,,01,前座椅座墊骨架,FRONT SEAT SQUAB FRAME,ARMATURE ASSISE DE SIEGE AVANT,K9PP889A05B.jpg
装备 Équipement,前排座椅框架,K9PP889A05B,前座椅骨架 - 座椅滑軌 - 殼駕駛員側,02,98 181 676 80,,01,前座椅靠背骨架,FRONT SEATBACK FRAME,ARMATURE DOSSIER SIEGE AVANT,K9PP889A05B.jpg
装备 Équipement,前排座椅框架,K9PP889A05B,前座椅骨架 - 座椅滑軌 - 殼駕駛員側,03,98 116 277 80,,01,前座椅座墊,FRONT SEAT CUSHION PAD,NAPPE D ASSISE AVANT,K9PP889A05B.jpg
装备 Équipement,前排座椅框架,K9PP889A05B,前座椅骨架 - 座椅滑軌 - 殼駕駛員側,04,98 277 296 80,,01,前座椅靠背墊,FRONT SEAT BACK PAD,NAPPE DE DOSSIER SIEGE AVANT,K9PP889A05B.jpg
装备 Équipement,前排座椅框架,K9PP889A05B,前座椅骨架 - 座椅滑軌 - 殼駕駛員側,05,98 265 407 80,,01,調高手柄插入件,HEIGHT ADJUSTER HANDLE INSERT,INSERT DE POIGNEE REHAUSSE,K9PP889A05B.jpg
装备 Équipement,前排座椅框架,K9PP889A05B,前座椅骨架 - 座椅滑軌 - 殼駕駛員側,06,98 264 925 80,,01,腰部調節開關,LUMBAR CONTROL,COMMANDE LOMBAIRE,K9PP889A05B.jpg
装备 Équipement,前排座椅框架,K9PP889A05B,前座椅骨架 - 座椅滑軌 - 殼駕駛員側,07,98 264 501 80,,01,座椅角調器外罩,SEAT HINGE FRAME,CARTER D’ARTICULATION SIEGE,K9PP889A05B.jpg
装备 Équipement,前排座椅框架,K9PP889A05B,前座椅骨架 - 座椅滑軌 - 殼駕駛員側,08,98 264 692 80,,01,座墊護罩支架,SEAT CUSHION CASING SUPPORT,SUPPORT CARTER COUSSIN SIEGE,K9PP889A05B.jpg
装备 Équipement,前排座椅框架,K9PP889A05B,前座椅骨架 - 座椅滑軌 - 殼駕駛員側,09,98 264 530 80,,01,座墊裝飾罩,CUSHION COVERING HOUSING,CARTER FINITION DE COUSSIN,K9PP889A05B.jpg
装备 Équipement,前排座椅框架,K9PP889A05B,前座椅骨架 - 座椅滑軌 - 殼駕駛員側,10,98 264 526 80,,01,座墊裝飾罩,CUSHION COVERING HOUSING,CARTER FINITION DE COUSSIN,K9PP889A05B.jpg
装备 Équipement,前排座椅框架,K9PP889A05B,前座椅骨架 - 座椅滑軌 - 殼駕駛員側,11,98 264 927 80,,01,靠背傾斜控制器,SEATBACK TILT CONTROL,COMMANDE INCLINAISON DOSSIER,K9PP889A05B.jpg
装备 Équipement,前排座椅框架,K9PP889A05B,前座椅骨架 - 座椅滑軌 - 殼駕駛員側,12,98 264 921 80,,01,前座椅調高手柄,FR SEAT HEIGHT ADJSTMNT HANDLE,POIGNEE DE REHAUSSE SIEGE AV,K9PP889A05B.jpg
装备 Équipement,前排座椅框架,K9PP889A05B,前座椅骨架 - 座椅滑軌 - 殼駕駛員側,13,98 264 888 80,,01,工作小桌,WORK SHELF,TABLETTE TRAVAIL,K9PP889A05B.jpg
装备 Équipement,前排座椅框架,K9PP889A05B,前座椅骨架 - 座椅滑軌 - 殼駕駛員側,15,98 265 427 80,,01,前部座椅滑動導軌,FRONT SEAT DRAWER RAIL,RAIL DE TIROIR DE SIEGE AVANT,K9PP889A05B.jpg
装备 Équipement,前排座椅框架,K9PP889A05B,前座椅骨架 - 座椅滑軌 - 殼駕駛員側,17,98 264 507 80,,01,座椅抽屜,SEAT DRAWER,TIROIR DE SIEGE,K9PP889A05B.jpg
装备 Équipement,前排座椅框架,K9PP889A05B,前座椅骨架 - 座椅滑軌 - 殼駕駛員側,20,16 101 722 80,RP 16 355 061 80,01/01,螺釘,BOLT,VIS,K9PP889A05B.jpg
装备 Équipement,前排座椅框架,K9PP889A05B,前座椅骨架 - 座椅滑軌 - 殼駕駛員側,60,96 776 025 80,,01,MUL 大的內六角花形半圓頭螺釘,(MUL) CBLX SCREW,(MUL) VIS CBLX,K9PP889A05B.jpg
装备 Équipement,前排座椅框架,K9PP889A15B,前座椅骨架 - 座椅滑軌 - 殼乘客側,01,98 211 190 80,,01,前座椅骨架,FRONT SEAT FRAME,ARMATURE SIEGE AVANT,K9PP889A15B.jpg
装备 Équipement,前排座椅框架,K9PP889A15B,前座椅骨架 - 座椅滑軌 - 殼乘客側,02,98 100 483 80,,01,前座椅座墊,FRONT SEAT CUSHION PAD,NAPPE D ASSISE AVANT,K9PP889A15B.jpg
装备 Équipement,前排座椅框架,K9PP889A15B,前座椅骨架 - 座椅滑軌 - 殼乘客側,03,98 185 146 80,,01,前座椅靠背墊,FRONT SEAT BACK PAD,NAPPE DE DOSSIER SIEGE AVANT,K9PP889A15B.jpg
装备 Équipement,前排座椅框架,K9PP889A15B,前座椅骨架 - 座椅滑軌 - 殼乘客側,05,98 264 919 80,,01,靠背傾斜控制器,SEATBACK TILT CONTROL,COMMANDE INCLINAISON DOSSIER,K9PP889A15B.jpg
装备 Équipement,前排座椅框架,K9PP889A15B,前座椅骨架 - 座椅滑軌 - 殼乘客側,06,98 265 830 80,,01,靠背調角器保護罩,SEAT BACK ANGLE LEVER COVER,CACHE LEV INCLINAISON DOSSIER,K9PP889A15B.jpg
装备 Équipement,前排座椅框架,K9PP889A15B,前座椅骨架 - 座椅滑軌 - 殼乘客側,07,98 270 851 80,,01,前座椅調高手柄,FR SEAT HEIGHT ADJSTMNT HANDLE,POIGNEE DE REHAUSSE SIEGE AV,K9PP889A15B.jpg
装备 Équipement,前排座椅框架,K9PP889A15B,前座椅骨架 - 座椅滑軌 - 殼乘客側,08,98 264 355 80,,01,底座外殼,UNDERFRAME CASING,CARTER SOUBASSEMENT,K9PP889A15B.jpg
装备 Équipement,前排座椅框架,K9PP889A15B,前座椅骨架 - 座椅滑軌 - 殼乘客側,10,98 264 721 80,,01,底座外殼,UNDERFRAME CASING,CARTER SOUBASSEMENT,K9PP889A15B.jpg
装备 Équipement,前排座椅框架,K9PP889A15B,前座椅骨架 - 座椅滑軌 - 殼乘客側,11,98 264 736 80,,01,前座椅靠背殼體,FRONT SEAT BACK SHELL,COQUE DOSSIER SIEGE AVANT,K9PP889A15B.jpg
装备 Équipement,前排座椅框架,K9PP889A15B,前座椅骨架 - 座椅滑軌 - 殼乘客側,12,98 264 888 80,,01,工作小桌,WORK SHELF,TABLETTE TRAVAIL,K9PP889A15B.jpg
装备 Équipement,前排座椅框架,K9PP889A15B,前座椅骨架 - 座椅滑軌 - 殼乘客側,70,16 101 722 80,RP 16 355 061 80,01/01,螺釘,BOLT,VIS,K9PP889A15B.jpg
装备 Équipement,前排座椅框架,K9PP889A15B,前座椅骨架 - 座椅滑軌 - 殼乘客側,71,96 776 025 80,,01,MUL 大的內六角花形半圓頭螺釘,(MUL) CBLX SCREW,(MUL) VIS CBLX,K9PP889A15B.jpg
装备 Équipement,前排座椅罩,K9PP889B04B,前座填料和椅套駕駛員側,02,98 264 107 80,,01,前座椅靠背填料,FRONT SEAT BACK PADDING,MATELASSURE DOSSIER SIEGE AV,K9PP889B04B.jpg
装备 Équipement,前排座椅罩,K9PP889B04B,前座填料和椅套駕駛員側,03,98 280 771 80,,01,前座椅座墊面料,FRONT SEAT CUSHION COVER,COIFFE COUSSIN SIEGE AVANT,K9PP889B04B.jpg
装备 Équipement,前排座椅罩,K9PP889B04B,前座填料和椅套駕駛員側,04,98 280 758 80,,01,前座椅靠背面料,SEAT SQUAB COVER,COIFFE DOSSIER SIEGE AVANT,K9PP889B04B.jpg
装备 Équipement,前排座椅罩,K9PP889B04B,前座填料和椅套駕駛員側,10,98 280 755 80,,01,完整的前座椅頭枕,COMPLETE FRONT HEAD RESTRAINT,APPUI-TETE AV COMPLET,K9PP889B04B.jpg
装备 Équipement,前排座椅罩,K9PP889B04B,前座填料和椅套駕駛員側,15,16 115 699 ZD,,02,座椅頭枕導管,SEAT HEADREST GUIDE,GUIDE D’APPUI-TETE DE SIEGE,K9PP889B04B.jpg
装备 Équipement,前排座椅罩,K9PP889B22B,前座填料和椅套乘客側,01,98 264 201 80,,01,前座椅座墊填料,FRONT SEAT CUSHION PADDING,MATELASSURE COUSSIN SIEGE AV,K9PP889B22B.jpg
装备 Équipement,前排座椅罩,K9PP889B22B,前座填料和椅套乘客側,02,98 264 175 80,,01,前座椅靠背填料,FRONT SEAT BACK PADDING,MATELASSURE DOSSIER SIEGE AV,K9PP889B22B.jpg
装备 Équipement,前排座椅罩,K9PP889B22B,前座填料和椅套乘客側,03,98 280 770 80,,01,前座椅座墊面料,FRONT SEAT CUSHION COVER,COIFFE COUSSIN SIEGE AVANT,K9PP889B22B.jpg
装备 Équipement,前排座椅罩,K9PP889B22B,前座填料和椅套乘客側,04,98 280 759 80,,01,前座椅靠背面料,SEAT SQUAB COVER,COIFFE DOSSIER SIEGE AVANT,K9PP889B22B.jpg
装备 Équipement,前排座椅罩,K9PP889B22B,前座填料和椅套乘客側,10,98 280 755 80,,01,完整的前座椅頭枕,COMPLETE FRONT HEAD RESTRAINT,APPUI-TETE AV COMPLET,K9PP889B22B.jpg
装备 Équipement,前排座椅罩,K9PP889B22B,前座填料和椅套乘客側,15,16 115 699 ZD,,02,座椅頭枕導管,SEAT HEADREST GUIDE,GUIDE D’APPUI-TETE DE SIEGE,K9PP889B22B.jpg
装备 Équipement,前排扶手,K9PP889V01A,座椅中央扶手對右座椅,01,98 264 909 80,,01,前排座椅扶手,FRONT SEAT ARMREST,ACCOUDOIR ASSISE AVANT,K9PP889V01A.jpg
装备 Équipement,前排扶手,K9PP889V01A,座椅中央扶手對右座椅,02,98 264 702 80,,01,扶手裝飾板,ARMREST MOULDING,ENJOLIVEUR D’ACCOUDOIR,K9PP889V01A.jpg
装备 Équipement,前排扶手,K9PP889V01A,座椅中央扶手對右座椅,10,16 101 722 80,RP 16 355 061 80,04/01,螺釘,BOLT,VIS,K9PP889V01A.jpg
装备 Équipement,前排扶手,K9PP889V01A,座椅中央扶手對右座椅,15,16 849 350 80,,01,扶手鉸接,ARMREST HINGE,ARTICULATION D’ACCOUDOIR,K9PP889V01A.jpg
装备 Équipement,前排扶手,K9PP889V01B,座椅中央扶手對於左前座椅,01,98 272 807 80,,01,前排座椅扶手,FRONT SEAT ARMREST,ACCOUDOIR ASSISE AVANT,K9PP889V01B.jpg
装备 Équipement,前排扶手,K9PP889V01B,座椅中央扶手對於左前座椅,02,98 264 702 80,,01,扶手裝飾板,ARMREST MOULDING,ENJOLIVEUR D’ACCOUDOIR,K9PP889V01B.jpg
装备 Équipement,前排扶手,K9PP889V01B,座椅中央扶手對於左前座椅,10,16 101 722 80,RP 16 355 061 80,04/01,螺釘,BOLT,VIS,K9PP889V01B.jpg
装备 Équipement,前排扶手,K9PP889V01B,座椅中央扶手對於左前座椅,15,16 849 349 80,,01,扶手鉸接,ARMREST HINGE,ARTICULATION D’ACCOUDOIR,K9PP889V01B.jpg
装备 Équipement,後排座椅安全帶,K9PP889Y02A,後安全帶,01,98 173 965 XX,,02,後預張緊安全帶,REAR PYRO INERTIA REEL STRAP,BRIN ENROULEUR PYRO AR,K9PP889Y02A.jpg
装备 Équipement,後排座椅安全帶,K9PP889Y02A,後安全帶,02,98 172 319 XX,,01,後安全帶,RR SEATBELT RETRACTOR STALK,BRIN ENROULEUR CEINTURE C/S AR,K9PP889Y02A.jpg
装备 Équipement,後排座椅安全帶,K9PP889Y02A,後安全帶,03,98 172 212 80,,01,安全帶雙鎖釦,DUAL SAFETY BELT,BRIN BOUCLE DOUBLE C/S,K9PP889Y02A.jpg
装备 Équipement,後排座椅安全帶,K9PP889Y02A,後安全帶,04,98 244 870 80,,01,安全帶鎖釦,SEAT BELT BUCKLE STRAP,BRIN BOUCLE DE CEINTURE,K9PP889Y02A.jpg
装备 Équipement,後排座椅安全帶,K9PP889Y02A,後安全帶,05,98 172 212 80,,02,安全帶雙鎖釦,DUAL SAFETY BELT,BRIN BOUCLE DOUBLE C/S,K9PP889Y02A.jpg
装备 Équipement,後排座椅安全帶,K9PP889Y02A,後安全帶,10,8975 ZZ,RP 16 074 168 80,02/01,安全帶導向板,SEAT BELT STRAP DIVERTER,DEVIATEUR SANGLE CEINTRE SECU,K9PP889Y02A.jpg
装备 Équipement,後排座椅安全帶,K9PP889Y02A,後安全帶,11,98 228 313 80,,01,安全帶導向板,SEAT BELT STRAP DIVERTER,DEVIATEUR SANGLE CEINTRE SECU,K9PP889Y02A.jpg
装备 Équipement,後排座椅安全帶,K9PP889Y02A,後安全帶,15,98 270 265 80,,01,帶扣杆的分度墊圈,BUCKLE STRAP INDEXING WASHER,RONDELLE INDEXAGE BRIN BOUCLE,K9PP889Y02A.jpg
装备 Équipement,後排座椅安全帶,K9PP889Y02A,後安全帶,20,98 270 262 80,,01,安全帶鎖釦回位彈簧,SEAT BUCKLE RETURN SPRING,RESSORT RAPPEL BOUCLE CEINTURE,K9PP889Y02A.jpg
装备 Équipement,後排座椅安全帶,K9PP889Y02A,後安全帶,25,98 270 264 80,,01,安全帶鎖釦銷,BELT BUCKLE STRAP PIN,AXE DE BRIN BOUCLE CEINTURE,K9PP889Y02A.jpg
装备 Équipement,後排座椅安全帶,K9PP889Y02A,後安全帶,60,98 052 803 80,RP 16 108 992 80,03/01,螺釘,BOLT,VIS,K9PP889Y02A.jpg
装备 Équipement,後排座椅框架,K9PP889L05A,後座椅骨架 – 殼左側座位,01,98 218 833 80,RP 16 803 985 80,01/01,後座椅骨架,REAR SEAT FRAME,ARMATURE SIEGE ARRIERE,K9PP889L05A.jpg
装备 Équipement,後排座椅框架,K9PP889L05A,後座椅骨架 – 殼左側座位,04,98 185 153 80,,01,後座墊,REAR SEAT CUSHION PAD,NAPPE ASSISE SIEGE ARRIERE,K9PP889L05A.jpg
装备 Équipement,後排座椅框架,K9PP889L05A,後座椅骨架 – 殼左側座位,15,98 263 286 80,,01,兒童座椅上掛鉤,TOP TETHER,TOP TETHER,K9PP889L05A.jpg
装备 Équipement,後排座椅框架,K9PP889L05A,後座椅骨架 – 殼左側座位,20,98 263 231 80,,01,後座椅護罩,REAR SEAT CASING,CARTER SIEGE ARRIERE,K9PP889L05A.jpg
装备 Équipement,後排座椅框架,K9PP889L06A,後座椅骨架 – 殼右側座位,01,98 216 889 80,RP 16 803 984 80,01/01,後座椅骨架,REAR SEAT FRAME,ARMATURE SIEGE ARRIERE,K9PP889L06A.jpg
装备 Équipement,後排座椅框架,K9PP889L06A,後座椅骨架 – 殼右側座位,04,98 185 153 80,,01,後座墊,REAR SEAT CUSHION PAD,NAPPE ASSISE SIEGE ARRIERE,K9PP889L06A.jpg
装备 Équipement,後排座椅框架,K9PP889L06A,後座椅骨架 – 殼右側座位,10,98 263 249 80,,01,後靠背鎖裝飾件,REAR SEAT BACK LOCK TRIM,ENJOLIVEUR VERROU DOSSIER AR,K9PP889L06A.jpg
装备 Équipement,後排座椅框架,K9PP889L06A,後座椅骨架 – 殼右側座位,15,98 263 286 80,,01,兒童座椅上掛鉤,TOP TETHER,TOP TETHER,K9PP889L06A.jpg
装备 Équipement,後排座椅框架,K9PP889L06A,後座椅骨架 – 殼右側座位,20,98 263 231 80,,01,後座椅護罩,REAR SEAT CASING,CARTER SIEGE ARRIERE,K9PP889L06A.jpg
装备 Équipement,後排座椅框架,K9PP889L06A,後座椅骨架 – 殼右側座位,21,98 388 523 80,,01,座椅鎖止拉桿,SEAT UNLOCKING LEVER,LEVIER DEVERROUILLAGE DE SIEGE,K9PP889L06A.jpg
装备 Équipement,後排座椅框架,K9PP889L06A,後座椅骨架 – 殼右側座位,40,98 263 283 80,,01,座椅固定罩,SEAT FIXING COVER,CACHE FIXATION SIEGE,K9PP889L06A.jpg
装备 Équipement,後排座椅框架,K9PP889L07A,後座椅骨架 – 殼中間座椅,01,98 184 295 80,RP 16 803 983 80,01/01,後座椅骨架,REAR SEAT FRAME,ARMATURE SIEGE ARRIERE,K9PP889L07A.jpg
装备 Équipement,後排座椅框架,K9PP889L07A,後座椅骨架 – 殼中間座椅,04,98 185 153 80,,01,後座墊,REAR SEAT CUSHION PAD,NAPPE ASSISE SIEGE ARRIERE,K9PP889L07A.jpg
装备 Équipement,後排座椅框架,K9PP889L07A,後座椅骨架 – 殼中間座椅,10,98 263 687 80,,01,後靠背鎖裝飾件,REAR SEAT BACK LOCK TRIM,ENJOLIVEUR VERROU DOSSIER AR,K9PP889L07A.jpg
装备 Équipement,後排座椅框架,K9PP889L07A,後座椅骨架 – 殼中間座椅,15,98 263 286 80,,03,兒童座椅上掛鉤,TOP TETHER,TOP TETHER,K9PP889L07A.jpg
装备 Équipement,後排座椅框架,K9PP889L07A,後座椅骨架 – 殼中間座椅,20,98 263 231 80,,01,後座椅護罩,REAR SEAT CASING,CARTER SIEGE ARRIERE,K9PP889L07A.jpg
装备 Équipement,後排座椅框架,K9PP889L07A,後座椅骨架 – 殼中間座椅,40,98 263 283 80,,01,座椅固定罩,SEAT FIXING COVER,CACHE FIXATION SIEGE,K9PP889L07A.jpg
装备 Équipement,後排座椅框架,K9PP889L07A,後座椅骨架 – 殼中間座椅,45,98 135 552 80,,06,地板堵塞,FLOOR CLOSER,OBTURATEUR DE PLANCHER,K9PP889L07A.jpg
装备 Équipement,後排座椅框架,K9PP889L07A,後座椅骨架 – 殼中間座椅,50,98 295 353 80,,01,座墊後罩,SEAT CUSHION REAR CASING,CARTER ARRIERE D ASSISE,K9PP889L07A.jpg
装备 Équipement,後排座椅框架,K9PP889L07A,後座椅骨架 – 殼中間座椅,61,16 108 992 80,,14,螺釘,BOLT,VIS,K9PP889L07A.jpg
装备 Équipement,後擱物板,K9PP883M01A,後隔板 - 行李罩,01,98 321 444 ZD,,01,活動式後擱板,MOBILE REAR SHELF,TABLETTE AR MOBILE,K9PP883M01A.jpg
装备 Équipement,手套箱,K9PP882B05A,手套箱 - 手套箱鎖,02,98 183 819 FZ,,01,儀表板雜物盒,DASHBOARD STORAGE COMPARTMENT,VIDE-POCHES DE PLANCHE DE BORD,K9PP882B05A.jpg
装备 Équipement,手套箱,K9PP882B05A,手套箱 - 手套箱鎖,03,98 253 881 ZD,,01,雜物盒裝飾件,STORAGE COMPARTMENT TRIM,ENJOLIVEUR DE VIDE-POCHES,K9PP882B05A.jpg
装备 Équipement,手套箱,K9PP882B05A,手套箱 - 手套箱鎖,05,16 870 828 ZD,,01,儀表板雜物盒,DASHBOARD STORAGE COMPARTMENT,VIDE-POCHES DE PLANCHE DE BORD,K9PP882B05A.jpg
装备 Équipement,手套箱,K9PP882B05A,手套箱 - 手套箱鎖,08,98 210 554 ZD,,01,面板雜物盒,FRONT PNL STORAGE COMPARTMENT,VIDE-POCHES DE FACADE,K9PP882B05A.jpg
装备 Équipement,手套箱,K9PP882B05A,手套箱 - 手套箱鎖,09,98 206 361 ZD,,01,雜物盒,STORAGE COMPARTMENT,VIDE-POCHES,K9PP882B05A.jpg
装备 Équipement,手套箱,K9PP882B05A,手套箱 - 手套箱鎖,33,98 027 417 80,,01,空調通風管堵塞,AIR CONDITIONING DUCT CLOSER,OBTURATEUR CONDUIT CLIMATISEUR,K9PP882B05A.jpg
装备 Équipement,清洗,K9PP664F01A,風擋玻璃洗滌器,01,98 173 009 80,RP 98 206 690 80,01/01,玻璃清洗液儲液罐,SCREENWASH RESERVOIR,RESERVOIR DE LAVE VITRE,K9PP664F01A.jpg
装备 Équipement,清洗,K9PP664F01A,風擋玻璃洗滌器,02,98 166 458 80,,01,玻璃清洗液加註管,SCREENWASH FILLER PIPE,TUYAU REMPLISSAGE LAVE VITRE,K9PP664F01A.jpg
装备 Équipement,清洗,K9PP664F01A,風擋玻璃洗滌器,03,98 206 692 80,,01,玻璃清洗泵密封圈,SCREENWASH PUMP SEAL,JOINT DE POMPE DE LAVE VITRE,K9PP664F01A.jpg
装备 Équipement,清洗,K9PP664F01A,風擋玻璃洗滌器,04,98 206 691 80,,01,玻璃清洗泵,SCREENWASH PUMP,POMPE DE LAVE VITRE,K9PP664F01A.jpg
装备 Équipement,清洗,K9PP664F01A,風擋玻璃洗滌器,05,98 208 645 80,,01,玻璃清洗液管,WINDOW WASHER PIPE,TUYAU DE LAVE VITRE,K9PP664F01A.jpg
装备 Équipement,清洗,K9PP664F01A,風擋玻璃洗滌器,06,98 265 169 80,,01,玻璃清洗管接頭,SCREENWASH PIPE UNION,RACCORD DE TUYAU DE LAVE VITRE,K9PP664F01A.jpg
装备 Équipement,清洗,K9PP664F01A,風擋玻璃洗滌器,07,98 265 172 80,,01,玻璃清洗管接頭,SCREENWASH PIPE UNION,RACCORD DE TUYAU DE LAVE VITRE,K9PP664F01A.jpg
装备 Équipement,清洗,K9PP664F01A,風擋玻璃洗滌器,08,6433 99,,02,2通管接頭,2 WAY UNION,RACCORD 2 VOIES,K9PP664F01A.jpg
装备 Équipement,清洗,K9PP664F01A,風擋玻璃洗滌器,09,98 372 193 80,,01,水加註管密封墊,COOLANT FILLER PIPE SEAL,JOINT TUYAU REMPLISSAGE EAU,K9PP664F01A.jpg
装备 Équipement,清洗,K9PP664F01A,風擋玻璃洗滌器,10,6439 47,,01,玻璃清洗液管,WINDOW WASHER PIPE,TUYAU DE LAVE VITRE,K9PP664F01A.jpg
装备 Équipement,清洗,K9PP664F01A,風擋玻璃洗滌器,13,98 208 646 80,RP 98 208 645 80,01/01,玻璃清洗液管,WINDOW WASHER PIPE,TUYAU DE LAVE VITRE,K9PP664F01A.jpg
装备 Équipement,清洗,K9PP664F01A,風擋玻璃洗滌器,15,98 204 661 80,,01,玻璃清洗泵線束,SCREENWASH PUMP HARNESS,FAISCEAU DE PPE LAVE VITRE,K9PP664F01A.jpg
装备 Équipement,清洗,K9PP664F01A,風擋玻璃洗滌器,20,98 024 641 80,,01,清潔液過濾器,CLEANING FLUID FILTER,FILTRE LIQUIDE NETTOYAGE,K9PP664F01A.jpg
装备 Équipement,清洗,K9PP664F01A,風擋玻璃洗滌器,70,98 098 400 80,,01,螺絲,BOLT,VIS,K9PP664F01A.jpg
装备 Équipement,清洗,K9PP664F30A,後窗洗滌器,01,98 172 142 80,,01,玻璃清洗液管,WINDOW WASHER PIPE,TUYAU DE LAVE VITRE,K9PP664F30A.jpg
装备 Équipement,清洗,K9PP664F30A,後窗洗滌器,10,98 172 098 80,RP 98 286 038 80,01/01,玻璃清洗液管,WINDOW WASHER PIPE,TUYAU DE LAVE VITRE,K9PP664F30A.jpg
装备 Équipement,組合儀表,K9PP661A01A,組合儀表總成,01,98 175 997 80,RP 98 309 516 80,01/01,儀表板組合儀表,DASHBOARD INSTRUMENT PANEL,COMBINE PLANCHE DE BORD,K9PP661A01A.jpg
装备 Équipement,訊號,K9PP662E01A,喇叭 / 壓縮機,01,98 278 991 80,RP 98 588 328 80,01/01,喇叭,HORN,AVERTISSEUR SONORE,K9PP662E01A.jpg
装备 Équipement,訊號,K9PP662E01A,喇叭 / 壓縮機,20,6935 09,,01,(MUL)凸緣螺母,(MUL) FLANGED NUT,(MUL) ECROU A EMBASE,K9PP662E01A.jpg
装备 Équipement,訊號,K9PP663E80A,輔助制動燈,01,6351 FC,,01,第三制動燈,SUPPLEMENTARY STOP LIGHT,FEU STOP SUPPLEMENTAIRE,K9PP663E80A.jpg
装备 Équipement,訊號,K9PP663E80A,輔助制動燈,10,6216 E0,,01,燈泡,BULB,LAMPE,K9PP663E80A.jpg
装备 Équipement,訊號,K9PP663E80A,輔助制動燈,80,96 854 568 80,,02,(MUL) 蝶形螺母,(MUL) WING NUT,(MUL) ECROU A OREILLES,K9PP663E80A.jpg
装备 Équipement,車內照明燈,K9PP663K01A,車內燈 - 讀卡機,01,6362 AS,,01,頂燈,INTERIOR LAMP,PLAFONNIER,K9PP663K01A.jpg
装备 Équipement,車內照明燈,K9PP663K01A,車內燈 - 讀卡機,02,96 887 776 BJ,,01,頂燈,INTERIOR LAMP,PLAFONNIER,K9PP663K01A.jpg
装备 Équipement,車內照明燈,K9PP663K01A,車內燈 - 讀卡機,20,6216 A1,,01,燈泡,BULB,LAMPE,K9PP663K01A.jpg
装备 Équipement,車內照明燈,K9PP663K80A,行李箱燈 – 發動機艙照明燈,01,6362 N6,,01,燈,LAMP,ECLAIREUR,K9PP663K80A.jpg
装备 Équipement,車外燈,K9PP662A01A,前大燈 – 燈罩 - 燈泡,02,98 168 266 80,,01,前大燈總成,COMPLETE HEADLAMP,PROJECTEUR COMPLET,K9PP662A01A.jpg
装备 Équipement,車外燈,K9PP662A01A,前大燈 – 燈罩 - 燈泡,10,6216 E9,,02,燈泡,BULB,LAMPE,K9PP662A01A.jpg
装备 Équipement,車外燈,K9PP662A01A,前大燈 – 燈罩 - 燈泡,11,98 282 230 80,,02,大燈燈座,HEADLIGHT BULB-HOLDER,PORTE-LAMPE DE PROJECTEUR,K9PP662A01A.jpg
装备 Équipement,車外燈,K9PP662A01A,前大燈 – 燈罩 - 燈泡,12,6216 A0,,02,燈泡,BULB,LAMPE,K9PP662A01A.jpg
装备 Équipement,車外燈,K9PP662A01A,前大燈 – 燈罩 - 燈泡,13,98 281 181 80,,02,大燈燈座,HEADLIGHT BULB-HOLDER,PORTE-LAMPE DE PROJECTEUR,K9PP662A01A.jpg
装备 Équipement,車外燈,K9PP662A01A,前大燈 – 燈罩 - 燈泡,14,6216 98,,02,前大燈燈泡,HEADLIGHT LAMP,LAMPE DE PROJECTEUR,K9PP662A01A.jpg
装备 Équipement,車外燈,K9PP662A01A,前大燈 – 燈罩 - 燈泡,15,6216 97,,02,前大燈燈泡,HEADLIGHT LAMP,LAMPE DE PROJECTEUR,K9PP662A01A.jpg
装备 Équipement,車外燈,K9PP662A01A,前大燈 – 燈罩 - 燈泡,20,6203 A9,,04,前大燈燈泡蓋,HEADLIGHT LAMP CAP,CAPUCHON DE LAMPE PROJECTEUR,K9PP662A01A.jpg
装备 Équipement,車外燈,K9PP662A01A,前大燈 – 燈罩 - 燈泡,40,98 241 992 80,,01,前照燈接線片修理元件,HEADLAMP REPAIR BRACKET KIT,KIT PATTE REPARATION PHARE,K9PP662A01A.jpg
装备 Équipement,車外燈,K9PP662A01A,前大燈 – 燈罩 - 燈泡,70,6230 06,,06,(MUL)六角頭帶墊圈螺栓,(MUL) TH SCREW WITH WASHER,(MUL) VIS TH RDL,K9PP662A01A.jpg
装备 Équipement,車外燈,K9PP662A50A,輔助大燈 – 套件,01,96 709 552 80,,02,前霧燈,FOGLAMP,PROJECTEUR ANTI BROUILLARD,K9PP662A50A.jpg
装备 Équipement,車外燈,K9PP662A50A,輔助大燈 – 套件,10,6216 A3,,02,前大燈燈泡,HEADLIGHT LAMP,LAMPE DE PROJECTEUR,K9PP662A50A.jpg
装备 Équipement,車外燈,K9PP662A50A,輔助大燈 – 套件,70,6924 J0,,08,MUL 帶固定平墊圈的大內六角花形半圓頭的螺釘,(MUL) CBLX RDL SCREW,(MUL) VIS CBLX RDL,K9PP662A50A.jpg
装备 Équipement,車外燈,K9PP662B01A,前大燈調整器,01,98 125 550 ZD,,01,大燈調節器發射器,HDLMP HEIGHT ADJSTR TRANSMITTR,EMETTEUR CORRECTEUR PROJECTEUR,K9PP662B01A.jpg
装备 Équipement,車外燈,K9PP663A01A,前燈和/或側燈,01,6325 G3,,01,側轉向燈,SIDE FLASH-UNIT,FEU REPETITEUR LATERAL,K9PP663A01A.jpg
装备 Équipement,車外燈,K9PP663E10A,後車燈,01,98 194 273 80,,01,尾燈,REAR LAMP,FEU ARRIERE,K9PP663E10A.jpg
装备 Équipement,車外燈,K9PP663E10A,後車燈,10,6216 A4,,02,21瓦燈泡,LAMP 21W,LAMPE 21 W,K9PP663E10A.jpg
装备 Équipement,車外燈,K9PP663E10A,後車燈,11,6216 A0,,01,燈泡,BULB,LAMPE,K9PP663E10A.jpg
装备 Équipement,車外燈,K9PP663E10A,後車燈,12,6216 E2,,01,燈泡,BULB,LAMPE,K9PP663E10A.jpg
装备 Équipement,車外燈,K9PP663E10A,後車燈,70,8361 53,,04,MUL RLX螺栓,(MUL) RLX SCREW,(MUL) VIS RLX,K9PP663E10A.jpg
装备 Équipement,車外燈,K9PP663J10A,牌照燈,01,6340 A3,,01,牌照燈,NUMBER PLATE LAMP,ECLAIREUR DE PLAQUE DE POLICE,K9PP663J10A.jpg
装备 Équipement,車外燈,K9PP663J10A,牌照燈,20,6216 A1,,01,燈泡,BULB,LAMPE,K9PP663J10A.jpg
装备 Équipement,雨刮,K9PP664A05A,風擋玻璃刮水器馬達-連桿總成,01,98 165 585 80,,01,前雨刮電機,FRONT WINDOW WIPER MOTOR,MOTEUR D’ESSUIE-VITRE AVANT,K9PP664A05A.jpg
装备 Équipement,雨刮,K9PP664A05A,風擋玻璃刮水器馬達-連桿總成,05,98 203 099 80,,01,前雨刮臂,WINDOW WIPER BLADE-HOLDER,PORTE-BALAI D’ESSUIE-VITRE AV,K9PP664A05A.jpg
装备 Équipement,雨刮,K9PP664A05A,風擋玻璃刮水器馬達-連桿總成,06,98 203 090 80,RP 98 340 043 80,01/01,前雨刮臂,WINDOW WIPER BLADE-HOLDER,PORTE-BALAI D’ESSUIE-VITRE AV,K9PP664A05A.jpg
装备 Équipement,雨刮,K9PP664A05A,風擋玻璃刮水器馬達-連桿總成,07,98 203 100 80,RP 16 898 169 80,01/01,無骨雨刮片,FLAT WIPER BLADE,BALAI ESSUIE VITRE PLAT,K9PP664A05A.jpg
装备 Équipement,雨刮,K9PP664A05A,風擋玻璃刮水器馬達-連桿總成,08,98 339 767 80,RP 16 898 168 80,01/01,無骨雨刮片,FLAT WIPER BLADE,BALAI ESSUIE VITRE PLAT,K9PP664A05A.jpg
装备 Équipement,雨刮,K9PP664A05A,風擋玻璃刮水器馬達-連桿總成,10,16 381 841 80,,01,雨量感測器,RAIN SENSOR,CAPTEUR DE PLUIE,K9PP664A05A.jpg
装备 Équipement,雨刮,K9PP664A05A,風擋玻璃刮水器馬達-連桿總成,70,6935 C9,,02,(MUL)帶墊圈螺母,(MUL) NUT WITH CAPTIVE WASHER,(MUL) ECROU AVEC RDL IMPDB,K9PP664A05A.jpg
装备 Équipement,雨刮,K9PP664E05A,後窗刮水器,01,6405 LQ,RP 98 401 238 80,01/01,後雨刮電機,REAR WINDOW WIPER MOTOR,MOTEUR ESSUIE-VITRE ARRIERE,K9PP664E05A.jpg
装备 Équipement,雨刮,K9PP664E05A,後窗刮水器,02,6429 FL,,01,後雨刮臂,WINDOW WIPER BLADE-HOLDER,PORTE-BALAI ESSUIE-VITRE AR,K9PP664E05A.jpg
装备 Équipement,雨刮,K9PP664E05A,後窗刮水器,03,16 351 571 80,,01,後窗雨刮片,REAR WINDOW WIPER BLADE,BALAI D’ESSUIE-VITRE ARRIERE,K9PP664E05A.jpg
装备 Équipement,雨刮,K9PP664E05A,後窗刮水器,04,6417 A7,RP 98 105 903 80,01/01,雨刮電機隔套,WIPER MOTOR SPACER,ENTRETOISE MOTEUR ESSUIE-VITRE,K9PP664E05A.jpg
装备 Équipement,雨刮,K9PP664E05A,後窗刮水器,05,6405 LS,,01,軸承，後窗戶雨刮軸,"BEARING, REAR W/S WIPER SHAFT",PALIER AXE ESSUIE VITRE AR,K9PP664E05A.jpg
装备 Équipement,雨刮,K9PP664E05A,後窗刮水器,06,6429 FP,,01,雨刮樞軸蓋,WIPER SHAFT CAP,CHAPEAU D’AXE ESSUIE VITRE,K9PP664E05A.jpg
装备 Équipement,雨刮,K9PP664E05A,後窗刮水器,70,9204 A1,,03,螺母＋鎖止墊圈,NUT+CAPTIVE WASHER,ECROU RDL,K9PP664E05A.jpg
装备 Équipement,雨刮,K9PP664E05A,後窗刮水器,71,16 115 673 80,,02,(MUL)凸緣螺母,(MUL) FLANGED NUT,(MUL) ECROU A EMBASE,K9PP664E05A.jpg
装备 Équipement,雨刮,K9PP664E05A,後窗刮水器,72,4503 43,,01,(MUL)凸緣螺母,(MUL) FLANGED NUT,(MUL) ECROU A EMBASE,K9PP664E05A.jpg
电气 Électrique,中央線束,K9PP660L05A,儀表臺線束,01,16 377 549 80,,01,儀表板線束,FACIA PANEL HARNESS,FAISCEAU DE PLANCHE DE BORD,K9PP660L05A.jpg
电气 Électrique,中央線束,K9PP660L05A,儀表臺線束,10,98 283 127 80,,01,安全氣囊線束,AIRBAG HARNESS,FAISCEAU SAC GONFLABLE,K9PP660L05A.jpg
电气 Électrique,中央線束,K9PP660L05A,儀表臺線束,40,98 117 863 80,,01,電線束支架,ELECTRICAL HARNESS SUPPORT,SUPPORT FAISCEAU ELECTRIQUE,K9PP660L05A.jpg
电气 Électrique,中央線束,K9PP660L05A,儀表臺線束,50,8719 78,,01,粘性泡沫,ADHESIVE FOAM,MOUSSE ADHESIVE,K9PP660L05A.jpg
电气 Électrique,中央線束,K9PP660L05A,儀表臺線束,70,6545 NP,,01,(MUL)卡扣,(MUL) CLIP,(MUL) AGRAFE,K9PP660L05A.jpg
电气 Électrique,中央線束,K9PP660L05A,儀表臺線束,80,7588 E8,,01,(MUL) 紮帶,(MUL) TIE WRAP,(MUL) LANIERE,K9PP660L05A.jpg
电气 Électrique,中央線束,K9PP660L05A,儀表臺線束,81,6980 A1,,01,(MUL) 紮帶,(MUL) TIE WRAP,(MUL) LANIERE,K9PP660L05A.jpg
电气 Électrique,中央線束,K9PP660L05A,儀表臺線束,82,6980 A3,,01,(MUL) 紮帶,(MUL) TIE WRAP,(MUL) LANIERE,K9PP660L05A.jpg
电气 Électrique,中央線束,K9PP660L05A,儀表臺線束,83,16 119 828 80,,01,(MUL) 紮帶,(MUL) TIE WRAP,(MUL) LANIERE,K9PP660L05A.jpg
电气 Électrique,中央線束,K9PP660L05A,儀表臺線束,84,6990 59,,01,(MUL) 紮帶,(MUL) TIE WRAP,(MUL) LANIERE,K9PP660L05A.jpg
电气 Électrique,中央線束,K9PP660L05A,儀表臺線束,85,6545 R2,,01,(MUL) 紮帶,(MUL) TIE WRAP,(MUL) LANIERE,K9PP660L05A.jpg
电气 Électrique,中央線束,K9PP660L05A,儀表臺線束,86,6980 99,,01,(MUL) 紮帶,(MUL) TIE WRAP,(MUL) LANIERE,K9PP660L05A.jpg
电气 Électrique,中央線束,K9PP660L05A,儀表臺線束,91,98 051 516 80,,01,防轉端子,TERMINAL ANTI-ROTATION CUP,COUPELLE ANTIROTATION COSSE,K9PP660L05A.jpg
电气 Électrique,中央線束,K9PP660L60A,控制檯線束,01,98 283 818 80,,01,副儀表板線束,CONSOLE HARNESS,FAISCEAU DE CONSOLE,K9PP660L60A.jpg
电气 Électrique,中央線束,K9PP660L60A,控制檯線束,70,6545 NP,,01,(MUL)卡扣,(MUL) CLIP,(MUL) AGRAFE,K9PP660L60A.jpg
电气 Électrique,中央線束,K9PP660L60A,控制檯線束,80,6980 A3,,01,(MUL) 紮帶,(MUL) TIE WRAP,(MUL) LANIERE,K9PP660L60A.jpg
电气 Électrique,中央線束,K9PP660L60A,控制檯線束,90,6541 F8,,01,聯結器鎖止件,CONNECTOR LOCK,VERROU DE CONNECTEUR,K9PP660L60A.jpg
电气 Électrique,中央線束,K9PP660M01A,暖風和空調線束,02,96 755 935 80,,01,空調線束,AIR CONDITIONING HARNESS,FAISCEAU DE CLIMATISEUR,K9PP660M01A.jpg
电气 Électrique,中央線束,K9PP660P01A,中央車頂線束,01,98 279 290 80,,01,頂燈線束,COURTESY LAMP HARNESS,FAISCEAU DE PLAFONNIER,K9PP660P01A.jpg
电气 Électrique,中央線束,K9PP660P01A,中央車頂線束,70,6545 NP,,01,(MUL)卡扣,(MUL) CLIP,(MUL) AGRAFE,K9PP660P01A.jpg
电气 Électrique,中央線束,K9PP660P01A,中央車頂線束,71,98 087 754 80,,01,支撐夾,SUPPORT CLIP,AGRAFE SUPPORT,K9PP660P01A.jpg
电气 Électrique,中央線束,K9PP660Q01B,安全帶和座椅線束駕駛員側,05,8904 TV,,01,加熱膜片延時器,HEATER BLANKET TIMER,TEMPORISATEUR NAPPE CHAUFFANTE,K9PP660Q01B.jpg
电气 Électrique,中央線束,K9PP660Q05B,安全帶和座椅線束乘客側,01,98 267 707 80,RP 98 267 705 80,01/01,座椅線束,SEAT HARNESS,FAISCEAU DE SIEGE,K9PP660Q05B.jpg
电气 Électrique,中央線束,K9PP660Q05B,安全帶和座椅線束乘客側,05,8904 TV,,01,加熱膜片延時器,HEATER BLANKET TIMER,TEMPORISATEUR NAPPE CHAUFFANTE,K9PP660Q05B.jpg
电气 Électrique,中央線束,K9PP660Q05B,安全帶和座椅線束乘客側,13,98 266 137 80,,01,乘客檢測片,PASSENGER DETECTION SENSOR,NAPPE DE DETECTION PASSAGER,K9PP660Q05B.jpg
电气 Électrique,中央線束,K9PP660R30A,後側門線束,01,98 280 290 80,,01,後門線束,DOOR HARNESS,FAISCEAU DE PORTE ARRIERE,K9PP660R30A.jpg
电气 Électrique,中央線束,K9PP660R30A,後側門線束,02,98 280 299 80,,01,後門線束,DOOR HARNESS,FAISCEAU DE PORTE ARRIERE,K9PP660R30A.jpg
电气 Électrique,中央線束,K9PP660R30A,後側門線束,40,6439 H6,,01,管套,WIRING SHEATH,PASSE GAINE,K9PP660R30A.jpg
电气 Électrique,中央線束,K9PP660R30A,後側門線束,45,6538 91,,01,後線束護套通道,REAR HARNESS GROMMET,PASSE GAINE FAISCEAU ARRIERE,K9PP660R30A.jpg
电气 Électrique,中央線束,K9PP660R30A,後側門線束,60,7518 J4,,01,(MUL) 堵蓋,(MUL) CLOSER,(MUL) OBTURATEUR,K9PP660R30A.jpg
电气 Électrique,中央線束,K9PP660R30A,後側門線束,70,8227 F0,,01,卡子,STAPLE,AGRAFE,K9PP660R30A.jpg
电气 Électrique,中央線束,K9PP660R30A,後側門線束,71,6596 CY,,01,(MUL)卡扣,(MUL) CLIP,(MUL) AGRAFE,K9PP660R30A.jpg
电气 Électrique,中央線束,K9PP660R30A,後側門線束,72,6545 NP,,01,(MUL)卡扣,(MUL) CLIP,(MUL) AGRAFE,K9PP660R30A.jpg
电气 Électrique,中央線束,K9PP660R30A,後側門線束,80,6980 A1,,01,(MUL) 紮帶,(MUL) TIE WRAP,(MUL) LANIERE,K9PP660R30A.jpg
电气 Électrique,中央線束,K9PP660R30A,後側門線束,81,6980 99,,01,(MUL) 紮帶,(MUL) TIE WRAP,(MUL) LANIERE,K9PP660R30A.jpg
电气 Électrique,中央線束,K9PP660R30A,後側門線束,82,6980 A3,,01,(MUL) 紮帶,(MUL) TIE WRAP,(MUL) LANIERE,K9PP660R30A.jpg
电气 Électrique,中央線束,K9PP660R30A,後側門線束,90,7221 49,,01,螺釘,BOLT,VIS,K9PP660R30A.jpg
电气 Électrique,中央線束,K9PP660T55A,座艙中間線束,01,16 377 548 80,,01,座艙線束,INTERIOR WIRING.HARNESS,FAISCEAU D’HABITACLE,K9PP660T55A.jpg
电气 Électrique,中央線束,K9PP660T55A,座艙中間線束,30,98 076 980 80,,01,座艙線束槽,PASS CMPT HARNESS CHANNEL,GOUTTIERE FAISCEAU HABITACLE,K9PP660T55A.jpg
电气 Électrique,中央線束,K9PP660T55A,座艙中間線束,40,98 118 094 80,,01,電線束支架,ELECTRICAL HARNESS SUPPORT,SUPPORT FAISCEAU ELECTRIQUE,K9PP660T55A.jpg
电气 Électrique,中央線束,K9PP660T55A,座艙中間線束,50,6545 NW,,01,(MUL)穿線管套,(MUL) GROMMET,(MUL) PASSE GAINE,K9PP660T55A.jpg
电气 Électrique,中央線束,K9PP660T55A,座艙中間線束,60,98 051 516 80,,01,防轉端子,TERMINAL ANTI-ROTATION CUP,COUPELLE ANTIROTATION COSSE,K9PP660T55A.jpg
电气 Électrique,中央線束,K9PP660T55A,座艙中間線束,70,6995 H3,,01,(MUL)電氣線束卡扣,(MUL) ELECTRIC HARNESS CLIP,(MUL) AGRAFE FAISCEAU ELECTRIQ,K9PP660T55A.jpg
电气 Électrique,中央線束,K9PP660T55A,座艙中間線束,71,6561 XV,,01,卡子,STAPLE,AGRAFE,K9PP660T55A.jpg
电气 Électrique,中央線束,K9PP660T55A,座艙中間線束,72,98 087 754 80,,01,支撐夾,SUPPORT CLIP,AGRAFE SUPPORT,K9PP660T55A.jpg
电气 Électrique,中央線束,K9PP660T55A,座艙中間線束,73,6596 CY,,01,(MUL)卡扣,(MUL) CLIP,(MUL) AGRAFE,K9PP660T55A.jpg
电气 Électrique,中央線束,K9PP660T55A,座艙中間線束,80,7588 E8,,01,(MUL) 紮帶,(MUL) TIE WRAP,(MUL) LANIERE,K9PP660T55A.jpg
电气 Électrique,中央線束,K9PP660T55A,座艙中間線束,81,6980 A7,,01,(MUL) 紮帶,(MUL) TIE WRAP,(MUL) LANIERE,K9PP660T55A.jpg
电气 Électrique,中央線束,K9PP660T55A,座艙中間線束,82,6990 E8,,01,(MUL) 紮帶,(MUL) TIE WRAP,(MUL) LANIERE,K9PP660T55A.jpg
电气 Électrique,中央線束,K9PP660T55A,座艙中間線束,83,6980 99,,01,(MUL) 紮帶,(MUL) TIE WRAP,(MUL) LANIERE,K9PP660T55A.jpg
电气 Électrique,中央線束,K9PP660T55A,座艙中間線束,84,6980 A3,,01,(MUL) 紮帶,(MUL) TIE WRAP,(MUL) LANIERE,K9PP660T55A.jpg
电气 Électrique,中央線束,K9PP660T55A,座艙中間線束,85,6545 NT,,01,(MUL) 紮帶,(MUL) TIE WRAP,(MUL) LANIERE,K9PP660T55A.jpg
电气 Électrique,中央線束,K9PP660T55A,座艙中間線束,86,16 192 343 80,,01,(MUL) 紮帶,(MUL) TIE WRAP,(MUL) LANIERE,K9PP660T55A.jpg
电气 Électrique,中央線束,K9PP660T55A,座艙中間線束,90,7467 Y0,,01,粘性貼膜,ADHESIVE FILM,FILM ADHESIF,K9PP660T55A.jpg
电气 Électrique,中央線束,K9PP660T55A,座艙中間線束,91,98 068 910 80,,01,螺母,FLANGED NUT,ECROU EMBASE,K9PP660T55A.jpg
电气 Électrique,前部線束,K9PP660A01A,前線束連線維修工具包前面板區域,01,16 116 180 80,RP 16 813 702 80,01/01,連線修理套件,CONNECTION REPAIR KIT,KIT REPARATION CONNECTIQUE,K9PP660A01A.jpg
电气 Électrique,前部線束,K9PP660A01A,前線束連線維修工具包前面板區域,02,16 116 194 80,RP 16 813 701 80,01/01,連線修理套件,CONNECTION REPAIR KIT,KIT REPARATION CONNECTIQUE,K9PP660A01A.jpg
电气 Électrique,前部線束,K9PP660A01A,前線束連線維修工具包前面板區域,03,16 809 476 80,,01,連線修理套件,CONNECTION REPAIR KIT,KIT REPARATION CONNECTIQUE,K9PP660A01A.jpg
电气 Électrique,前部線束,K9PP660A01A,前線束連線維修工具包前面板區域,04,16 809 480 80,,01,連線修理套件,CONNECTION REPAIR KIT,KIT REPARATION CONNECTIQUE,K9PP660A01A.jpg
电气 Électrique,前部線束,K9PP660A01A,前線束連線維修工具包前面板區域,05,16 175 488 80,,01,連線修理套件,CONNECTION REPAIR KIT,KIT REPARATION CONNECTIQUE,K9PP660A01A.jpg
电气 Électrique,前部線束,K9PP660A01A,前線束連線維修工具包前面板區域,06,16 809 473 80,,01,連線修理套件,CONNECTION REPAIR KIT,KIT REPARATION CONNECTIQUE,K9PP660A01A.jpg
电气 Électrique,前部線束,K9PP660A01A,前線束連線維修工具包前面板區域,09,16 813 696 80,,01,連線修理套件,CONNECTION REPAIR KIT,KIT REPARATION CONNECTIQUE,K9PP660A01A.jpg
电气 Électrique,前部線束,K9PP660B01A,前部輔助線束,02,98 204 823 80,,01,障礙物探測線束,OBSTACLE DETECTION LOOM,FAISCEAU DETECTION D’OBSTACLE,K9PP660B01A.jpg
电气 Électrique,前部線束,K9PP660B01A,前部輔助線束,70,8227 F0,,01,卡子,STAPLE,AGRAFE,K9PP660B01A.jpg
电气 Électrique,前部線束,K9PP660B01A,前部輔助線束,80,6980 A3,,01,(MUL) 紮帶,(MUL) TIE WRAP,(MUL) LANIERE,K9PP660B01A.jpg
电气 Électrique,前部線束,K9PP660B01A,前部輔助線束,81,96 863 307 80,,01,(MUL) 紮帶,(MUL) TIE WRAP,(MUL) LANIERE,K9PP660B01A.jpg
电气 Électrique,前部線束,K9PP660C01A,發動機艙主線束捆綁帶和夾子,01,98 036 697 80,,01,卡子,STAPLE,AGRAFE,K9PP660C01A.jpg
电气 Électrique,前部線束,K9PP660C01A,發動機艙主線束捆綁帶和夾子,02,98 114 925 80,,02,卡子,STAPLE,AGRAFE,K9PP660C01A.jpg
电气 Électrique,前部線束,K9PP660C01A,發動機艙主線束捆綁帶和夾子,03,1319 L8,,01,(MUL)卡扣,(MUL) CLIP,(MUL) AGRAFE,K9PP660C01A.jpg
电气 Électrique,前部線束,K9PP660C01A,發動機艙主線束捆綁帶和夾子,04,8331 V8,,01,自粘緊襯墊,PAD,BOURRELET AUTO AGRIPANT,K9PP660C01A.jpg
电气 Électrique,前部線束,K9PP660C01A,發動機艙主線束捆綁帶和夾子,05,6545 NP,,01,(MUL)卡扣,(MUL) CLIP,(MUL) AGRAFE,K9PP660C01A.jpg
电气 Électrique,前部線束,K9PP660C01A,發動機艙主線束捆綁帶和夾子,06,6556 VE,,01,(MUL)卡扣,(MUL) CLIP,(MUL) AGRAFE,K9PP660C01A.jpg
电气 Électrique,前部線束,K9PP660C01A,發動機艙主線束捆綁帶和夾子,07,6995 CW,,01,(MUL)卡扣,(MUL) CLIP,(MUL) AGRAFE,K9PP660C01A.jpg
电气 Électrique,前部線束,K9PP660C01A,發動機艙主線束捆綁帶和夾子,08,8227 F0,,01,卡子,STAPLE,AGRAFE,K9PP660C01A.jpg
电气 Électrique,前部線束,K9PP660C01A,發動機艙主線束捆綁帶和夾子,09,98 087 754 80,,01,支撐夾,SUPPORT CLIP,AGRAFE SUPPORT,K9PP660C01A.jpg
电气 Électrique,前部線束,K9PP660C01A,發動機艙主線束捆綁帶和夾子,10,1505 GF,,01,(MUL)卡扣,(MUL) CLIP,(MUL) AGRAFE,K9PP660C01A.jpg
电气 Électrique,前部線束,K9PP660C01A,發動機艙主線束捆綁帶和夾子,11,1618 H2,,01,(MUL)電氣線束卡扣,(MUL) ELECTRIC HARNESS CLIP,(MUL) AGRAFE FAISCEAU ELECTRIQ,K9PP660C01A.jpg
电气 Électrique,前部線束,K9PP660C01A,發動機艙主線束捆綁帶和夾子,50,6980 A1,,01,(MUL) 紮帶,(MUL) TIE WRAP,(MUL) LANIERE,K9PP660C01A.jpg
电气 Électrique,前部線束,K9PP660C01A,發動機艙主線束捆綁帶和夾子,51,16 192 343 80,,01,(MUL) 紮帶,(MUL) TIE WRAP,(MUL) LANIERE,K9PP660C01A.jpg
电气 Électrique,前部線束,K9PP660C01A,發動機艙主線束捆綁帶和夾子,52,6980 99,,01,(MUL) 紮帶,(MUL) TIE WRAP,(MUL) LANIERE,K9PP660C01A.jpg
电气 Électrique,前部線束,K9PP660C01A,發動機艙主線束捆綁帶和夾子,53,6980 A3,,01,(MUL) 紮帶,(MUL) TIE WRAP,(MUL) LANIERE,K9PP660C01A.jpg
电气 Électrique,前部線束,K9PP660C01A,發動機艙主線束捆綁帶和夾子,54,7588 E8,,01,(MUL) 紮帶,(MUL) TIE WRAP,(MUL) LANIERE,K9PP660C01A.jpg
电气 Électrique,前部線束,K9PP660C01A,發動機艙主線束捆綁帶和夾子,55,7588 E8,,01,(MUL) 紮帶,(MUL) TIE WRAP,(MUL) LANIERE,K9PP660C01A.jpg
电气 Électrique,前部線束,K9PP660C01A,發動機艙主線束捆綁帶和夾子,56,16 119 828 80,,01,(MUL) 紮帶,(MUL) TIE WRAP,(MUL) LANIERE,K9PP660C01A.jpg
电气 Électrique,前部線束,K9PP660C01A,發動機艙主線束捆綁帶和夾子,57,6545 NT,,01,(MUL) 紮帶,(MUL) TIE WRAP,(MUL) LANIERE,K9PP660C01A.jpg
电气 Électrique,前部線束,K9PP660C01A,發動機艙主線束捆綁帶和夾子,58,6980 A7,,01,(MUL) 紮帶,(MUL) TIE WRAP,(MUL) LANIERE,K9PP660C01A.jpg
电气 Électrique,前部線束,K9PP660C01A,發動機艙主線束捆綁帶和夾子,72,98 213 976 80,,01,支撐夾,SUPPORT CLIP,AGRAFE SUPPORT,K9PP660C01A.jpg
电气 Électrique,前部線束,K9PP660C05A,發動機艙主線束,01,16 377 547 80,,01,主線束,MAIN HARNESS,FAISCEAU PRINCIPAL,K9PP660C05A.jpg
电气 Électrique,前部線束,K9PP660C05A,發動機艙主線束,10,98 280 460 80,,01,主線束附加線束,ADDITIONAL MAIN HARNESS,FAISCEAU COMPLEMENT PRINCIPAL,K9PP660C05A.jpg
电气 Électrique,前部線束,K9PP660C05A,發動機艙主線束,11,98 280 457 80,,01,主線束附加線束,ADDITIONAL MAIN HARNESS,FAISCEAU COMPLEMENT PRINCIPAL,K9PP660C05A.jpg
电气 Électrique,前部線束,K9PP660C05A,發動機艙主線束,12,98 256 062 80,,01,主線束附加線束,ADDITIONAL MAIN HARNESS,FAISCEAU COMPLEMENT PRINCIPAL,K9PP660C05A.jpg
电气 Électrique,前部線束,K9PP660C05A,發動機艙主線束,13,98 256 066 80,,01,主線束附加線束,ADDITIONAL MAIN HARNESS,FAISCEAU COMPLEMENT PRINCIPAL,K9PP660C05A.jpg
电气 Électrique,前部線束,K9PP660C05A,發動機艙主線束,15,98 282 008 80,,01,前風擋雨刮線束,FRONT WINDOW WIPER HARNESS,FAISCEAU D’ESSUIE-VITRE AVANT,K9PP660C05A.jpg
电气 Électrique,前部線束,K9PP660C05A,發動機艙主線束,20,98 262 622 80,,01,自動變速箱 ECU 線束,AUTOMATIC GEARBOX ECU HARNESS,FAISCEAU CALCULATEUR BVA,K9PP660C05A.jpg
电气 Électrique,前部線束,K9PP660C05A,發動機艙主線束,25,98 071 585 80,,01,感測器線束,SENSOR HARNESS,FAISCEAU DE CAPTEUR,K9PP660C05A.jpg
电气 Électrique,前部線束,K9PP660C05A,發動機艙主線束,30,98 044 063 80,,01,主線束槽,MAIN HARNESS CHANNEL,GOUTTIERE FAISCEAU PRINCIPAL,K9PP660C05A.jpg
电气 Électrique,前部線束,K9PP660C05A,發動機艙主線束,35,98 044 062 80,,01,線束保護蓋,HARNESS PROTECTOR COVER,COUVERCLE PROTECTEUR FAISCEAU,K9PP660C05A.jpg
电气 Électrique,前部線束,K9PP660C05A,發動機艙主線束,40,98 243 857 80,,01,補充線束支架,FULLER HARNESS BRACKET,SUPPORT FSC COMPLEMENTAIRE,K9PP660C05A.jpg
电气 Électrique,前部線束,K9PP660C05A,發動機艙主線束,45,98 117 863 80,,01,電線束支架,ELECTRICAL HARNESS SUPPORT,SUPPORT FAISCEAU ELECTRIQUE,K9PP660C05A.jpg
电气 Électrique,前部線束,K9PP660C05A,發動機艙主線束,50,6545 WQ,,01,管套,WIRING SHEATH,PASSE GAINE,K9PP660C05A.jpg
电气 Électrique,前部線束,K9PP660C05A,發動機艙主線束,60,96 752 886 80,,01,柴油水探測器佔位堵蓋,DUMMY WATER IN DIESEL DETECTOR,FAUX DETECTEUR EAU DANS GAZOLE,K9PP660C05A.jpg
电气 Électrique,前部線束,K9PP660C05A,發動機艙主線束,90,98 012 722 80,RP 98 355 739 80,01/01,接地螺母,EARTH TERMINAL NUT,ECROU PLOT MASSE,K9PP660C05A.jpg
电气 Électrique,前部線束,K9PP660C05A,發動機艙主線束,91,98 051 516 80,,01,防轉端子,TERMINAL ANTI-ROTATION CUP,COUPELLE ANTIROTATION COSSE,K9PP660C05A.jpg
电气 Électrique,前部線束,K9PP660C05A,發動機艙主線束,94,96 855 675 80,,01,插接器,DUMMY CONNECTOR,CONNECTEUR POSTICHE,K9PP660C05A.jpg
电气 Électrique,前部線束,K9PP660C05A,發動機艙主線束,95,6925 F9,,01,MUL 大的內六角花形半圓頭螺釘,(MUL) CBLX SCREW,(MUL) VIS CBLX,K9PP660C05A.jpg
电气 Électrique,前部線束,K9PP660C05A,發動機艙主線束,96,16 103 321 80,,01,螺絲,BOLT,VIS,K9PP660C05A.jpg
电气 Électrique,前部線束,K9PP660C05A,發動機艙主線束,98,16 115 673 80,,01,(MUL)凸緣螺母,(MUL) FLANGED NUT,(MUL) ECROU A EMBASE,K9PP660C05A.jpg
电气 Électrique,前部線束,K9PP660C05A,發動機艙主線束,99,4503 43,,01,(MUL)凸緣螺母,(MUL) FLANGED NUT,(MUL) ECROU A EMBASE,K9PP660C05A.jpg
电气 Électrique,前部線束,K9PP660D60A,發動機線束,01,98 219 632 80,,01,發動機線束,ENGINE ELECTRIC HARNESS,FAISCEAU ELECTRIQUE MOTEUR,K9PP660D60A.jpg
电气 Électrique,前部線束,K9PP660D60A,發動機線束,20,98 110 441 80,,01,線束槽,HARNESS CHANNEL,GOUTTIERE FAISCEAU,K9PP660D60A.jpg
电气 Électrique,前部線束,K9PP660D60A,發動機線束,25,98 110 439 80,,01,線束槽,HARNESS CHANNEL,GOUTTIERE FAISCEAU,K9PP660D60A.jpg
电气 Électrique,前部線束,K9PP660D60A,發動機線束,30,96 773 399 80,,01,線束固定卡,WIRING HARNESS FIXING CLAMP,BRIDE FIXATION FAISCEAU,K9PP660D60A.jpg
电气 Électrique,前部線束,K9PP660D60A,發動機線束,35,98 010 158 80,,01,發動機線束支架,ENGINE HARNESS BRACKET,SUPPORT FAISCEAU MOTEUR,K9PP660D60A.jpg
电气 Électrique,前部線束,K9PP660D60A,發動機線束,40,98 016 463 80,,01,發動機線束支架,ENGINE HARNESS BRACKET,SUPPORT FAISCEAU MOTEUR,K9PP660D60A.jpg
电气 Électrique,前部線束,K9PP660D60A,發動機線束,70,98 087 754 80,,01,支撐夾,SUPPORT CLIP,AGRAFE SUPPORT,K9PP660D60A.jpg
电气 Électrique,前部線束,K9PP660D60A,發動機線束,80,7588 E8,,01,(MUL) 紮帶,(MUL) TIE WRAP,(MUL) LANIERE,K9PP660D60A.jpg
电气 Électrique,前部線束,K9PP660D60A,發動機線束,81,6980 99,,01,(MUL) 紮帶,(MUL) TIE WRAP,(MUL) LANIERE,K9PP660D60A.jpg
电气 Électrique,前部線束,K9PP660D60A,發動機線束,82,6980 A3,,01,(MUL) 紮帶,(MUL) TIE WRAP,(MUL) LANIERE,K9PP660D60A.jpg
电气 Électrique,前部線束,K9PP660D60A,發動機線束,83,16 119 828 80,,01,(MUL) 紮帶,(MUL) TIE WRAP,(MUL) LANIERE,K9PP660D60A.jpg
电气 Électrique,前部線束,K9PP660D60A,發動機線束,84,96 643 608 80,,01,(MUL) 紮帶,(MUL) TIE WRAP,(MUL) LANIERE,K9PP660D60A.jpg
电气 Électrique,前部線束,K9PP660D60A,發動機線束,85,6980 A1,,01,(MUL) 紮帶,(MUL) TIE WRAP,(MUL) LANIERE,K9PP660D60A.jpg
电气 Électrique,前部線束,K9PP660D60A,發動機線束,90,79 03 301 235,,01,帶彈性墊片六角頭螺栓,H RCN SCREW,VIS H RCN,K9PP660D60A.jpg
电气 Électrique,前部線束,K9PP660D60A,發動機線束,91,6925 W6,,01,(MUL) 凸緣螺栓,(MUL) FLANGED BOLT,(MUL) VIS A EMBASE,K9PP660D60A.jpg
电气 Électrique,取暖/製冷,K9PP667B01A,抽風機-進風口-模組-減壓器,01,98 212 942 80,,01,進氣室,AIR INTAKE CASING,BOITIER D’ENTREE D’AIR,K9PP667B01A.jpg
电气 Électrique,取暖/製冷,K9PP667B01A,抽風機-進風口-模組-減壓器,02,98 212 921 80,RP 98 497 173 80,01/01,空調鼓風機,HEATER AIR PULLER,PULSEUR D’AIR DE CLIMATISEUR,K9PP667B01A.jpg
电气 Électrique,取暖/製冷,K9PP667B01A,抽風機-進風口-模組-減壓器,03,98 212 918 80,,01,空調電機控制模組,HEATER MOTOR CONTROL MODULE,MODULE CDE MOTEUR CLIMATISEUR,K9PP667B01A.jpg
电气 Électrique,取暖/製冷,K9PP667B01A,抽風機-進風口-模組-減壓器,04,98 212 932 80,,01,空調減速電機,AIR CONDITIONER REDUCTION GEAR,MOTOREDUCTEUR DE CLIMATISEUR,K9PP667B01A.jpg
电气 Électrique,取暖/製冷,K9PP667B01A,抽風機-進風口-模組-減壓器,06,96 788 655 80,RP 98 468 070 80,01/01,進氣擾流板襯墊,AIR INTAKE DEFLECTOR SEAL,JOINT DEFLECTEUR ENTREE AIR,K9PP667B01A.jpg
电气 Électrique,取暖/製冷,K9PP667B01A,抽風機-進風口-模組-減壓器,10,98 151 142 80,,01,附加鼓風機,ADDITIONAL AIR BLOWER,PULSEUR AIR ADDITIONNEL,K9PP667B01A.jpg
电气 Électrique,取暖/製冷,K9PP667B01A,抽風機-進風口-模組-減壓器,11,98 223 308 ZD,,01,送氣控制件,AIR PULLER CONTROL,COMMANDE DE PULSEUR D’AIR,K9PP667B01A.jpg
电气 Électrique,取暖/製冷,K9PP667B01A,抽風機-進風口-模組-減壓器,70,6935 A6,,06,(MUL)凸緣螺母,(MUL) FLANGED NUT,(MUL) ECROU A EMBASE,K9PP667B01A.jpg
电气 Électrique,取暖/製冷,K9PP667B01A,抽風機-進風口-模組-減壓器,71,7591 GP,,02,螺絲,BOLT,VIS,K9PP667B01A.jpg
电气 Électrique,取暖/製冷,K9PP667B01A,抽風機-進風口-模組-減壓器,72,96 753 802 80,,02,MUL RLX螺栓,(MUL) RLX SCREW,(MUL) VIS RLX,K9PP667B01A.jpg
电气 Électrique,取暖/製冷,K9PP667B60A,出風口,01,98 209 603 80,,01,前置氣管,FRONT SEAT AIR DUCT,CONDUIT D’AIR PLACE AVANT,K9PP667B60A.jpg
电气 Électrique,取暖/製冷,K9PP667B60A,出風口,04,98 027 417 80,,01,空調通風管堵塞,AIR CONDITIONING DUCT CLOSER,OBTURATEUR CONDUIT CLIMATISEUR,K9PP667B60A.jpg
电气 Électrique,取暖/製冷,K9PP667B60A,出風口,10,98 111 334 80,,01,空調通氣管,HEATER AIR CHANNEL,CONDUIT D’AIR DE CLIMATISEUR,K9PP667B60A.jpg
电气 Électrique,取暖/製冷,K9PP667B60A,出風口,11,98 279 212 80,,01,粘性密封泡沫,ADHESIVE SEALING FOAM,MOUSSE ETANCHEITE ADHESIVE,K9PP667B60A.jpg
电气 Électrique,取暖/製冷,K9PP667B60A,出風口,13,98 187 945 80,,01,副儀表板下通氣管,CONSOLE WARM AIR DUCT,CONDUIT D’AIR SOUS CONSOLE,K9PP667B60A.jpg
电气 Électrique,取暖/製冷,K9PP667B60A,出風口,14,98 168 076 80,,01,副儀表板下通氣管,CONSOLE WARM AIR DUCT,CONDUIT D’AIR SOUS CONSOLE,K9PP667B60A.jpg
电气 Électrique,取暖/製冷,K9PP667B60A,出風口,20,98 269 212 80,,01,空調通風管堵塞,AIR CONDITIONING DUCT CLOSER,OBTURATEUR CONDUIT CLIMATISEUR,K9PP667B60A.jpg
电气 Électrique,取暖/製冷,K9PP667B60A,出風口,71,7589 V4,,01,卡子,STAPLE,AGRAFE,K9PP667B60A.jpg
电气 Électrique,取暖/製冷,K9PP667D01A,暖風管-輸水軟管,01,98 212 999 80,,01,空調暖風熱交換器,CAR HEATER,AEROTHERME DE CLIMATISATION,K9PP667D01A.jpg
电气 Électrique,取暖/製冷,K9PP667D01A,暖風管-輸水軟管,02,98 212 993 80,,01,空調管總成,AIR CONDITIONING PIPES ASSMBLY,ENSEMBLE TUYAUX CLIMATISATION,K9PP667D01A.jpg
电气 Électrique,取暖/製冷,K9PP667D01A,暖風管-輸水軟管,05,96 890 761 80,,01,管套固定板,PIPE GROMMET PLATE,PLAQUE PASSE GAINE TUYAU,K9PP667D01A.jpg
电气 Électrique,取暖/製冷,K9PP667D01A,暖風管-輸水軟管,10,98 124 412 80,,01,暖風水管,HEATER WATER PIPE,TUYAU D’EAU D’AEROTHERME,K9PP667D01A.jpg
电气 Électrique,取暖/製冷,K9PP667D01A,暖風管-輸水軟管,11,98 124 415 80,,01,暖風水管,HEATER WATER PIPE,TUYAU D’EAU D’AEROTHERME,K9PP667D01A.jpg
电气 Électrique,取暖/製冷,K9PP667E01A,空調控制面板,01,16 381 905 80,,01,空調控制盒,AIR CONDITIONING CONTROL UNIT,BOITIER CONTROLE CLIMATISATION,K9PP667E01A.jpg
电气 Électrique,取暖/製冷,K9PP667H01A,蒸發器 -膨脹閥,01,98 221 211 80,,01,蒸發器殼體,EVAPORATOR HOUSING,BOITIER D’EVAPORATEUR,K9PP667H01A.jpg
电气 Électrique,取暖/製冷,K9PP667H01A,蒸發器 -膨脹閥,02,16 097 088 80,RP 98 214 805 80,01/01,腳部通風管元件,FOOTWELL DUCTS KIT,KIT CONDUITS PIEDS,K9PP667H01A.jpg
电气 Électrique,取暖/製冷,K9PP667H01A,蒸發器 -膨脹閥,04,98 212 943 80,,01,空調膨脹閥,REFRIGERAT PRESS RELIEF VALVE,DETENDEUR DE REFRIGERATION,K9PP667H01A.jpg
电气 Électrique,取暖/製冷,K9PP667H01A,蒸發器 -膨脹閥,05,98 212 932 80,,03,空調減速電機,AIR CONDITIONER REDUCTION GEAR,MOTOREDUCTEUR DE CLIMATISEUR,K9PP667H01A.jpg
电气 Électrique,取暖/製冷,K9PP667H01A,蒸發器 -膨脹閥,06,6447 XG,,01,活性碳空調濾芯,PASSENGER CMPT CARBON FILTER,FILTRE HABITACLE CHARBON,K9PP667H01A.jpg
电气 Électrique,取暖/製冷,K9PP667H01A,蒸發器 -膨脹閥,07,98 213 020 80,,01,顆粒過濾器堵蓋,PARTICLE FILTER CLOSER,OBTURATEUR FILTRE PARTICULE,K9PP667H01A.jpg
电气 Électrique,取暖/製冷,K9PP667H01A,蒸發器 -膨脹閥,08,98 013 380 80,,01,排水盒,WATER EVACUATION BOX,BOITIER D’EVACUATION D’EAU,K9PP667H01A.jpg
电气 Électrique,取暖/製冷,K9PP667H01A,蒸發器 -膨脹閥,10,98 090 155 80,,01,空氣加熱器電阻,AIR REHEATING RESISTANCE,RESISTANCE RECHAUFFAGE AIR,K9PP667H01A.jpg
电气 Électrique,取暖/製冷,K9PP667H01A,蒸發器 -膨脹閥,11,98 159 956 80,,01,管套固定板,PIPE GROMMET PLATE,PLAQUE PASSE GAINE TUYAU,K9PP667H01A.jpg
电气 Électrique,取暖/製冷,K9PP667H01A,蒸發器 -膨脹閥,12,16 097 408 80,,01,泡沫密封元件,FOAM SEALS KIT,KIT DE JOINTS MOUSSE,K9PP667H01A.jpg
电气 Électrique,取暖/製冷,K9PP667H01A,蒸發器 -膨脹閥,14,98 212 976 80,,01,空調控制元件,AIR CONDITIONING CONTROL KIT,KIT COMMANDE CLIMATISATION,K9PP667H01A.jpg
电气 Électrique,取暖/製冷,K9PP667H01A,蒸發器 -膨脹閥,15,98 177 612 80,,01,多功能支撐板,MULTIFUNCTION SUPPORT PLATE,PLATINE SUPPORT MULTIFONCTION,K9PP667H01A.jpg
电气 Électrique,取暖/製冷,K9PP667H01A,蒸發器 -膨脹閥,16,98 213 032 80,,01,隔音棉元件,ACOUSTIC FOAM KIT,KIT MOUSSE ACOUSTIQUE,K9PP667H01A.jpg
电气 Électrique,取暖/製冷,K9PP667H01A,蒸發器 -膨脹閥,20,6450 TX,,01,間隙補償片,WEAR COMPENSATION NOTCH,PLOT RATTRAPAGE JEU,K9PP667H01A.jpg
电气 Électrique,取暖/製冷,K9PP667H01A,蒸發器 -膨脹閥,70,6922 H3,RP 6230 06,04/01,(MUL)六角頭帶墊圈螺栓,(MUL) TH SCREW WITH WASHER,(MUL) VIS TH RDL,K9PP667H01A.jpg
电气 Électrique,取暖/製冷,K9PP667H01A,蒸發器 -膨脹閥,72,6450 TL,RP 98 027 757 80,01/01,RPL 六角螺釘,BOLT H RPL,VIS H RPL,K9PP667H01A.jpg
电气 Électrique,取暖/製冷,K9PP667M01A,調節器、殼體和感測器,01,6445 KP,,01,蒸發器感測器,EVAPORATOR SENSOR,SONDE D’EVAPORATEUR,K9PP667M01A.jpg
电气 Électrique,取暖/製冷,K9PP667M01A,調節器、殼體和感測器,03,98 003 052 80,,01,日照感測器,BRIGHTNESS SENSOR,CAPTEUR ENSOLEILLEMENT,K9PP667M01A.jpg
电气 Électrique,取暖/製冷,K9PP667N01A,空調壓縮機和細節,01,98 299 345 80,,01,新壓縮機,NEW COMPRESSOR,COMPRESSEUR NEUF,K9PP667N01A.jpg
电气 Électrique,取暖/製冷,K9PP667N01A,空調壓縮機和細節,05,5606 P9,,01,壓縮機支架,COMPRESSOR SUPPORT,SUPPORT DE COMPRESSEUR,K9PP667N01A.jpg
电气 Électrique,取暖/製冷,K9PP667N01A,空調壓縮機和細節,10,96 736 536 80,,03,六角頭凸緣螺栓,H EMB BOLT,VIS H EMB,K9PP667N01A.jpg
电气 Électrique,取暖/製冷,K9PP667P01A,冷凝器-乾燥器單元,01,98 167 465 80,,01,無維護型冷凝器,MAINTENANCE-FREE CONDENSER,CONDENSEUR SANS ENTRETIEN,K9PP667P01A.jpg
电气 Électrique,取暖/製冷,K9PP667P01A,冷凝器-乾燥器單元,05,98 053 283 80,,01,冷凝器支架,CONDENSER BRACKET,SUPPORT DE CONDENSEUR,K9PP667P01A.jpg
电气 Électrique,取暖/製冷,K9PP667P01A,冷凝器-乾燥器單元,70,6925 L3,,01,MUL 帶固定平墊圈的大內六角花形半圓頭的螺釘,(MUL) CBLX RDL SCREW,(MUL) VIS CBLX RDL,K9PP667P01A.jpg
电气 Électrique,取暖/製冷,K9PP667P20A,空調製冷管 – 固定件,01,96 782 705 80,RP 98 317 022 80,01/01,空調製冷管,REFRIGERANT PIPE,TUYAU FLUIDE DE REFRIGERATION,K9PP667P20A.jpg
电气 Électrique,取暖/製冷,K9PP667P20A,空調製冷管 – 固定件,02,96 756 353 80,RP 98 407 098 80,01/01,空調製冷管,REFRIGERANT PIPE,TUYAU FLUIDE DE REFRIGERATION,K9PP667P20A.jpg
电气 Électrique,取暖/製冷,K9PP667P20A,空調製冷管 – 固定件,03,98 072 562 80,,01,空調製冷管,REFRIGERANT PIPE,TUYAU FLUIDE DE REFRIGERATION,K9PP667P20A.jpg
电气 Électrique,取暖/製冷,K9PP667P20A,空調製冷管 – 固定件,05,96 730 063 80,RP 98 330 786 80,01/01,空調壓力感測器,AIR CON PRESSURE SENSOR,CAPTEUR PRESSION REFRIGERATION,K9PP667P20A.jpg
电气 Électrique,取暖/製冷,K9PP667P20A,空調製冷管 – 固定件,06,6460 T9,,04,O型密封圈,O-RING SEAL,JOINT TORIQUE,K9PP667P20A.jpg
电气 Électrique,取暖/製冷,K9PP667P20A,空調製冷管 – 固定件,07,6460 V0,,04,O型密封圈,O-RING SEAL,JOINT TORIQUE,K9PP667P20A.jpg
电气 Électrique,取暖/製冷,K9PP667P20A,空調製冷管 – 固定件,08,6460 CR,,02,O型密封圈,O-RING SEAL,JOINT TORIQUE,K9PP667P20A.jpg
电气 Électrique,取暖/製冷,K9PP667P20A,空調製冷管 – 固定件,09,6460 TP,,04,O型密封圈,O-RING SEAL,JOINT TORIQUE,K9PP667P20A.jpg
电气 Électrique,取暖/製冷,K9PP667P20A,空調製冷管 – 固定件,12,8899 Y8,,01,隔音泡沫,ACOUSTIC FOAM,MOUSSE ACCOUSTIQUE,K9PP667P20A.jpg
电气 Électrique,取暖/製冷,K9PP667P20A,空調製冷管 – 固定件,40,16 150 585 80,,01,製冷迴路閥門,AIR CONDITIONING CIRCUIT VALVE,VALVE DE CIRCUIT REFRIGERATION,K9PP667P20A.jpg
电气 Électrique,取暖/製冷,K9PP667P20A,空調製冷管 – 固定件,45,16 150 586 80,,01,製冷迴路閥門,AIR CONDITIONING CIRCUIT VALVE,VALVE DE CIRCUIT REFRIGERATION,K9PP667P20A.jpg
电气 Électrique,取暖/製冷,K9PP667P20A,空調製冷管 – 固定件,50,16 150 587 80,,01,製冷閥堵蓋,AIR CONDITIONING VALVE CAP,BOUCHON DE VALVE REFRIGERATION,K9PP667P20A.jpg
电气 Électrique,取暖/製冷,K9PP667P20A,空調製冷管 – 固定件,55,16 150 588 80,,01,製冷閥堵蓋,AIR CONDITIONING VALVE CAP,BOUCHON DE VALVE REFRIGERATION,K9PP667P20A.jpg
电气 Électrique,取暖/製冷,K9PP667P20A,空調製冷管 – 固定件,70,0358 05,,02,(MUL)凸緣螺母,(MUL) FLANGED NUT,(MUL) ECROU A EMBASE,K9PP667P20A.jpg
电气 Électrique,取暖/製冷,K9PP667P20A,空調製冷管 – 固定件,71,6936 C9,,04,(MUL)凸緣螺母,(MUL) FLANGED NUT,(MUL) ECROU A EMBASE,K9PP667P20A.jpg
电气 Électrique,取暖/製冷,K9PP667P20A,空調製冷管 – 固定件,72,6943 83,,01,(MUL)簧片螺母,(MUL) SPIRE NUT,(MUL) ECROU TOLE,K9PP667P20A.jpg
电气 Électrique,取暖/製冷,K9PP667P20A,空調製冷管 – 固定件,73,6922 G0,,01,(MUL)六角頭帶墊圈螺栓,(MUL) TH SCREW WITH WASHER,(MUL) VIS TH RDL,K9PP667P20A.jpg
电气 Électrique,取暖/製冷,K9PP667P40A,空調製冷管 – 固定件,70,98 605 119 80,,01,嵌入墊圈六角凸緣螺母,FLGD HEX HEAD NUT W. RTS,ECROU H EMB RTS,K9PP667P40A.jpg
电气 Électrique,單元/聯結器插板/套件,K9PP665G01A,多路傳輸控制器,01,16 341 651 80,,01,智慧控制盒,BUILT-IN SYSTEMS INTERFACE,BOITIER SERVITUDE INTELLIGENT,K9PP665G01A.jpg
电气 Électrique,單元/聯結器插板/套件,K9PP665G01A,多路傳輸控制器,02,98 118 089 80,,01,伺服盒支架,SERVITUDE BOX BRACKET,SUPPORT BOITIER DE SERVITUDE,K9PP665G01A.jpg
电气 Électrique,單元/聯結器插板/套件,K9PP665G01A,多路傳輸控制器,05,6500 AF,,01,保險絲鉗,FUSE PULLER,PINCE A FUSIBLE,K9PP665G01A.jpg
电气 Électrique,單元/聯結器插板/套件,K9PP665G01A,多路傳輸控制器,20,6500 N8,,01,微型保險絲,MINI FUSE,MINI FUSIBLE,K9PP665G01A.jpg
电气 Électrique,單元/聯結器插板/套件,K9PP665G01A,多路傳輸控制器,21,6500 G3,,01,大號保險絲,MAXI FUSE,MAXI FUSIBLE,K9PP665G01A.jpg
电气 Électrique,單元/聯結器插板/套件,K9PP665G01A,多路傳輸控制器,22,6504 81,,01,分流器,SHUNT,SHUNT,K9PP665G01A.jpg
电气 Électrique,單元/聯結器插板/套件,K9PP665G01A,多路傳輸控制器,70,6935 A6,,03,(MUL)凸緣螺母,(MUL) FLANGED NUT,(MUL) ECROU A EMBASE,K9PP665G01A.jpg
电气 Électrique,單元/聯結器插板/套件,K9PP665H01A,檢測埠和保險絲盒發動機艙區域,03,98 046 817 80,,01,伺服盒支架,FUSE BOX SUPPORT,SUPPORT BOITIER SERVITUDE,K9PP665H01A.jpg
电气 Électrique,單元/聯結器插板/套件,K9PP665H01A,檢測埠和保險絲盒發動機艙區域,05,98 014 486 80,,01,伺服盒蓋,FUSE BOX COVER,COUVERCLE BOITIER SERVITUDE,K9PP665H01A.jpg
电气 Électrique,單元/聯結器插板/套件,K9PP665H01A,檢測埠和保險絲盒發動機艙區域,10,6500 EJ,,01,保護轉換盒,SWITCHING AND PROTECTION UNIT,BOITIER COMMUTATION PROTECTION,K9PP665H01A.jpg
电气 Électrique,單元/聯結器插板/套件,K9PP665H01A,檢測埠和保險絲盒發動機艙區域,11,98 660 071 80,,01,繼電器保險絲盒支架,SEALED FUSE RELAY BOX SUPP,SUPP BTIER FUSI RELAIS ETANCHE,K9PP665H01A.jpg
电气 Électrique,單元/聯結器插板/套件,K9PP665H01A,檢測埠和保險絲盒發動機艙區域,15,98 053 185 80,,01,開關盒支架,SWITCHING UNIT SUPPORT,SUPPORT BOITIER COMMUTATION,K9PP665H01A.jpg
电气 Électrique,單元/聯結器插板/套件,K9PP665H01A,檢測埠和保險絲盒發動機艙區域,17,98 031 492 80,,01,開關盒支架,SWITCHING UNIT SUPPORT,SUPPORT BOITIER COMMUTATION,K9PP665H01A.jpg
电气 Électrique,單元/聯結器插板/套件,K9PP665H01A,檢測埠和保險絲盒發動機艙區域,30,98 118 796 80,,01,蓄電池保險絲盒,BATTERY FUSE BOX,BOITIER FUSIBLE DEPART BATTERI,K9PP665H01A.jpg
电气 Électrique,單元/聯結器插板/套件,K9PP665H01A,檢測埠和保險絲盒發動機艙區域,31,98 147 362 80,,01,保險絲盒支架,FUSE BOX SUPPORT,SUPPORT DE BOITE A FUSIBLES,K9PP665H01A.jpg
电气 Électrique,單元/聯結器插板/套件,K9PP665H01A,檢測埠和保險絲盒發動機艙區域,35,98 144 749 80,,01,防護罩,PROTECTION HOOD,CAPOT DE PROTECTION,K9PP665H01A.jpg
电气 Électrique,單元/聯結器插板/套件,K9PP665H01A,檢測埠和保險絲盒發動機艙區域,37,6500 K1,,01,大保險絲盒,MAXI FUSES BOX,BOITE MAXI FUSIBLES,K9PP665H01A.jpg
电气 Électrique,單元/聯結器插板/套件,K9PP665H01A,檢測埠和保險絲盒發動機艙區域,39,6500 J7,,01,保險絲盒蓋板,FUSE BOX COVER,COUVERCLE DE BOITE A FUSIBLES,K9PP665H01A.jpg
电气 Électrique,單元/聯結器插板/套件,K9PP665H01A,檢測埠和保險絲盒發動機艙區域,45,96 730 621 80,,01,繼電器,ELECTRIC RELAY,RELAIS ELECTRIQUE,K9PP665H01A.jpg
电气 Électrique,單元/聯結器插板/套件,K9PP665H01A,檢測埠和保險絲盒發動機艙區域,46,98 079 723 80,,01,繼電器,ELECTRIC RELAY,RELAIS ELECTRIQUE,K9PP665H01A.jpg
电气 Électrique,單元/聯結器插板/套件,K9PP665H01A,檢測埠和保險絲盒發動機艙區域,47,98 059 257 80,,01,繼電器,ELECTRIC RELAY,RELAIS ELECTRIQUE,K9PP665H01A.jpg
电气 Électrique,單元/聯結器插板/套件,K9PP665H01A,檢測埠和保險絲盒發動機艙區域,48,6547 TX,,01,繼電器,ELECTRIC RELAY,RELAIS ELECTRIQUE,K9PP665H01A.jpg
电气 Électrique,單元/聯結器插板/套件,K9PP665H01A,檢測埠和保險絲盒發動機艙區域,49,96 730 286 80,,01,繼電器,ELECTRIC RELAY,RELAIS ELECTRIQUE,K9PP665H01A.jpg
电气 Électrique,單元/聯結器插板/套件,K9PP665H01A,檢測埠和保險絲盒發動機艙區域,50,6500 N8,,01,微型保險絲,MINI FUSE,MINI FUSIBLE,K9PP665H01A.jpg
电气 Électrique,單元/聯結器插板/套件,K9PP665H01A,檢測埠和保險絲盒發動機艙區域,55,96 654 078 80,,01,保險絲,FUSE,FUSIBLE,K9PP665H01A.jpg
电气 Électrique,單元/聯結器插板/套件,K9PP665H01A,檢測埠和保險絲盒發動機艙區域,60,6500 K3,RP 16 109 210 80,01/01,大號保險絲,MAXI FUSE,MAXI FUSIBLE,K9PP665H01A.jpg
电气 Électrique,單元/聯結器插板/套件,K9PP665H01A,檢測埠和保險絲盒發動機艙區域,61,6997 L4,,01,MKT 保險絲,(MKT) FUSE,(MKT) FUSIBLE,K9PP665H01A.jpg
电气 Électrique,單元/聯結器插板/套件,K9PP665H01A,檢測埠和保險絲盒發動機艙區域,62,96 661 549 80,,01,保險絲,FUSE,FUSIBLE,K9PP665H01A.jpg
电气 Électrique,單元/聯結器插板/套件,K9PP665H01A,檢測埠和保險絲盒發動機艙區域,69,96 664 427 80,,01,線束二極體,HARNESS DIODE,DIODE SUR FAISCEAU,K9PP665H01A.jpg
电气 Électrique,單元/聯結器插板/套件,K9PP665H01A,檢測埠和保險絲盒發動機艙區域,80,98 087 754 80,,01,支撐夾,SUPPORT CLIP,AGRAFE SUPPORT,K9PP665H01A.jpg
电气 Électrique,單元/聯結器插板/套件,K9PP665H01A,檢測埠和保險絲盒發動機艙區域,81,8401 TP,,02,帶彈性墊片六角頭螺栓,H RCN SCREW,VIS H RCN,K9PP665H01A.jpg
电气 Électrique,單元/聯結器插板/套件,K9PP665H01A,檢測埠和保險絲盒發動機艙區域,82,8401 TP,,02,帶彈性墊片六角頭螺栓,H RCN SCREW,VIS H RCN,K9PP665H01A.jpg
电气 Électrique,單元/聯結器插板/套件,K9PP665H01A,檢測埠和保險絲盒發動機艙區域,86,6935 A6,,01,(MUL)凸緣螺母,(MUL) FLANGED NUT,(MUL) ECROU A EMBASE,K9PP665H01A.jpg
电气 Électrique,單元/聯結器插板/套件,K9PP665H01A,檢測埠和保險絲盒發動機艙區域,90,16 115 673 80,,01,(MUL)凸緣螺母,(MUL) FLANGED NUT,(MUL) ECROU A EMBASE,K9PP665H01A.jpg
电气 Électrique,單元/聯結器插板/套件,K9PP665H01A,檢測埠和保險絲盒發動機艙區域,91,6936 39,,01,(MUL)凸緣螺母,(MUL) FLANGED NUT,(MUL) ECROU A EMBASE,K9PP665H01A.jpg
电气 Électrique,單元/聯結器插板/套件,K9PP665H02A,檢測埠和保險絲盒座艙區域,01,96 757 303 80,,01,保險絲盒蓋板,FUSE BOX COVER,COUVERCLE DE BOITE A FUSIBLES,K9PP665H02A.jpg
电气 Électrique,單元/聯結器插板/套件,K9PP665H02A,檢測埠和保險絲盒座艙區域,02,96 757 304 80,,01,繼電器支架固定夾,RELAY SUPPORT FIXING CLAMP,BRIDE FIXATION SUPPORT RELAIS,K9PP665H02A.jpg
电气 Électrique,單元/聯結器插板/套件,K9PP665H02A,檢測埠和保險絲盒座艙區域,05,6500 N8,,01,微型保險絲,MINI FUSE,MINI FUSIBLE,K9PP665H02A.jpg
电气 Électrique,單元/聯結器插板/套件,K9PP665H02A,檢測埠和保險絲盒座艙區域,07,6997 L0,,01,MKT 保險絲,(MKT) FUSE,(MKT) FUSIBLE,K9PP665H02A.jpg
电气 Électrique,單元/聯結器插板/套件,K9PP665H02A,檢測埠和保險絲盒座艙區域,09,96 661 549 80,,01,保險絲,FUSE,FUSIBLE,K9PP665H02A.jpg
电气 Électrique,單元/聯結器插板/套件,K9PP665H02A,檢測埠和保險絲盒座艙區域,11,98 079 723 80,,01,繼電器,ELECTRIC RELAY,RELAIS ELECTRIQUE,K9PP665H02A.jpg
电气 Électrique,單元/聯結器插板/套件,K9PP665H02A,檢測埠和保險絲盒座艙區域,12,96 730 621 80,,01,繼電器,ELECTRIC RELAY,RELAIS ELECTRIQUE,K9PP665H02A.jpg
电气 Électrique,單元/聯結器插板/套件,K9PP665H02A,檢測埠和保險絲盒座艙區域,13,96 730 286 80,,01,繼電器,ELECTRIC RELAY,RELAIS ELECTRIQUE,K9PP665H02A.jpg
电气 Électrique,單元/聯結器插板/套件,K9PP665H02A,檢測埠和保險絲盒座艙區域,14,6547 TX,,01,繼電器,ELECTRIC RELAY,RELAIS ELECTRIQUE,K9PP665H02A.jpg
电气 Électrique,單元/聯結器插板/套件,K9PP665H70A,繼電器 – 蜂鳴器 – 閃光器,01,6545 XF,,01,繼電器,ELECTRIC RELAY,RELAIS ELECTRIQUE,K9PP665H70A.jpg
电气 Électrique,單元/聯結器插板/套件,K9PP665H70A,繼電器 – 蜂鳴器 – 閃光器,70,98 087 754 80,,01,支撐夾,SUPPORT CLIP,AGRAFE SUPPORT,K9PP665H70A.jpg
电气 Électrique,單元/聯結器插板/套件,K9PP665H70A,繼電器 – 蜂鳴器 – 閃光器,71,6547 VA,,01,支撐夾,SUPPORT CLIP,AGRAFE SUPPORT,K9PP665H70A.jpg
电气 Électrique,單元/聯結器插板/套件,K9PP886A80A,行李箱控制盒,01,98 100 500 80,RP 98 371 670 80,01/01,拖掛功能伺服盒,TRAILER FUSE BOX,BOITIER SERVITUDE REMORQUE,K9PP886A80A.jpg
电气 Électrique,單元/聯結器插板/套件,K9PP886A80A,行李箱控制盒,70,6939 97,,02,(MUL)帶墊圈螺母,(MUL) NUT WITH CAPTIVE WASHER,(MUL) ECROU AVEC RDL IMPDB,K9PP886A80A.jpg
电气 Électrique,安全氣囊,K9PP882G01A,正向安全氣囊袋,01,98 185 172 ZD,,01,帶安全氣囊的方向盤罩蓋,PRYOTECH STEER WHEEL CUSHION,COUSSIN VOLANT DIRECT PYROTECH,K9PP882G01A.jpg
电气 Électrique,安全氣囊,K9PP882G01A,正向安全氣囊袋,05,98 187 640 80,,01,頂蓬安全氣囊,PYROTECHNIC ROOF AIRBAG,SAC GONFLABLE PAVILLON PYRO,K9PP882G01A.jpg
电气 Électrique,安全氣囊,K9PP882G01A,正向安全氣囊袋,70,4503 43,,02,(MUL)凸緣螺母,(MUL) FLANGED NUT,(MUL) ECROU A EMBASE,K9PP882G01A.jpg
电气 Électrique,安全氣囊,K9PP882G01A,正向安全氣囊袋,71,98 021 863 80,,02,帶彈性墊片六角頭螺栓,H RCN SCREW,VIS H RCN,K9PP882G01A.jpg
电气 Électrique,安全氣囊,K9PP882G50A,側向安全氣囊袋,01,98 172 920 80,,01,頂蓬安全氣囊,PYROTECHNIC ROOF AIRBAG,SAC GONFLABLE PAVILLON PYRO,K9PP882G50A.jpg
电气 Électrique,安全氣囊,K9PP882G50A,側向安全氣囊袋,02,98 172 715 80,,01,頂蓬安全氣囊,PYROTECHNIC ROOF AIRBAG,SAC GONFLABLE PAVILLON PYRO,K9PP882G50A.jpg
电气 Électrique,安全氣囊,K9PP882G50A,側向安全氣囊袋,03,98 170 704 80,,01,氣囊擾流板,AIR BAG DEFLECTOR,DEFLECTEUR SAC GONFLABLE,K9PP882G50A.jpg
电气 Électrique,安全氣囊,K9PP882G50A,側向安全氣囊袋,04,98 173 374 80,,01,氣囊擾流板,AIR BAG DEFLECTOR,DEFLECTEUR SAC GONFLABLE,K9PP882G50A.jpg
电气 Électrique,安全氣囊,K9PP882G50A,側向安全氣囊袋,70,96 739 431 80,,02,MKT卡夾,(MKT) CLIP,(MKT) AGRAFE,K9PP882G50A.jpg
电气 Électrique,安全氣囊,K9PP882G50A,側向安全氣囊袋,71,6925 G5,,02,(MUL) 凸緣螺栓,(MUL) FLANGED BOLT,(MUL) VIS A EMBASE,K9PP882G50A.jpg
电气 Électrique,安全氣囊,K9PP882G51A,側向安全氣囊袋駕駛員側 或者 乘客側,01,98 164 467 80,,01,側安全氣囊,PYROTECHNIC SIDE AIRBAG,SAC GONFLABLE LATERAL PYROTECH,K9PP882G51A.jpg
电气 Électrique,安全氣囊,K9PP882G51A,側向安全氣囊袋駕駛員側 或者 乘客側,10,98 271 930 80,,02,螺母,NUT,ECROU,K9PP882G51A.jpg
电气 Électrique,安全氣囊,K9PP882G80A,控制盒和感測器,01,16 347 378 80,,01,安全氣囊控制盒,AIRBAG CONTROL UNIT,BOITIER COMMANDE SAC GONFLABLE,K9PP882G80A.jpg
电气 Électrique,安全氣囊,K9PP882G80A,控制盒和感測器,02,98 104 524 80,RP 98 520 804 80,01/01,側安全氣囊加速度感測器,LATERAL AIRBAG ACLRTN SENSOR,CAPTEUR ACCELERATION ABL,K9PP882G80A.jpg
电气 Électrique,安全氣囊,K9PP882G80A,控制盒和感測器,03,98 104 524 80,RP 98 520 804 80,01/01,側安全氣囊加速度感測器,LATERAL AIRBAG ACLRTN SENSOR,CAPTEUR ACCELERATION ABL,K9PP882G80A.jpg
电气 Électrique,安全氣囊,K9PP882G80A,控制盒和感測器,04,98 102 680 80,,01,壓力感測器,SENSOR PRESSURE,CAPTEUR DE PRESSION,K9PP882G80A.jpg
电气 Électrique,安全氣囊,K9PP882G80A,控制盒和感測器,05,98 102 680 80,,01,壓力感測器,SENSOR PRESSURE,CAPTEUR DE PRESSION,K9PP882G80A.jpg
电气 Électrique,安全氣囊,K9PP882G80A,控制盒和感測器,06,96 413 912 ZD,,01,乘客側氣囊解除開關,PSGR AIRBAG DEACTIVATION CTRL,CDE NEUTRAL SAC GONFLABLE PASS,K9PP882G80A.jpg
电气 Électrique,安全氣囊,K9PP882G80A,控制盒和感測器,70,6935 A6,,01,(MUL)凸緣螺母,(MUL) FLANGED NUT,(MUL) ECROU A EMBASE,K9PP882G80A.jpg
电气 Électrique,安全氣囊,K9PP882G80A,控制盒和感測器,71,6935 A6,,01,(MUL)凸緣螺母,(MUL) FLANGED NUT,(MUL) ECROU A EMBASE,K9PP882G80A.jpg
电气 Électrique,安全氣囊,K9PP882G80A,控制盒和感測器,72,6935 A6,,01,(MUL)凸緣螺母,(MUL) FLANGED NUT,(MUL) ECROU A EMBASE,K9PP882G80A.jpg
电气 Électrique,後線束,K9PP660A62A,後線束連線維修工具包,01,16 116 187 80,,01,連線修理套件,CONNECTION REPAIR KIT,KIT REPARATION CONNECTIQUE,K9PP660A62A.jpg
电气 Électrique,後線束,K9PP660A62A,後線束連線維修工具包,02,16 809 473 80,,01,連線修理套件,CONNECTION REPAIR KIT,KIT REPARATION CONNECTIQUE,K9PP660A62A.jpg
电气 Électrique,後線束,K9PP660A62A,後線束連線維修工具包,03,16 062 487 80,,01,連線修理套件,CONNECTION REPAIR KIT,KIT REPARATION CONNECTIQUE,K9PP660A62A.jpg
电气 Électrique,後線束,K9PP660T30A,油箱線束,02,98 279 663 80,,01,燃油表線束,FUEL GAUGE HARNESS,FAISCEAU DE JAUGE CARBURANT,K9PP660T30A.jpg
电气 Électrique,後線束,K9PP660T30A,油箱線束,70,8227 F0,,01,卡子,STAPLE,AGRAFE,K9PP660T30A.jpg
电气 Électrique,後線束,K9PP660T30A,油箱線束,71,98 087 754 80,,01,支撐夾,SUPPORT CLIP,AGRAFE SUPPORT,K9PP660T30A.jpg
电气 Électrique,後線束,K9PP660T30A,油箱線束,80,6980 99,,01,(MUL) 紮帶,(MUL) TIE WRAP,(MUL) LANIERE,K9PP660T30A.jpg
电气 Électrique,後線束,K9PP660T30A,油箱線束,81,6980 A3,,01,(MUL) 紮帶,(MUL) TIE WRAP,(MUL) LANIERE,K9PP660T30A.jpg
电气 Électrique,後線束,K9PP660T30A,油箱線束,82,16 119 828 80,,01,(MUL) 紮帶,(MUL) TIE WRAP,(MUL) LANIERE,K9PP660T30A.jpg
电气 Électrique,後線束,K9PP660T30A,油箱線束,83,6545 NT,,01,(MUL) 紮帶,(MUL) TIE WRAP,(MUL) LANIERE,K9PP660T30A.jpg
电气 Électrique,後線束,K9PP660V01A,後部線束,01,98 280 355 80,,01,障礙物探測線束,OBSTACLE DETECTION LOOM,FAISCEAU DETECTION D’OBSTACLE,K9PP660V01A.jpg
电气 Électrique,後線束,K9PP660V01A,後部線束,70,8227 F0,,01,卡子,STAPLE,AGRAFE,K9PP660V01A.jpg
电气 Électrique,後線束,K9PP660V01A,後部線束,80,16 119 828 80,,01,(MUL) 紮帶,(MUL) TIE WRAP,(MUL) LANIERE,K9PP660V01A.jpg
电气 Électrique,後線束,K9PP660V30A,尾部線束,01,98 280 355 80,,01,障礙物探測線束,OBSTACLE DETECTION LOOM,FAISCEAU DETECTION D’OBSTACLE,K9PP660V30A.jpg
电气 Électrique,後線束,K9PP660V30A,尾部線束,70,8227 F0,,01,卡子,STAPLE,AGRAFE,K9PP660V30A.jpg
电气 Électrique,後線束,K9PP660V30A,尾部線束,80,16 119 828 80,,01,(MUL) 紮帶,(MUL) TIE WRAP,(MUL) LANIERE,K9PP660V30A.jpg
电气 Électrique,後線束,K9PP660V35A,尾部線束,01,98 281 780 80,,01,尾門線束,TAILGATE HARNESS,FAISCEAU DE VOLET ARRIERE,K9PP660V35A.jpg
电气 Électrique,後線束,K9PP660V35A,尾部線束,20,5638 TG,,01,護套,OUTER SLEEVE,FOURREAU,K9PP660V35A.jpg
电气 Électrique,後線束,K9PP660V35A,尾部線束,30,6545 54,,01,活動元件線束套管通道,MOVING COMPONENT HRNS GROMMET,PASSE-GAINE FSC ELEMENT MOBILE,K9PP660V35A.jpg
电气 Électrique,後線束,K9PP660V35A,尾部線束,70,98 087 754 80,,01,支撐夾,SUPPORT CLIP,AGRAFE SUPPORT,K9PP660V35A.jpg
电气 Électrique,後線束,K9PP660V35A,尾部線束,71,6556 VE,,01,(MUL)卡扣,(MUL) CLIP,(MUL) AGRAFE,K9PP660V35A.jpg
电气 Électrique,後線束,K9PP660V35A,尾部線束,80,6980 99,,01,(MUL) 紮帶,(MUL) TIE WRAP,(MUL) LANIERE,K9PP660V35A.jpg
电气 Électrique,後線束,K9PP660V35A,尾部線束,81,6980 A3,,01,(MUL) 紮帶,(MUL) TIE WRAP,(MUL) LANIERE,K9PP660V35A.jpg
电气 Électrique,接頭,K9PP665W01A,專用維修接頭,01,16 905 678 WZ,,01,連線修理套件,CONNECTION REPAIR KIT,KIT REPARATION CONNECTIQUE,K9PP665W01A.jpg
电气 Électrique,接頭,K9PP665W01A,專用維修接頭,02,16 905 682 QX,,01,連線修理套件,CONNECTION REPAIR KIT,KIT REPARATION CONNECTIQUE,K9PP665W01A.jpg
电气 Électrique,接頭,K9PP665W01A,專用維修接頭,03,16 905 680 XX,,01,連線修理套件,CONNECTION REPAIR KIT,KIT REPARATION CONNECTIQUE,K9PP665W01A.jpg
电气 Électrique,接頭,K9PP665W01A,專用維修接頭,04,16 905 683 WZ,,01,連線修理套件,CONNECTION REPAIR KIT,KIT REPARATION CONNECTIQUE,K9PP665W01A.jpg
电气 Électrique,接頭,K9PP665W01A,專用維修接頭,05,16 905 684 XX,,01,連線修理套件,CONNECTION REPAIR KIT,KIT REPARATION CONNECTIQUE,K9PP665W01A.jpg
电气 Électrique,接頭,K9PP665W01A,專用維修接頭,06,16 905 685 XX,,01,連線修理套件,CONNECTION REPAIR KIT,KIT REPARATION CONNECTIQUE,K9PP665W01A.jpg
电气 Électrique,接頭,K9PP665W01A,專用維修接頭,07,16 905 686 MU,,01,連線修理套件,CONNECTION REPAIR KIT,KIT REPARATION CONNECTIQUE,K9PP665W01A.jpg
电气 Électrique,接頭,K9PP665W01A,專用維修接頭,08,16 905 687 WZ,,01,連線修理套件,CONNECTION REPAIR KIT,KIT REPARATION CONNECTIQUE,K9PP665W01A.jpg
电气 Électrique,接頭,K9PP665W01A,專用維修接頭,09,16 905 688 QX,,01,連線修理套件,CONNECTION REPAIR KIT,KIT REPARATION CONNECTIQUE,K9PP665W01A.jpg
电气 Électrique,接頭,K9PP665W01A,專用維修接頭,10,16 905 689 XX,,01,連線修理套件,CONNECTION REPAIR KIT,KIT REPARATION CONNECTIQUE,K9PP665W01A.jpg
电气 Électrique,接頭,K9PP665W01A,專用維修接頭,11,16 905 690 XX,,01,連線修理套件,CONNECTION REPAIR KIT,KIT REPARATION CONNECTIQUE,K9PP665W01A.jpg
电气 Électrique,接頭,K9PP665W01A,專用維修接頭,12,16 905 691 ED,,01,連線修理套件,CONNECTION REPAIR KIT,KIT REPARATION CONNECTIQUE,K9PP665W01A.jpg
电气 Électrique,接頭,K9PP665W01A,專用維修接頭,13,16 905 720 XX,,01,連線修理套件,CONNECTION REPAIR KIT,KIT REPARATION CONNECTIQUE,K9PP665W01A.jpg
电气 Électrique,接頭,K9PP665W01A,專用維修接頭,14,16 905 721 XX,,01,連線修理套件,CONNECTION REPAIR KIT,KIT REPARATION CONNECTIQUE,K9PP665W01A.jpg
电气 Électrique,接頭,K9PP665W01A,專用維修接頭,15,16 905 722 XX,,01,連線修理套件,CONNECTION REPAIR KIT,KIT REPARATION CONNECTIQUE,K9PP665W01A.jpg
电气 Électrique,接頭,K9PP665W01A,專用維修接頭,16,16 905 723 XX,,01,連線修理套件,CONNECTION REPAIR KIT,KIT REPARATION CONNECTIQUE,K9PP665W01A.jpg
电气 Électrique,接頭,K9PP665W01A,專用維修接頭,17,16 905 724 XX,,01,連線修理套件,CONNECTION REPAIR KIT,KIT REPARATION CONNECTIQUE,K9PP665W01A.jpg
电气 Électrique,接頭,K9PP665W01A,專用維修接頭,18,16 905 725 XX,,01,連線修理套件,CONNECTION REPAIR KIT,KIT REPARATION CONNECTIQUE,K9PP665W01A.jpg
电气 Électrique,接頭,K9PP665W01A,專用維修接頭,19,16 905 726 XX,,01,連線修理套件,CONNECTION REPAIR KIT,KIT REPARATION CONNECTIQUE,K9PP665W01A.jpg
电气 Électrique,接頭,K9PP665W01A,專用維修接頭,20,16 905 727 WZ,,01,連線修理套件,CONNECTION REPAIR KIT,KIT REPARATION CONNECTIQUE,K9PP665W01A.jpg
电气 Électrique,接頭,K9PP665W01A,專用維修接頭,21,16 905 728 XX,,01,連線修理套件,CONNECTION REPAIR KIT,KIT REPARATION CONNECTIQUE,K9PP665W01A.jpg
电气 Électrique,接頭,K9PP665W01A,專用維修接頭,22,16 905 729 XX,,01,連線修理套件,CONNECTION REPAIR KIT,KIT REPARATION CONNECTIQUE,K9PP665W01A.jpg
电气 Électrique,接頭,K9PP665W01A,專用維修接頭,23,16 905 731 YQ,,01,連線修理套件,CONNECTION REPAIR KIT,KIT REPARATION CONNECTIQUE,K9PP665W01A.jpg
电气 Électrique,接頭,K9PP665W01A,專用維修接頭,24,16 062 473 80,,01,連線修理套件,CONNECTION REPAIR KIT,KIT REPARATION CONNECTIQUE,K9PP665W01A.jpg
电气 Électrique,接頭,K9PP665W01A,專用維修接頭,25,16 062 475 80,,01,連線修理套件,CONNECTION REPAIR KIT,KIT REPARATION CONNECTIQUE,K9PP665W01A.jpg
电气 Électrique,接頭,K9PP665W01A,專用維修接頭,26,16 062 476 80,,01,連線修理套件,CONNECTION REPAIR KIT,KIT REPARATION CONNECTIQUE,K9PP665W01A.jpg
电气 Électrique,接頭,K9PP665W01A,專用維修接頭,27,16 062 477 80,,01,連線修理套件,CONNECTION REPAIR KIT,KIT REPARATION CONNECTIQUE,K9PP665W01A.jpg
电气 Électrique,接頭,K9PP665W01A,專用維修接頭,28,16 062 479 80,,01,連線修理套件,CONNECTION REPAIR KIT,KIT REPARATION CONNECTIQUE,K9PP665W01A.jpg
电气 Électrique,接頭,K9PP665W01A,專用維修接頭,29,16 062 480 80,,01,連線修理套件,CONNECTION REPAIR KIT,KIT REPARATION CONNECTIQUE,K9PP665W01A.jpg
电气 Électrique,接頭,K9PP665W01A,專用維修接頭,30,16 062 481 80,,01,連線修理套件,CONNECTION REPAIR KIT,KIT REPARATION CONNECTIQUE,K9PP665W01A.jpg
电气 Électrique,接頭,K9PP665W01A,專用維修接頭,31,16 062 482 80,,01,連線修理套件,CONNECTION REPAIR KIT,KIT REPARATION CONNECTIQUE,K9PP665W01A.jpg
电气 Électrique,接頭,K9PP665W01A,專用維修接頭,32,16 062 483 80,,01,連線修理套件,CONNECTION REPAIR KIT,KIT REPARATION CONNECTIQUE,K9PP665W01A.jpg
电气 Électrique,接頭,K9PP665W01A,專用維修接頭,33,16 062 484 80,,01,連線修理套件,CONNECTION REPAIR KIT,KIT REPARATION CONNECTIQUE,K9PP665W01A.jpg
电气 Électrique,接頭,K9PP665W01A,專用維修接頭,34,16 062 485 80,,01,連線修理套件,CONNECTION REPAIR KIT,KIT REPARATION CONNECTIQUE,K9PP665W01A.jpg
电气 Électrique,接頭,K9PP665W01A,專用維修接頭,35,16 062 489 80,,01,連線修理套件,CONNECTION REPAIR KIT,KIT REPARATION CONNECTIQUE,K9PP665W01A.jpg
电气 Électrique,接頭,K9PP665W01A,專用維修接頭,36,16 062 490 80,,01,連線修理套件,CONNECTION REPAIR KIT,KIT REPARATION CONNECTIQUE,K9PP665W01A.jpg
电气 Électrique,接頭,K9PP665W01A,專用維修接頭,37,16 062 491 80,,01,連線修理套件,CONNECTION REPAIR KIT,KIT REPARATION CONNECTIQUE,K9PP665W01A.jpg
电气 Électrique,接頭,K9PP665W01A,專用維修接頭,38,16 062 495 80,,01,連線修理套件,CONNECTION REPAIR KIT,KIT REPARATION CONNECTIQUE,K9PP665W01A.jpg
电气 Électrique,接頭,K9PP665W01A,專用維修接頭,39,16 062 496 80,,01,連線修理套件,CONNECTION REPAIR KIT,KIT REPARATION CONNECTIQUE,K9PP665W01A.jpg
电气 Électrique,接頭,K9PP665W01A,專用維修接頭,40,16 062 498 80,,01,連線修理套件,CONNECTION REPAIR KIT,KIT REPARATION CONNECTIQUE,K9PP665W01A.jpg
电气 Électrique,接頭,K9PP665W01A,專用維修接頭,41,16 062 500 80,,01,連線修理套件,CONNECTION REPAIR KIT,KIT REPARATION CONNECTIQUE,K9PP665W01A.jpg
电气 Électrique,接頭,K9PP665W01A,專用維修接頭,42,16 062 501 80,,01,連線修理套件,CONNECTION REPAIR KIT,KIT REPARATION CONNECTIQUE,K9PP665W01A.jpg
电气 Électrique,接頭,K9PP665W01A,專用維修接頭,43,16 062 503 80,,01,連線修理套件,CONNECTION REPAIR KIT,KIT REPARATION CONNECTIQUE,K9PP665W01A.jpg
电气 Électrique,接頭,K9PP665W01A,專用維修接頭,44,16 062 504 80,,01,連線修理套件,CONNECTION REPAIR KIT,KIT REPARATION CONNECTIQUE,K9PP665W01A.jpg
电气 Électrique,接頭,K9PP665W01A,專用維修接頭,45,16 062 506 80,,01,連線修理套件,CONNECTION REPAIR KIT,KIT REPARATION CONNECTIQUE,K9PP665W01A.jpg
电气 Électrique,接頭,K9PP665W01A,專用維修接頭,46,16 062 507 80,,01,連線修理套件,CONNECTION REPAIR KIT,KIT REPARATION CONNECTIQUE,K9PP665W01A.jpg
电气 Électrique,接頭,K9PP665W01A,專用維修接頭,47,16 062 508 80,,01,連線修理套件,CONNECTION REPAIR KIT,KIT REPARATION CONNECTIQUE,K9PP665W01A.jpg
电气 Électrique,接頭,K9PP665W01A,專用維修接頭,48,16 062 509 80,,01,連線修理套件,CONNECTION REPAIR KIT,KIT REPARATION CONNECTIQUE,K9PP665W01A.jpg
电气 Électrique,接頭,K9PP665W01A,專用維修接頭,49,16 116 171 80,,01,連線修理套件,CONNECTION REPAIR KIT,KIT REPARATION CONNECTIQUE,K9PP665W01A.jpg
电气 Électrique,接頭,K9PP665W01A,專用維修接頭,50,16 116 185 80,,01,連線修理套件,CONNECTION REPAIR KIT,KIT REPARATION CONNECTIQUE,K9PP665W01A.jpg
电气 Électrique,接頭,K9PP665W01A,專用維修接頭,51,16 116 186 80,,01,連線修理套件,CONNECTION REPAIR KIT,KIT REPARATION CONNECTIQUE,K9PP665W01A.jpg
电气 Électrique,接頭,K9PP665W01A,專用維修接頭,52,16 116 188 80,,01,連線修理套件,CONNECTION REPAIR KIT,KIT REPARATION CONNECTIQUE,K9PP665W01A.jpg
电气 Électrique,接頭,K9PP665W01A,專用維修接頭,53,16 116 189 80,,01,連線修理套件,CONNECTION REPAIR KIT,KIT REPARATION CONNECTIQUE,K9PP665W01A.jpg
电气 Électrique,接頭,K9PP665W01A,專用維修接頭,54,16 116 197 80,,01,連線修理套件,CONNECTION REPAIR KIT,KIT REPARATION CONNECTIQUE,K9PP665W01A.jpg
电气 Électrique,接頭,K9PP665W01A,專用維修接頭,55,16 116 201 80,,01,連線修理套件,CONNECTION REPAIR KIT,KIT REPARATION CONNECTIQUE,K9PP665W01A.jpg
电气 Électrique,接頭,K9PP665W01A,專用維修接頭,56,16 137 316 80,,01,連線修理套件,CONNECTION REPAIR KIT,KIT REPARATION CONNECTIQUE,K9PP665W01A.jpg
电气 Électrique,接頭,K9PP665W01A,專用維修接頭,57,16 137 317 80,,01,連線修理套件,CONNECTION REPAIR KIT,KIT REPARATION CONNECTIQUE,K9PP665W01A.jpg
电气 Électrique,接頭,K9PP665W01A,專用維修接頭,58,16 137 318 80,,01,連線修理套件,CONNECTION REPAIR KIT,KIT REPARATION CONNECTIQUE,K9PP665W01A.jpg
电气 Électrique,接頭,K9PP665W01A,專用維修接頭,59,16 137 320 80,,01,連線修理套件,CONNECTION REPAIR KIT,KIT REPARATION CONNECTIQUE,K9PP665W01A.jpg
电气 Électrique,接頭,K9PP665W01A,專用維修接頭,60,16 141 025 80,,01,連線修理套件,CONNECTION REPAIR KIT,KIT REPARATION CONNECTIQUE,K9PP665W01A.jpg
电气 Électrique,接頭,K9PP665W01A,專用維修接頭,61,16 141 026 80,,01,連線修理套件,CONNECTION REPAIR KIT,KIT REPARATION CONNECTIQUE,K9PP665W01A.jpg
电气 Électrique,接頭,K9PP665W01A,專用維修接頭,62,16 141 027 80,,01,連線修理套件,CONNECTION REPAIR KIT,KIT REPARATION CONNECTIQUE,K9PP665W01A.jpg
电气 Électrique,接頭,K9PP665W01A,專用維修接頭,63,16 175 488 80,,01,連線修理套件,CONNECTION REPAIR KIT,KIT REPARATION CONNECTIQUE,K9PP665W01A.jpg
电气 Électrique,接頭,K9PP665W01A,專用維修接頭,64,16 175 499 80,,01,連線修理套件,CONNECTION REPAIR KIT,KIT REPARATION CONNECTIQUE,K9PP665W01A.jpg
电气 Électrique,接頭,K9PP665W01A,專用維修接頭,65,16 175 500 80,,01,連線修理套件,CONNECTION REPAIR KIT,KIT REPARATION CONNECTIQUE,K9PP665W01A.jpg
电气 Électrique,接頭,K9PP665W01A,專用維修接頭,66,16 175 501 80,,01,連線修理套件,CONNECTION REPAIR KIT,KIT REPARATION CONNECTIQUE,K9PP665W01A.jpg
电气 Électrique,接頭,K9PP665W01A,專用維修接頭,67,16 175 505 80,,01,連線修理套件,CONNECTION REPAIR KIT,KIT REPARATION CONNECTIQUE,K9PP665W01A.jpg
电气 Électrique,接頭,K9PP665W01A,專用維修接頭,68,16 175 507 80,,01,連線修理套件,CONNECTION REPAIR KIT,KIT REPARATION CONNECTIQUE,K9PP665W01A.jpg
电气 Électrique,接頭,K9PP665W01A,專用維修接頭,69,16 175 510 80,,01,連線修理套件,CONNECTION REPAIR KIT,KIT REPARATION CONNECTIQUE,K9PP665W01A.jpg
电气 Électrique,接頭,K9PP665W01A,專用維修接頭,70,16 175 511 80,,01,連線修理套件,CONNECTION REPAIR KIT,KIT REPARATION CONNECTIQUE,K9PP665W01A.jpg
电气 Électrique,接頭,K9PP665W01A,專用維修接頭,71,16 742 471 80,,01,連線修理套件,CONNECTION REPAIR KIT,KIT REPARATION CONNECTIQUE,K9PP665W01A.jpg
电气 Électrique,接頭,K9PP665W01A,專用維修接頭,72,16 809 457 80,,01,連線修理套件,CONNECTION REPAIR KIT,KIT REPARATION CONNECTIQUE,K9PP665W01A.jpg
电气 Électrique,接頭,K9PP665W01A,專用維修接頭,73,16 809 465 80,,01,連線修理套件,CONNECTION REPAIR KIT,KIT REPARATION CONNECTIQUE,K9PP665W01A.jpg
电气 Électrique,接頭,K9PP665W01A,專用維修接頭,74,16 809 466 80,,01,連線修理套件,CONNECTION REPAIR KIT,KIT REPARATION CONNECTIQUE,K9PP665W01A.jpg
电气 Électrique,接頭,K9PP665W01A,專用維修接頭,75,16 809 467 80,,01,連線修理套件,CONNECTION REPAIR KIT,KIT REPARATION CONNECTIQUE,K9PP665W01A.jpg
电气 Électrique,接頭,K9PP665W01A,專用維修接頭,76,16 809 468 80,,01,連線修理套件,CONNECTION REPAIR KIT,KIT REPARATION CONNECTIQUE,K9PP665W01A.jpg
电气 Électrique,接頭,K9PP665W01A,專用維修接頭,77,16 809 469 80,,01,連線修理套件,CONNECTION REPAIR KIT,KIT REPARATION CONNECTIQUE,K9PP665W01A.jpg
电气 Électrique,接頭,K9PP665W01A,專用維修接頭,78,16 809 470 80,,01,連線修理套件,CONNECTION REPAIR KIT,KIT REPARATION CONNECTIQUE,K9PP665W01A.jpg
电气 Électrique,接頭,K9PP665W01A,專用維修接頭,79,16 809 472 80,,01,連線修理套件,CONNECTION REPAIR KIT,KIT REPARATION CONNECTIQUE,K9PP665W01A.jpg
电气 Électrique,接頭,K9PP665W01A,專用維修接頭,80,16 809 473 80,,01,連線修理套件,CONNECTION REPAIR KIT,KIT REPARATION CONNECTIQUE,K9PP665W01A.jpg
电气 Électrique,接頭,K9PP665W01A,專用維修接頭,81,16 809 474 80,,01,連線修理套件,CONNECTION REPAIR KIT,KIT REPARATION CONNECTIQUE,K9PP665W01A.jpg
电气 Électrique,接頭,K9PP665W01A,專用維修接頭,82,16 809 475 80,,01,連線修理套件,CONNECTION REPAIR KIT,KIT REPARATION CONNECTIQUE,K9PP665W01A.jpg
电气 Électrique,接頭,K9PP665W01A,專用維修接頭,83,16 809 476 80,,01,連線修理套件,CONNECTION REPAIR KIT,KIT REPARATION CONNECTIQUE,K9PP665W01A.jpg
电气 Électrique,接頭,K9PP665W01A,專用維修接頭,84,16 809 477 80,,01,連線修理套件,CONNECTION REPAIR KIT,KIT REPARATION CONNECTIQUE,K9PP665W01A.jpg
电气 Électrique,接頭,K9PP665W01A,專用維修接頭,85,16 809 480 80,,01,連線修理套件,CONNECTION REPAIR KIT,KIT REPARATION CONNECTIQUE,K9PP665W01A.jpg
电气 Électrique,接頭,K9PP665W01A,專用維修接頭,86,16 809 481 80,,01,連線修理套件,CONNECTION REPAIR KIT,KIT REPARATION CONNECTIQUE,K9PP665W01A.jpg
电气 Électrique,接頭,K9PP665W01A,專用維修接頭,87,16 809 482 80,,01,連線修理套件,CONNECTION REPAIR KIT,KIT REPARATION CONNECTIQUE,K9PP665W01A.jpg
电气 Électrique,接頭,K9PP665W01A,專用維修接頭,88,16 809 483 80,,01,連線修理套件,CONNECTION REPAIR KIT,KIT REPARATION CONNECTIQUE,K9PP665W01A.jpg
电气 Électrique,接頭,K9PP665W01A,專用維修接頭,89,16 813 690 80,,01,連線修理套件,CONNECTION REPAIR KIT,KIT REPARATION CONNECTIQUE,K9PP665W01A.jpg
电气 Électrique,接頭,K9PP665W01A,專用維修接頭,90,16 813 691 80,,01,連線修理套件,CONNECTION REPAIR KIT,KIT REPARATION CONNECTIQUE,K9PP665W01A.jpg
电气 Électrique,接頭,K9PP665W01A,專用維修接頭,91,16 813 695 80,,01,連線修理套件,CONNECTION REPAIR KIT,KIT REPARATION CONNECTIQUE,K9PP665W01A.jpg
电气 Électrique,接頭,K9PP665W01A,專用維修接頭,92,16 813 696 80,,01,連線修理套件,CONNECTION REPAIR KIT,KIT REPARATION CONNECTIQUE,K9PP665W01A.jpg
电气 Électrique,接頭,K9PP665W01A,專用維修接頭,93,16 813 697 80,,01,連線修理套件,CONNECTION REPAIR KIT,KIT REPARATION CONNECTIQUE,K9PP665W01A.jpg
电气 Électrique,接頭,K9PP665W01A,專用維修接頭,94,16 813 701 80,,01,連線修理套件,CONNECTION REPAIR KIT,KIT REPARATION CONNECTIQUE,K9PP665W01A.jpg
电气 Électrique,接頭,K9PP665W01A,專用維修接頭,95,16 813 702 80,,01,連線修理套件,CONNECTION REPAIR KIT,KIT REPARATION CONNECTIQUE,K9PP665W01A.jpg
电气 Électrique,接頭,K9PP665W02A,專用維修接頭,01,16 956 978 80,,01,連線修理套件,CONNECTION REPAIR KIT,KIT REPARATION CONNECTIQUE,K9PP665W02A.jpg
电气 Électrique,接頭,K9PP665W02A,專用維修接頭,02,16 956 979 80,,01,連線修理套件,CONNECTION REPAIR KIT,KIT REPARATION CONNECTIQUE,K9PP665W02A.jpg
电气 Électrique,接頭,K9PP665W02A,專用維修接頭,03,16 956 987 80,,01,連線修理套件,CONNECTION REPAIR KIT,KIT REPARATION CONNECTIQUE,K9PP665W02A.jpg
电气 Électrique,接頭,K9PP665W02A,專用維修接頭,04,16 956 988 80,,01,連線修理套件,CONNECTION REPAIR KIT,KIT REPARATION CONNECTIQUE,K9PP665W02A.jpg
电气 Électrique,接頭,K9PP665W02A,專用維修接頭,05,16 956 993 80,,01,連線修理套件,CONNECTION REPAIR KIT,KIT REPARATION CONNECTIQUE,K9PP665W02A.jpg
电气 Électrique,接頭,K9PP665W02A,專用維修接頭,06,16 956 994 80,,01,連線修理套件,CONNECTION REPAIR KIT,KIT REPARATION CONNECTIQUE,K9PP665W02A.jpg
电气 Électrique,接頭,K9PP665W02A,專用維修接頭,07,16 956 998 80,,01,連線修理套件,CONNECTION REPAIR KIT,KIT REPARATION CONNECTIQUE,K9PP665W02A.jpg
电气 Électrique,接頭,K9PP665W02A,專用維修接頭,08,16 956 999 80,,01,連線修理套件,CONNECTION REPAIR KIT,KIT REPARATION CONNECTIQUE,K9PP665W02A.jpg
电气 Électrique,接頭,K9PP665W02A,專用維修接頭,09,16 957 000 80,,01,連線修理套件,CONNECTION REPAIR KIT,KIT REPARATION CONNECTIQUE,K9PP665W02A.jpg
电气 Électrique,接頭,K9PP665W02A,專用維修接頭,10,16 957 001 80,,01,連線修理套件,CONNECTION REPAIR KIT,KIT REPARATION CONNECTIQUE,K9PP665W02A.jpg
电气 Électrique,接頭,K9PP665W02A,專用維修接頭,11,16 957 007 80,,01,連線修理套件,CONNECTION REPAIR KIT,KIT REPARATION CONNECTIQUE,K9PP665W02A.jpg
电气 Électrique,接頭,K9PP665W02A,專用維修接頭,12,16 957 008 80,,01,連線修理套件,CONNECTION REPAIR KIT,KIT REPARATION CONNECTIQUE,K9PP665W02A.jpg
电气 Électrique,接頭,K9PP665W02A,專用維修接頭,13,16 957 009 80,,01,連線修理套件,CONNECTION REPAIR KIT,KIT REPARATION CONNECTIQUE,K9PP665W02A.jpg
电气 Électrique,接頭,K9PP665W02A,專用維修接頭,14,16 957 010 80,,01,連線修理套件,CONNECTION REPAIR KIT,KIT REPARATION CONNECTIQUE,K9PP665W02A.jpg
电气 Électrique,接頭,K9PP665W02A,專用維修接頭,15,16 957 011 80,,01,連線修理套件,CONNECTION REPAIR KIT,KIT REPARATION CONNECTIQUE,K9PP665W02A.jpg
电气 Électrique,接頭,K9PP665W02A,專用維修接頭,16,16 957 013 80,,01,連線修理套件,CONNECTION REPAIR KIT,KIT REPARATION CONNECTIQUE,K9PP665W02A.jpg
电气 Électrique,接頭,K9PP665W02A,專用維修接頭,17,16 957 014 80,,01,連線修理套件,CONNECTION REPAIR KIT,KIT REPARATION CONNECTIQUE,K9PP665W02A.jpg
电气 Électrique,接頭,K9PP665W02A,專用維修接頭,18,16 957 015 80,,01,連線修理套件,CONNECTION REPAIR KIT,KIT REPARATION CONNECTIQUE,K9PP665W02A.jpg
电气 Électrique,接頭,K9PP665W02A,專用維修接頭,19,16 957 019 80,,01,連線修理套件,CONNECTION REPAIR KIT,KIT REPARATION CONNECTIQUE,K9PP665W02A.jpg
电气 Électrique,接頭,K9PP665W02A,專用維修接頭,20,16 957 020 80,,01,連線修理套件,CONNECTION REPAIR KIT,KIT REPARATION CONNECTIQUE,K9PP665W02A.jpg
电气 Électrique,接頭,K9PP665W02A,專用維修接頭,21,16 957 022 80,,01,連線修理套件,CONNECTION REPAIR KIT,KIT REPARATION CONNECTIQUE,K9PP665W02A.jpg
电气 Électrique,接頭,K9PP665W02A,專用維修接頭,22,16 957 023 80,,01,連線修理套件,CONNECTION REPAIR KIT,KIT REPARATION CONNECTIQUE,K9PP665W02A.jpg
电气 Électrique,接頭,K9PP665W02A,專用維修接頭,23,16 957 024 80,,01,連線修理套件,CONNECTION REPAIR KIT,KIT REPARATION CONNECTIQUE,K9PP665W02A.jpg
电气 Électrique,接頭,K9PP665W02A,專用維修接頭,24,16 957 025 80,,01,連線修理套件,CONNECTION REPAIR KIT,KIT REPARATION CONNECTIQUE,K9PP665W02A.jpg
电气 Électrique,接頭,K9PP665W02A,專用維修接頭,25,16 957 026 80,,01,連線修理套件,CONNECTION REPAIR KIT,KIT REPARATION CONNECTIQUE,K9PP665W02A.jpg
电气 Électrique,接頭,K9PP665W02A,專用維修接頭,26,16 957 032 80,,01,連線修理套件,CONNECTION REPAIR KIT,KIT REPARATION CONNECTIQUE,K9PP665W02A.jpg
电气 Électrique,接頭,K9PP665W02A,專用維修接頭,27,16 957 034 80,,01,連線修理套件,CONNECTION REPAIR KIT,KIT REPARATION CONNECTIQUE,K9PP665W02A.jpg
电气 Électrique,發動機防盜不啟動裝置,K9PP666H50A,收發器,02,98 097 598 80,,01,ADML應急天線,KES BACKUP AERIAL,ANTENNE SECOURS ADML,K9PP666H50A.jpg
电气 Électrique,發動機防盜不啟動裝置,K9PP666H50A,收發器,10,6160 52,,01,鑰匙密碼標籤,TRANSPONDER CODE LABEL,ETIQUETTE CODE TRANSPONDEUR,K9PP666H50A.jpg
电气 Électrique,蓄電池,K9PP556A01A,蓄電池 – 導線蓄電池,01,98 117 222 80,,01,12V蓄電池,12V BATTERY,BATTERIE 12V,K9PP556A01A.jpg
电气 Électrique,蓄電池,K9PP556A01A,蓄電池 – 導線蓄電池,02,98 172 304 80,,01,蓄電池槽,BATTERY TRAY,BAC DE BATTERIE,K9PP556A01A.jpg
电气 Électrique,蓄電池,K9PP556A01A,蓄電池 – 導線蓄電池,03,98 106 143 80,,01,蓄電池壓板,BATTERY FIXING FLANGE,BRIDE DE FIXATION DE BATTERIE,K9PP556A01A.jpg
电气 Électrique,蓄電池,K9PP556A01A,蓄電池 – 導線蓄電池,04,98 195 848 80,,01,蓄電池壓板,BATTERY FIXING FLANGE,BRIDE DE FIXATION DE BATTERIE,K9PP556A01A.jpg
电气 Électrique,蓄電池,K9PP556A01A,蓄電池 – 導線蓄電池,05,98 152 884 80,,01,蓄電池支架,BATTERY TRAY,SUPPORT DE BATTERIE,K9PP556A01A.jpg
电气 Électrique,蓄電池,K9PP556A01A,蓄電池 – 導線蓄電池,06,98 174 582 80,,01,蓄電池排酸管,BATTERY ACID DRAINAGE PIPE,TUYAU EVACUATION ACIDE BATTERI,K9PP556A01A.jpg
电气 Électrique,蓄電池,K9PP556A01A,蓄電池 – 導線蓄電池,70,16 115 673 80,,01,(MUL)凸緣螺母,(MUL) FLANGED NUT,(MUL) ECROU A EMBASE,K9PP556A01A.jpg
电气 Électrique,蓄電池,K9PP556A01A,蓄電池 – 導線蓄電池,71,6925 W6,,01,(MUL) 凸緣螺栓,(MUL) FLANGED BOLT,(MUL) VIS A EMBASE,K9PP556A01A.jpg
电气 Électrique,蓄電池,K9PP556A01A,蓄電池 – 導線蓄電池,72,6922 H2,,01,(MUL)六角頭帶墊圈螺栓,(MUL) TH SCREW WITH WASHER,(MUL) VIS TH RDL,K9PP556A01A.jpg
电气 Électrique,蓄電池,K9PP556A01A,蓄電池 – 導線蓄電池,73,98 227 501 80,,01,帶底座六角攻絲螺釘,THREADED FLANGE BOLT,VIS H EMBASE TARAUD,K9PP556A01A.jpg
电气 Électrique,蓄電池,K9PP556A01A,蓄電池 – 導線蓄電池,74,98 098 400 80,,01,螺絲,BOLT,VIS,K9PP556A01A.jpg
电气 Électrique,蓄電池,K9PP556A01A,蓄電池 – 導線蓄電池,75,6936 E1,,01,(MUL)凸緣螺母,(MUL) FLANGED NUT,(MUL) ECROU A EMBASE,K9PP556A01A.jpg
电气 Électrique,蓄電池,K9PP556A10A,蓄電池 – 導線電纜,01,98 157 358 80,,01,蓄電池正極電纜,BATTERY POSITIVE CABLE,CABLE POSITIF DE BATTERIE,K9PP556A10A.jpg
电气 Électrique,蓄電池,K9PP556A10A,蓄電池 – 導線電纜,02,98 134 135 80,,01,蓄電池負極電纜,BATTERY NEGATIVE CABLE,CABLE NEGATIF DE BATTERIE,K9PP556A10A.jpg
电气 Électrique,蓄電池,K9PP556A10A,蓄電池 – 導線電纜,10,98 146 537 80,,01,蓄電池充電狀態盒,BATTERY CHARGE STATUS UNIT,BOITIER ETAT CHARGE BATTERIE,K9PP556A10A.jpg
电气 Électrique,蓄電池,K9PP556A10A,蓄電池 – 導線電纜,35,98 178 395 80,,01,固定夾子,FIXING CLAMP,BRIDE DE FIXATION,K9PP556A10A.jpg
电气 Électrique,蓄電池,K9PP556A10A,蓄電池 – 導線電纜,70,6588 H9,,01,(MUL)卡扣,(MUL) CLIP,(MUL) AGRAFE,K9PP556A10A.jpg
电气 Électrique,蓄電池,K9PP556A10A,蓄電池 – 導線電纜,71,98 087 754 80,,01,支撐夾,SUPPORT CLIP,AGRAFE SUPPORT,K9PP556A10A.jpg
电气 Électrique,蓄電池,K9PP556A10A,蓄電池 – 導線電纜,72,6991 T8,,01,(MUL)卡扣,(MUL) CLIP,(MUL) AGRAFE,K9PP556A10A.jpg
电气 Électrique,蓄電池,K9PP556A10A,蓄電池 – 導線電纜,80,6980 99,,01,(MUL) 紮帶,(MUL) TIE WRAP,(MUL) LANIERE,K9PP556A10A.jpg
电气 Électrique,蓄電池,K9PP556A10A,蓄電池 – 導線電纜,81,6980 A3,,01,(MUL) 紮帶,(MUL) TIE WRAP,(MUL) LANIERE,K9PP556A10A.jpg
电气 Électrique,蓄電池,K9PP556A10A,蓄電池 – 導線電纜,82,6990 59,,01,(MUL) 紮帶,(MUL) TIE WRAP,(MUL) LANIERE,K9PP556A10A.jpg
电气 Électrique,蓄電池,K9PP556A10A,蓄電池 – 導線電纜,90,6936 39,,01,(MUL)凸緣螺母,(MUL) FLANGED NUT,(MUL) ECROU A EMBASE,K9PP556A10A.jpg
电气 Électrique,蓄電池,K9PP556A10A,蓄電池 – 導線電纜,91,16 115 673 80,,01,(MUL)凸緣螺母,(MUL) FLANGED NUT,(MUL) ECROU A EMBASE,K9PP556A10A.jpg
电气 Électrique,蓄電池,K9PP556A10A,蓄電池 – 導線電纜,92,4503 43,,01,(MUL)凸緣螺母,(MUL) FLANGED NUT,(MUL) ECROU A EMBASE,K9PP556A10A.jpg
电气 Électrique,蓄電池,K9PP556A10A,蓄電池 – 導線電纜,93,7238 ET,,01,(MUL)凸緣螺母,(MUL) FLANGED NUT,(MUL) ECROU A EMBASE,K9PP556A10A.jpg
电气 Électrique,蓄電池,K9PP556A10A,蓄電池 – 導線電纜,95,8401 TP,,01,帶彈性墊片六角頭螺栓,H RCN SCREW,VIS H RCN,K9PP556A10A.jpg
电气 Électrique,蓄電池,K9PP556A10A,蓄電池 – 導線電纜,96,98 021 863 80,,01,帶彈性墊片六角頭螺栓,H RCN SCREW,VIS H RCN,K9PP556A10A.jpg
电气 Électrique,蓄電池,K9PP556A10A,蓄電池 – 導線電纜,97,16 113 853 80,,01,(MUL) 凸緣螺栓,(MUL) FLANGED BOLT,(MUL) VIS A EMBASE,K9PP556A10A.jpg
电气 Électrique,蓄電池,K9PP556A10A,蓄電池 – 導線電纜,99,6925 91,,01,(MUL) 凸緣螺栓,(MUL) FLANGED BOLT,(MUL) VIS A EMBASE,K9PP556A10A.jpg
电气 Électrique,蓄電池,K9PP556A60A,蓄電池檢查口,01,98 108 583 80,,01,電壓保持裝置,VOLTAGE MAINTAINING DEVICE,DISPOSITIF MAINTIEN TENSION,K9PP556A60A.jpg
电气 Électrique,蓄電池,K9PP556A60A,蓄電池檢查口,02,98 078 961 80,,01,單元保護件,UNIT PROTECTOR,PROTECTEUR BOITIER,K9PP556A60A.jpg
电气 Électrique,蓄電池,K9PP556A60A,蓄電池檢查口,03,98 138 335 80,,01,DMTR支架,NVMT UNIT SUPPORT,SUPPORT BOITIER DMTR,K9PP556A60A.jpg
电气 Électrique,蓄電池,K9PP556A60A,蓄電池檢查口,70,6922 H3,RP 6230 06,01/01,(MUL)六角頭帶墊圈螺栓,(MUL) TH SCREW WITH WASHER,(MUL) VIS TH RDL,K9PP556A60A.jpg
电气 Électrique,蓄電池,K9PP556A60A,蓄電池檢查口,71,16 115 673 80,,01,(MUL)凸緣螺母,(MUL) FLANGED NUT,(MUL) ECROU A EMBASE,K9PP556A60A.jpg
电气 Électrique,起動,K9PP558A60A,起動機和緊韌體,01,98 252 330 80,RP 98 325 778 80,01/01,新起動機,STARTER-MOTOR NEW,DEMARREUR NEUF,K9PP558A60A.jpg
电气 Électrique,起動,K9PP558A60A,起動機和緊韌體,70,6968 42,,01,(MUL) 銷子,(MUL) PIN,(MUL) GOUPILLE,K9PP558A60A.jpg
电气 Électrique,起動,K9PP558A60A,起動機和緊韌體,71,6913 E8,,02,(MUL) 十字固定螺釘,(MUL) CHC R D L SCREW,(MUL) VIS CHC R D L,K9PP558A60A.jpg
电气 Électrique,起動,K9PP558A60A,起動機和緊韌體,72,6936 39,,01,(MUL)凸緣螺母,(MUL) FLANGED NUT,(MUL) ECROU A EMBASE,K9PP558A60A.jpg
电气 Électrique,遵守安全距離,K9PP663F50A,車輛間距離報警功能(ARTIV),01,16 819 237 80,,01,多功能攝像頭,MULTIFUNCTION VIDEO CAMERA,CAMERA VIDEO MULTIFONCTION,K9PP663F50A.jpg
电气 Électrique,鎖止/解鎖,K9PP666A05A,中央門鎖,01,98 097 814 ZD,,01,ADML識別卡,KES IDENTIFIER,IDENTIFIANT ADML,K9PP666A05A.jpg
电气 Électrique,鎖止/解鎖,K9PP666A05A,中央門鎖,05,6160 F4,,05,ADML內天線,KES INTERIOR AERIAL,ANTENNE INT ACCES DEMARRAGE,K9PP666A05A.jpg
电气 Électrique,鎖止/解鎖,K9PP666A05A,中央門鎖,06,98 183 342 80,,01,ADML天線支架,KES AERIAL SUPPORT,SUPPORT ANTENNE ADML,K9PP666A05A.jpg
电气 Électrique,鎖止/解鎖,K9PP666A05A,中央門鎖,10,16 095 316 80,,01,鑰匙片,KEY INSERT,INSERT CLE,K9PP666A05A.jpg
电气 Électrique,鎖止/解鎖,K9PP666A05A,中央門鎖,35,9712 E1,,01,(MKT)板裝紐扣電池,(MKT) BATTERY BLISTER PACK,(MKT) BLISTER DE PILES,K9PP666A05A.jpg
电气 Électrique,鎖止/解鎖,K9PP666A05A,中央門鎖,70,6973 84,,04,(MUL) 鉚釘,(MUL) RIVET,(MUL) RIVET,K9PP666A05A.jpg
电气 Électrique,電流產生,K9PP557A60B,發電機和固定件,01,98 208 938 80,,01,新發電機,NEW ALTERNATOR,ALTERNATEUR NEUF,K9PP557A60B.jpg
电气 Électrique,電流產生,K9PP557A60B,發電機和固定件,02,98 086 966 80,,01,發電機支架,ALTERNATOR BRACKET,SUPPORT D’ALTERNATEUR,K9PP557A60B.jpg
电气 Électrique,電流產生,K9PP557A60B,發電機和固定件,03,98 235 984 80,,01,壓縮機支架,COMPRESSOR SUPPORT,SUPPORT COMPRESSEUR,K9PP557A60B.jpg
电气 Électrique,電流產生,K9PP557A60B,發電機和固定件,04,16 316 276 80,,01,動態張緊輪,DYNAMIC TENSIONER ROLLER,GALET TENDEUR DYNAMIQUE,K9PP557A60B.jpg
电气 Électrique,電流產生,K9PP557A60B,發電機和固定件,10,5703 A4,,01,發電機螺栓,ALTERNATOR FIXING SCREW,VIS DE FIXATION D’ALTERNATEUR,K9PP557A60B.jpg
电气 Électrique,電流產生,K9PP557A60B,發電機和固定件,11,4503 43,,01,(MUL)凸緣螺母,(MUL) FLANGED NUT,(MUL) ECROU A EMBASE,K9PP557A60B.jpg
电气 Électrique,電流產生,K9PP557A60B,發電機和固定件,12,5733 75,,01,發電機護罩,ALTERNATOR PROTECTOR,PROTECTEUR D’ALTERNATEUR,K9PP557A60B.jpg
电气 Électrique,電流產生,K9PP557A60B,發電機和固定件,20,98 139 081 80,,01,附件皮帶,ANCILLARY CONTROL BELT,COURROIE COMMANDE ACCESSOIRE,K9PP557A60B.jpg
电气 Électrique,電流產生,K9PP557A60B,發電機和固定件,21,98 027 678 80,RP 98 120 705 80,01/01,護罩,PROTECTOR,PROTECTEUR,K9PP557A60B.jpg
电气 Électrique,電流產生,K9PP557A60B,發電機和固定件,22,98 120 705 80,,01,發電機護罩,ALTERNATOR PROTECTOR,PROTECTEUR D’ALTERNATEUR,K9PP557A60B.jpg
电气 Électrique,電流產生,K9PP557A60B,發電機和固定件,50,16 316 277 80,,01,附件皮帶及張緊輪元件,ANCILLARY BELT ROLLER KIT,KIT COURROIE GALET ACCESSOIRE,K9PP557A60B.jpg
电气 Électrique,電流產生,K9PP557A60B,發電機和固定件,70,16 227 495 80,,01,(MUL) 鉚釘,(MUL) RIVET,(MUL) RIVET,K9PP557A60B.jpg
电气 Électrique,電流產生,K9PP557A60B,發電機和固定件,71,6923 95,,01,(MUL)六角頭帶墊圈螺栓,(MUL) TH SCREW WITH WASHER,(MUL) VIS TH RDL,K9PP557A60B.jpg
电气 Électrique,電流產生,K9PP557A60B,發電機和固定件,72,98 025 585 80,,01,螺絲,BOLT,VIS,K9PP557A60B.jpg
电气 Électrique,電流產生,K9PP557A60B,發電機和固定件,80,98 633 658 80,,02,螺母,NUT,ECROU,K9PP557A60B.jpg
电气 Électrique,音響/導航/遠端通訊裝置/電話/多媒體,K9PP665J01A,汽車收音機-無線電干擾抑制器,04,16 479 109 80,RP 16 733 271 80,01/01,TELEMATICS收放機,TELEMATIC RECEIVER,RECEPTEUR TELEMATIQUE,K9PP665J01A.jpg
电气 Électrique,音響/導航/遠端通訊裝置/電話/多媒體,K9PP665J01A,汽車收音機-無線電干擾抑制器,15,98 123 770 80,RP 98 123 771 80,01/01,無線電話麥克風,RADIO TELEPHONE MICROPHONE,MICRO RADIOTELEPHONE,K9PP665J01A.jpg
电气 Électrique,音響/導航/遠端通訊裝置/電話/多媒體,K9PP665J01A,汽車收音機-無線電干擾抑制器,20,98 247 621 80,,01,USB插口線束,USB SOCKET HARNESS,FAISCEAU PRISE USB,K9PP665J01A.jpg
电气 Électrique,音響/導航/遠端通訊裝置/電話/多媒體,K9PP665J01A,汽車收音機-無線電干擾抑制器,25,98 123 465 80,,01,USB插口線束,USB SOCKET HARNESS,FAISCEAU PRISE USB,K9PP665J01A.jpg
电气 Électrique,音響/導航/遠端通訊裝置/電話/多媒體,K9PP665J01A,汽車收音機-無線電干擾抑制器,40,98 316 115 80,RP 98 476 549 80,01/01,獨立遠端通訊單元,INDEPENDENT TELEMATIC UNIT,BOITIER TELEMATIQUE AUTONOME,K9PP665J01A.jpg
电气 Électrique,音響/導航/遠端通訊裝置/電話/多媒體,K9PP665J01A,汽車收音機-無線電干擾抑制器,41,16 849 194 80,,01,BTA備用電池,ITU BACK-UP BATTERY,PILE SECOURS BTA,K9PP665J01A.jpg
电气 Électrique,音響/導航/遠端通訊裝置/電話/多媒體,K9PP665J01A,汽車收音機-無線電干擾抑制器,42,98 223 691 80,,01,收放機連線線束,RADIO HARNES,FAISCEAU LIAISON AUTO RADIO,K9PP665J01A.jpg
电气 Électrique,音響/導航/遠端通訊裝置/電話/多媒體,K9PP665J01A,汽車收音機-無線電干擾抑制器,45,98 217 039 DX,,01,USB口,USB PORT,PRISE USB,K9PP665J01A.jpg
电气 Électrique,音響/導航/遠端通訊裝置/電話/多媒體,K9PP665J01A,汽車收音機-無線電干擾抑制器,95,96 753 802 80,,01,MUL RLX螺栓,(MUL) RLX SCREW,(MUL) VIS RLX,K9PP665J01A.jpg
电气 Électrique,音響/導航/遠端通訊裝置/電話/多媒體,K9PP665K01A,收音機天線,01,98 287 825 80,,01,天線杆,AERIAL WIRE,BRIN ANTENNE,K9PP665K01A.jpg
电气 Électrique,音響/導航/遠端通訊裝置/電話/多媒體,K9PP665K01A,收音機天線,02,98 085 477 80,,01,天線底座,AERIAL BASE,EMBASE ANTENNE,K9PP665K01A.jpg
电气 Électrique,音響/導航/遠端通訊裝置/電話/多媒體,K9PP665K01A,收音機天線,03,98 154 674 80,RP 98 491 774 80,01/01,GPS天線,GPS AERIAL,ANTENNE GPS,K9PP665K01A.jpg
电气 Électrique,音響/導航/遠端通訊裝置/電話/多媒體,K9PP665K01A,收音機天線,10,98 270 308 80,,01,天線電纜線束,AERIAL CABLE LOOM,FAISCEAU CABLE ANTENNE,K9PP665K01A.jpg
电气 Électrique,音響/導航/遠端通訊裝置/電話/多媒體,K9PP665K01A,收音機天線,11,98 270 279 80,,01,天線電纜線束,AERIAL CABLE LOOM,FAISCEAU CABLE ANTENNE,K9PP665K01A.jpg
电气 Électrique,音響/導航/遠端通訊裝置/電話/多媒體,K9PP665K01A,收音機天線,15,98 252 504 80,,01,天線電纜線束,AERIAL CABLE LOOM,FAISCEAU CABLE ANTENNE,K9PP665K01A.jpg
电气 Électrique,音響/導航/遠端通訊裝置/電話/多媒體,K9PP665K01A,收音機天線,75,6561 KT,,01,前風窗立柱多功能卡夾,MULTIFCT WINDSCREEN PILLAR CLP,AGRAFE MONTANT BAIE MULTIFONCT,K9PP665K01A.jpg
电气 Électrique,音響/導航/遠端通訊裝置/電話/多媒體,K9PP665K01A,收音機天線,86,6561 W9,,01,收放機天線螺母,RADIO AERIAL FIXING NUT,ECROU DE FIX D’ANTENNE RADIO,K9PP665K01A.jpg
电气 Électrique,音響/導航/遠端通訊裝置/電話/多媒體,K9PP665L01A,揚聲器,01,98 093 201 80,,02,揚聲器,SPEAKER,HAUT-PARLEUR,K9PP665L01A.jpg
电气 Électrique,音響/導航/遠端通訊裝置/電話/多媒體,K9PP665L01A,揚聲器,03,98 093 511 80,,02,揚聲器,SPEAKER,HAUT-PARLEUR,K9PP665L01A.jpg
电气 Électrique,音響/導航/遠端通訊裝置/電話/多媒體,K9PP665L01A,揚聲器,05,98 093 202 80,,02,揚聲器,SPEAKER,HAUT-PARLEUR,K9PP665L01A.jpg
电气 Électrique,音響/導航/遠端通訊裝置/電話/多媒體,K9PP665L01A,揚聲器,70,96 753 802 80,,06,MUL RLX螺栓,(MUL) RLX SCREW,(MUL) VIS RLX,K9PP665L01A.jpg
电气 Électrique,音響/導航/遠端通訊裝置/電話/多媒體,K9PP665L01A,揚聲器,72,6562 CX,,06,鑲圈卡子,INSERT CLIP,CLIP INSERT,K9PP665L01A.jpg
电气 Électrique,音響/導航/遠端通訊裝置/電話/多媒體,K9PP665L01A,揚聲器,75,96 753 802 80,,06,MUL RLX螺栓,(MUL) RLX SCREW,(MUL) VIS RLX,K9PP665L01A.jpg
电气 Électrique,音響/導航/遠端通訊裝置/電話/多媒體,K9PP665L01A,揚聲器,76,96 753 802 80,,03,MUL RLX螺栓,(MUL) RLX SCREW,(MUL) VIS RLX,K9PP665L01A.jpg
电气 Électrique,預熱,K9PP559K55A,火花塞 – 預熱控制盒,01,98 090 881 80,,04,預熱塞,PRE-HEAT GLOW PLUG,BOUGIE DE PRECHAUFFAGE,K9PP559K55A.jpg
电气 Électrique,預熱,K9PP559K55A,火花塞 – 預熱控制盒,02,98 147 931 80,,01,預加熱火花塞插接杆,PRE-HEAT PLUG CONNECTION BAR,BARRETTE CONNEX BOUGIE PRECHAU,K9PP559K55A.jpg
电气 Électrique,預熱,K9PP559K55A,火花塞 – 預熱控制盒,03,98 024 459 80,,01,預熱電控盒支架,PREHEATING UNIT SUPPORT,SUPPORT BOITIER PRECHAUFFAGE,K9PP559K55A.jpg
电气 Électrique,預熱,K9PP559K55A,火花塞 – 預熱控制盒,04,98 032 997 80,,01,預熱塞電控盒,GLOW PLUG PRE-HEATING UNIT,BOITIER PRECHAUFFAGE BOUGIES,K9PP559K55A.jpg
电气 Électrique,預熱,K9PP559K55A,火花塞 – 預熱控制盒,70,6935 A6,,01,(MUL)凸緣螺母,(MUL) FLANGED NUT,(MUL) ECROU A EMBASE,K9PP559K55A.jpg
电气 Électrique,顯示系統,K9PP661C70A,旅行資訊控制器-顯示器多功能顯示屏,15,98 252 053 80,RP 98 486 930 80,01/01,安全帶扣緊指示器,ST BELT FASTENING WARNING LAMP,TEMOIN BOUCLAGE CEINTURE SECUR,K9PP661C70A.jpg
电气 Électrique,顯示系統,K9PP661C70A,旅行資訊控制器-顯示器多功能顯示屏,60,98 284 220 80,RP 98 304 264 80,01/01,多功能影片顯示器,MULTIFUNCTION VIDEO SCREEN,ECRAN VIDEO MULTIFONCTION,K9PP661C70A.jpg
电气 Électrique,顯示系統,K9PP661C70A,旅行資訊控制器-顯示器多功能顯示屏,61,98 252 074 80,RP 98 270 310 80,01/01,多功能顯示屏線束,MULTIFNCTN VIDEO SCREEN CABLE,CABLE ECRAN VIDEO MULTI FONCTI,K9PP661C70A.jpg
电气 Électrique,顯示系統,K9PP661C70A,旅行資訊控制器-顯示器多功能顯示屏,70,96 753 802 80,,02,MUL RLX螺栓,(MUL) RLX SCREW,(MUL) VIS RLX,K9PP661C70A.jpg
电气 Électrique,顯示系統,K9PP661C70B,旅行資訊控制器-顯示器多功能控制面板,02,98 162 661 ZD,RP 98 345 773 ZD,01/01,TELEMATIQUE收放機開關,TELEMATIC RECEIVER CONTROL,COMMANDE RECEPTEUR TELEMATIQUE,K9PP661C70B.jpg
电气 Électrique,顯示系統,K9PP661C70B,旅行資訊控制器-顯示器多功能控制面板,03,98 075 402 ZD,RP 98 340 419 ZD,01/01,多功能控制面板,MULTIFUNCTION CONTROL PANEL,FACADE MULTIFONCTION,K9PP661C70B.jpg
电气 Électrique,顯示系統,K9PP661C70B,旅行資訊控制器-顯示器多功能控制面板,70,96 753 802 80,,02,MUL RLX螺栓,(MUL) RLX SCREW,(MUL) VIS RLX,K9PP661C70B.jpg
电气 Électrique,顯示系統,K9PP661C70B,旅行資訊控制器-顯示器多功能控制面板,71,96 753 802 80,,02,MUL RLX螺栓,(MUL) RLX SCREW,(MUL) VIS RLX,K9PP661C70B.jpg
电气 Électrique,顯示系統,K9PP661C80B,交通輔助多功能控制面板,03,98 075 402 ZD,RP 98 340 419 ZD,01/01,多功能控制面板,MULTIFUNCTION CONTROL PANEL,FACADE MULTIFONCTION,K9PP661C80B.jpg
电气 Électrique,顯示系統,K9PP661C80B,交通輔助多功能控制面板,70,96 753 802 80,,02,MUL RLX螺栓,(MUL) RLX SCREW,(MUL) VIS RLX,K9PP661C80B.jpg
电气 Électrique,駐車輔助,K9PP663E90A,停車輔助,01,16 479 087 80,,01,障礙物探測電子控制盒,OBSTACLE DETECTION ELECT UNIT,BOITIER ELE DETECTION OBSTACLE,K9PP663E90A.jpg
电气 Électrique,駐車輔助,K9PP663E90A,停車輔助,05,16 335 593 80,,04,障礙物探測感測器,OBSTACLE DETECTION SENSOR,CAPTEUR DETECTION OBSTACLE,K9PP663E90A.jpg
电气 Électrique,駐車輔助,K9PP663E90A,停車輔助,06,16 335 595 80,,02,障礙物探測感測器,OBSTACLE DETECTION SENSOR,CAPTEUR DETECTION OBSTACLE,K9PP663E90A.jpg
电气 Électrique,駐車輔助,K9PP663E90A,停車輔助,10,16 335 593 80,,04,障礙物探測感測器,OBSTACLE DETECTION SENSOR,CAPTEUR DETECTION OBSTACLE,K9PP663E90A.jpg
电气 Électrique,駐車輔助,K9PP663E90A,停車輔助,11,16 335 595 80,,02,障礙物探測感測器,OBSTACLE DETECTION SENSOR,CAPTEUR DETECTION OBSTACLE,K9PP663E90A.jpg
电气 Électrique,駐車輔助,K9PP663E90A,停車輔助,70,6939 97,,02,(MUL)帶墊圈螺母,(MUL) NUT WITH CAPTIVE WASHER,(MUL) ECROU AVEC RDL IMPDB,K9PP663E90A.jpg
电气 Électrique,駐車輔助,K9PP663F01A,障礙物探測影片系統,01,98 093 010 80,,01,全景視覺攝像頭,PANORAMIC VISION CAMERA,CAMERA VISUELLE PANORAMIQUE,K9PP663F01A.jpg
