section,subcat,group_ref,group_name,pos,oem_ref,replaces,qty,part_name,image_file
机械 Mécanique,发动机总成,K9PP001A55A,发动机,01,16 228 050 80,,01,翻新柴油发动机,K9PP001A55A.jpg
机械 Mécanique,发动机总成,K9PP001B52A,发动机罩,01,98 089 632 80,,01,发动机上罩盖,K9PP001B52A.jpg
机械 Mécanique,发动机总成,K9PP001B52A,发动机罩,02,98 089 631 80,,01,发动机防噪音隔板,K9PP001B52A.jpg
机械 Mécanique,发动机总成,K9PP001B52A,发动机罩,03,1436 S7,,02,螺栓销,K9PP001B52A.jpg
机械 Mécanique,发动机总成,K9PP001B52A,发动机罩,04,98 276 707 80,,01,发动机防噪音隔板,K9PP001B52A.jpg
机械 Mécanique,发动机总成,K9PP001B52A,发动机罩,05,98 151 048 80,,01,支架,K9PP001B52A.jpg
机械 Mécanique,发动机总成,K9PP001B52A,发动机罩,07,98 142 889 80,,01,支架,K9PP001B52A.jpg
机械 Mécanique,发动机总成,K9PP001B52A,发动机罩,08,98 142 888 80,,01,支架,K9PP001B52A.jpg
机械 Mécanique,发动机总成,K9PP001B52A,发动机罩,10,16 227 495 80,,02,(MUL) 铆钉,K9PP001B52A.jpg
机械 Mécanique,发动机总成,K9PP001B52A,发动机罩,70,16 115 673 80,,02,(MUL)凸缘螺母,K9PP001B52A.jpg
机械 Mécanique,发动机总成,K9PP001B52A,发动机罩,71,79 03 233 018,,01,螺母,K9PP001B52A.jpg
机械 Mécanique,发动机总成,K9PP001B52A,发动机罩,72,6925 G5,,01,(MUL) 凸缘螺栓,K9PP001B52A.jpg
机械 Mécanique,发动机总成,K9PP001B52A,发动机罩,73,0307 13,,02,(MUL) 凸缘螺栓,K9PP001B52A.jpg
机械 Mécanique,发动机缸体,K9PP001C55A,气缸体 活塞,01,16 239 609 80,,01,新带活塞缸体,K9PP001C55A.jpg
机械 Mécanique,发动机缸体,K9PP001C55A,气缸体 活塞,02,98 139 007 80,,10,(MUL) 六边形金属用螺栓,K9PP001C55A.jpg
机械 Mécanique,发动机缸体,K9PP001C55A,气缸体 活塞,03,96 448 622 80,,14,(MUL) 凸缘螺栓,K9PP001C55A.jpg
机械 Mécanique,发动机缸体,K9PP001C55A,气缸体 活塞,04,0165 27,,09,中心销,K9PP001C55A.jpg
机械 Mécanique,发动机缸体,K9PP001C55A,气缸体 活塞,05,0234 07,,02,缸体碗形堵盖,K9PP001C55A.jpg
机械 Mécanique,发动机缸体,K9PP001C55A,气缸体 活塞,06,0243 06,,02,螺纹帽,K9PP001C55A.jpg
机械 Mécanique,发动机缸体,K9PP001C55A,气缸体 活塞,07,96 198 628 80,,02,堵塞密封圈,K9PP001C55A.jpg
机械 Mécanique,发动机缸体,K9PP001C55A,气缸体 活塞,08,0167 82,,02,缸体碗形堵盖,K9PP001C55A.jpg
机械 Mécanique,发动机缸体,K9PP001C55A,气缸体 活塞,09,1803 P2,,01,(MUL) 螺柱,K9PP001C55A.jpg
机械 Mécanique,发动机缸体,K9PP001C55A,气缸体 活塞,11,0341 P7,,02,(MUL) 螺柱,K9PP001C55A.jpg
机械 Mécanique,发动机缸体,K9PP001C55A,气缸体 活塞,12,3211 07,,02,(MUL) 销子,K9PP001C55A.jpg
机械 Mécanique,发动机缸体,K9PP001C55A,气缸体 活塞,13,3211 07,,04,(MUL) 销子,K9PP001C55A.jpg
机械 Mécanique,发动机缸体,K9PP001C55A,气缸体 活塞,14,96 448 622 80,,02,(MUL) 凸缘螺栓,K9PP001C55A.jpg
机械 Mécanique,发动机缸体,K9PP001C55A,气缸体 活塞,15,0165 27,,03,中心销,K9PP001C55A.jpg
机械 Mécanique,发动机缸体,K9PP001C55A,气缸体 活塞,19,0167 78,,01,(MUL)壳体堵塞,K9PP001C55A.jpg
机械 Mécanique,发动机缸体,K9PP001C55A,气缸体 活塞,20,98 156 378 80,,01,导水装置,K9PP001C55A.jpg
机械 Mécanique,发动机缸体,K9PP001C55A,气缸体 活塞,21,98 156 380 80,,01,导水装置,K9PP001C55A.jpg
机械 Mécanique,发动机缸体,K9PP001C55A,气缸体 活塞,70,6968 43,,02,中心销,K9PP001C55A.jpg
机械 Mécanique,发动机缸体,K9PP001C55A,气缸体 活塞,72,6968 A1,,02,(MUL) 销子,K9PP001C55A.jpg
机械 Mécanique,发动机缸体,K9PP001C55A,气缸体 活塞,73,6968 36,,02,(MUL) 销子,K9PP001C55A.jpg
机械 Mécanique,缸盖,K9PP002A55A,气缸盖-罩,01,16 231 588 80,,01,新缸盖,K9PP002A55A.jpg
机械 Mécanique,缸盖,K9PP002A55A,气缸盖-罩,02,98 276 227 80,,01,机油蒸汽分离器,K9PP002A55A.jpg
机械 Mécanique,缸盖,K9PP002A55A,气缸盖-罩,03,16 381 593 80,,01,油汽分离器密封件,K9PP002A55A.jpg
机械 Mécanique,缸盖,K9PP002A55A,气缸盖-罩,04,1180 S5,,01,发动机油加注口盖,K9PP002A55A.jpg
机械 Mécanique,缸盖,K9PP002A55A,气缸盖-罩,05,98 244 936 80,,01,气缸垫,K9PP002A55A.jpg
机械 Mécanique,缸盖,K9PP002A55A,气缸盖-罩,06,0205 57,,10,缸盖螺栓,K9PP002A55A.jpg
机械 Mécanique,缸盖,K9PP002A55A,气缸盖-罩,07,96 448 622 80,,10,(MUL) 凸缘螺栓,K9PP002A55A.jpg
机械 Mécanique,缸盖,K9PP002A55A,气缸盖-罩,08,98 249 975 80,RP 98 445 793 80,01/01,单向阀,K9PP002A55A.jpg
机械 Mécanique,缸盖,K9PP002A55A,气缸盖-罩,09,0234 42,,02,缸盖碗形堵盖,K9PP002A55A.jpg
机械 Mécanique,缸盖,K9PP002A55A,气缸盖-罩,10,0217 07,,03,汽缸盖机油槽阀门止动球,K9PP002A55A.jpg
机械 Mécanique,缸盖,K9PP002A55A,气缸盖-罩,11,1011 16,,08,(MUL) 凸缘螺栓,K9PP002A55A.jpg
机械 Mécanique,缸盖,K9PP002A55A,气缸盖-罩,12,98 173 808 80,RP 16 844 499 80,04/10,发动机喷油嘴密封圈,K9PP002A55A.jpg
机械 Mécanique,缸盖,K9PP002A55A,气缸盖-罩,17,96 448 622 80,,20,(MUL) 凸缘螺栓,K9PP002A55A.jpg
机械 Mécanique,缸盖,K9PP002A55A,气缸盖-罩,20,98 126 472 80,,01,凸轮轴轴承箱体总成,K9PP002A55A.jpg
机械 Mécanique,缸盖,K9PP002A55A,气缸盖-罩,27,3111 27,,01,(MUL)堵塞,K9PP002A55A.jpg
机械 Mécanique,缸盖,K9PP002A55A,气缸盖-罩,71,6968 51,,02,(MUL) 销子,K9PP002A55A.jpg
机械 Mécanique,缸盖,K9PP002A55A,气缸盖-罩,72,6968 42,,02,(MUL) 销子,K9PP002A55A.jpg
机械 Mécanique,缸盖,K9PP002A55A,气缸盖-罩,75,6968 51,,02,(MUL) 销子,K9PP002A55A.jpg
机械 Mécanique,正时齿轮,K9PP003C55A,皮带轮护罩 – 堵塞,01,98 087 234 80,RP 98 398 763 80,01/01,正时室护罩,K9PP003C55A.jpg
机械 Mécanique,正时齿轮,K9PP003C55A,皮带轮护罩 – 堵塞,02,98 246 752 80,,01,正时室护罩,K9PP003C55A.jpg
机械 Mécanique,正时齿轮,K9PP003C55A,皮带轮护罩 – 堵塞,03,98 246 751 80,,01,正时室护罩,K9PP003C55A.jpg
机械 Mécanique,正时齿轮,K9PP003C55A,皮带轮护罩 – 堵塞,04,98 158 843 80,,01,正时室护罩,K9PP003C55A.jpg
机械 Mécanique,正时齿轮,K9PP003C55A,皮带轮护罩 – 堵塞,70,96 769 719 80,,02,(MUL) 凸缘螺栓,K9PP003C55A.jpg
机械 Mécanique,涡轮增压,K9PP003L12L,涡轮增压器回油软管,01,98 358 553 80,,01,新涡轮增压器,K9PP003L12L.jpg
机械 Mécanique,涡轮增压,K9PP003L12L,涡轮增压器回油软管,05,0376 60,,01,涡轮机润滑管接头螺栓,K9PP003L12L.jpg
机械 Mécanique,涡轮增压,K9PP003L12L,涡轮增压器回油软管,06,0376 55,,01,涡轮机润滑管接头螺栓,K9PP003L12L.jpg
机械 Mécanique,涡轮增压,K9PP003L12L,涡轮增压器回油软管,07,0376 64,,04,润滑管螺栓密封垫,K9PP003L12L.jpg
机械 Mécanique,涡轮增压,K9PP003L12L,涡轮增压器回油软管,11,0376 63,,02,涡轮增压器支架螺柱,K9PP003L12L.jpg
机械 Mécanique,涡轮增压,K9PP003L12L,涡轮增压器回油软管,12,0380 36,,01,涡轮增压器密封垫,K9PP003L12L.jpg
机械 Mécanique,涡轮增压,K9PP003L12L,涡轮增压器回油软管,13,98 238 856 80,,01,涡轮增压回油管,K9PP003L12L.jpg
机械 Mécanique,涡轮增压,K9PP003L12L,涡轮增压器回油软管,14,98 286 291 80,,01,涡轮增压器润滑管,K9PP003L12L.jpg
机械 Mécanique,涡轮增压,K9PP003L12L,涡轮增压器回油软管,15,65 088 503 80,,01,柴油发动机组件,K9PP003L12L.jpg
机械 Mécanique,涡轮增压,K9PP003L12L,涡轮增压器回油软管,17,98 134 527 80,,01,润滑管夹密封垫,K9PP003L12L.jpg
机械 Mécanique,涡轮增压,K9PP003L12L,涡轮增压器回油软管,18,98 134 544 80,,01,润滑管O型圈,K9PP003L12L.jpg
机械 Mécanique,涡轮增压,K9PP003L12L,涡轮增压器回油软管,70,6913 06,,02,(MUL) 六凹边圆头金属用螺栓,K9PP003L12L.jpg
机械 Mécanique,涡轮增压,K9PP003L12L,涡轮增压器回油软管,72,98 567 229 80,,04,(MUL) 自锁螺帽,K9PP003L12L.jpg
机械 Mécanique,涡轮增压,K9PP003L26A,配气室,01,96 756 279 80,,01,新中冷器,K9PP003L26A.jpg
机械 Mécanique,涡轮增压,K9PP003L26A,配气室,02,98 037 791 80,,01,中冷器支架,K9PP003L26A.jpg
机械 Mécanique,涡轮增压,K9PP003L26A,配气室,03,98 037 788 80,,01,中冷器支架,K9PP003L26A.jpg
机械 Mécanique,涡轮增压,K9PP003L26A,配气室,04,98 037 789 80,,01,中冷器支架,K9PP003L26A.jpg
机械 Mécanique,涡轮增压,K9PP003L26A,配气室,70,6925 46,,03,(MUL) 凸缘螺栓,K9PP003L26A.jpg
机械 Mécanique,涡轮增压,K9PP003L26A,配气室,72,6922 H3,RP 6230 06,03/01,(MUL)六角头带垫圈螺栓,K9PP003L26A.jpg
机械 Mécanique,涡轮增压,K9PP003L50A,涡轮增压器润滑,01,98 120 311 80,,01,排气再循环电磁阀,K9PP003L50A.jpg
机械 Mécanique,涡轮增压,K9PP003L50A,涡轮增压器润滑,05,98 247 032 80,,01,电磁阀真空管,K9PP003L50A.jpg
机械 Mécanique,涡轮增压,K9PP003L50A,涡轮增压器润滑,07,98 112 495 80,,01,涡轮真空管接头,K9PP003L50A.jpg
机械 Mécanique,涡轮增压,K9PP003L50A,涡轮增压器润滑,70,16 115 673 80,,02,(MUL)凸缘螺母,K9PP003L50A.jpg
机械 Mécanique,涡轮增压,K9PP003L67B,涡轮增压器空气管路,01,98 109 582 80,,01,空气管,K9PP003L67B.jpg
机械 Mécanique,涡轮增压,K9PP003L67B,涡轮增压器空气管路,02,98 109 583 80,RP 98 317 107 80,01/01,空气管,K9PP003L67B.jpg
机械 Mécanique,涡轮增压,K9PP003L67B,涡轮增压器空气管路,04,98 211 542 80,,01,进气混合器,K9PP003L67B.jpg
机械 Mécanique,涡轮增压,K9PP003L67B,涡轮增压器空气管路,07,98 132 945 80,,01,空气混合器支座,K9PP003L67B.jpg
机械 Mécanique,涡轮增压,K9PP003L67B,涡轮增压器空气管路,10,98 132 948 80,,01,进气道,K9PP003L67B.jpg
机械 Mécanique,涡轮增压,K9PP003L67B,涡轮增压器空气管路,11,98 201 007 80,,01,交换器空气管,K9PP003L67B.jpg
机械 Mécanique,涡轮增压,K9PP003L67B,涡轮增压器空气管路,12,98 201 006 80,,01,交换器空气管,K9PP003L67B.jpg
机械 Mécanique,涡轮增压,K9PP003L67B,涡轮增压器空气管路,13,1011 16,,01,(MUL) 凸缘螺栓,K9PP003L67B.jpg
机械 Mécanique,涡轮增压,K9PP003L67B,涡轮增压器空气管路,16,1436 S7,,01,螺栓销,K9PP003L67B.jpg
机械 Mécanique,涡轮增压,K9PP003L67B,涡轮增压器空气管路,17,98 219 265 80,,01,空气管接头密封圈,K9PP003L67B.jpg
机械 Mécanique,涡轮增压,K9PP003L67B,涡轮增压器空气管路,18,98 142 241 80,,01,空气管接头密封圈,K9PP003L67B.jpg
机械 Mécanique,涡轮增压,K9PP003L67B,涡轮增压器空气管路,19,98 137 583 80,,01,空气管接头密封圈,K9PP003L67B.jpg
机械 Mécanique,涡轮增压,K9PP003L67B,涡轮增压器空气管路,20,98 137 567 80,,01,空气管接头密封圈,K9PP003L67B.jpg
机械 Mécanique,涡轮增压,K9PP003L67B,涡轮增压器空气管路,70,6925 P3,,02,(MUL) 凸缘螺栓,K9PP003L67B.jpg
机械 Mécanique,涡轮增压,K9PP003L67B,涡轮增压器空气管路,71,98 022 442 80,,01,(MUL) 凸缘螺栓,K9PP003L67B.jpg
机械 Mécanique,涡轮增压,K9PP003L67B,涡轮增压器空气管路,72,0250 69,,02,(MUL) 凸缘螺栓,K9PP003L67B.jpg
机械 Mécanique,涡轮增压,K9PP003L67B,涡轮增压器空气管路,73,6925 45,,06,(MUL) 凸缘螺栓,K9PP003L67B.jpg
机械 Mécanique,涡轮增压,K9PP003L67B,涡轮增压器空气管路,76,96 448 622 80,,03,(MUL) 凸缘螺栓,K9PP003L67B.jpg
机械 Mécanique,涡轮增压,K9PP003L67B,涡轮增压器空气管路,78,98 027 744 80,,03,(MUL)六角头带垫圈螺栓,K9PP003L67B.jpg
机械 Mécanique,曲轴,K9PP005A55L,曲轴,01,98 273 069 80,RP 16 381 621 80,01/01,发动机曲轴,K9PP005A55L.jpg
机械 Mécanique,曲轴,K9PP005A55L,曲轴,03,98 232 742 80,,05,滑动半轴瓦,K9PP005A55L.jpg
机械 Mécanique,曲轴,K9PP005A55L,曲轴,04,0118 G3,,02,曲轴止推片,K9PP005A55L.jpg
机械 Mécanique,曲轴,K9PP005A55L,曲轴,05,98 209 610 80,,01,曲轴油封,K9PP005A55L.jpg
机械 Mécanique,曲轴,K9PP005A55L,曲轴,06,98 209 787 80,,01,曲轴油封,K9PP005A55L.jpg
机械 Mécanique,曲轴,K9PP005A55L,曲轴,07,98 562 361 80,,01,发动机正时齿轮,K9PP005A55L.jpg
机械 Mécanique,曲轴,K9PP005A55L,曲轴,08,98 216 243 80,,01,单减震皮带轮,K9PP005A55L.jpg
机械 Mécanique,曲轴,K9PP005A55L,曲轴,09,0516 A3,,01,曲轴皮带轮螺栓,K9PP005A55L.jpg
机械 Mécanique,曲轴,K9PP005A55L,曲轴,10,98 162 806 80,,01,起动齿圈支承法兰盘,K9PP005A55L.jpg
机械 Mécanique,曲轴,K9PP005A55L,曲轴,11,0537 60,,06,发动机飞轮螺栓,K9PP005A55L.jpg
机械 Mécanique,曲轴,K9PP005A55L,曲轴,13,98 232 685 80,,03,滑动半轴瓦,K9PP005A55L.jpg
机械 Mécanique,曲轴,K9PP005A55L,曲轴,14,98 232 668 80,,02,滑动半轴瓦,K9PP005A55L.jpg
机械 Mécanique,曲轴,K9PP005A55L,曲轴,70,6976 14,,01,曲轴键,K9PP005A55L.jpg
机械 Mécanique,曲轴,K9PP005A55L,曲轴,71,6965 12,,03,(MUL) 销子,K9PP005A55L.jpg
机械 Mécanique,曲轴,K9PP006A53A,连杆 水套 活塞 活塞环,01,16 290 316 80,,01,连杆套件(4个),K9PP006A53A.jpg
机械 Mécanique,曲轴,K9PP006A53A,连杆 水套 活塞 活塞环,02,98 156 704 80,,04,轴衬,K9PP006A53A.jpg
机械 Mécanique,曲轴,K9PP006A53A,连杆 水套 活塞 活塞环,03,16 088 506 80,,08,发动机连杆螺栓,K9PP006A53A.jpg
机械 Mécanique,曲轴,K9PP006A53A,连杆 水套 活塞 活塞环,04,16 290 321 80,,01,活塞套件(4个),K9PP006A53A.jpg
机械 Mécanique,曲轴,K9PP006A53A,连杆 水套 活塞 活塞环,05,16 290 322 80,,04,活塞环套件(3个),K9PP006A53A.jpg
机械 Mécanique,曲轴,K9PP006A53A,连杆 水套 活塞 活塞环,06,0630 31,,08,发动机活塞销卡环,K9PP006A53A.jpg
机械 Mécanique,曲轴,K9PP006A53A,连杆 水套 活塞 活塞环,08,98 139 969 80,,04,连杆半轴瓦,K9PP006A53A.jpg
机械 Mécanique,正时齿轮,K9PP008A54A,正时皮带 凸轮轴齿轮,01,98 199 236 80,,01,发动机凸轮轴皮带轮,K9PP008A54A.jpg
机械 Mécanique,正时齿轮,K9PP008A54A,正时皮带 凸轮轴齿轮,02,16 289 256 80,,01,正时皮带,K9PP008A54A.jpg
机械 Mécanique,正时齿轮,K9PP008A54A,正时皮带 凸轮轴齿轮,03,98 260 289 80,,01,正时链条,K9PP008A54A.jpg
机械 Mécanique,正时齿轮,K9PP008A54A,正时皮带 凸轮轴齿轮,04,16 289 257 80,,01,正时皮带张紧轮,K9PP008A54A.jpg
机械 Mécanique,正时齿轮,K9PP008A54A,正时皮带 凸轮轴齿轮,05,16 289 258 80,,01,惰轮,K9PP008A54A.jpg
机械 Mécanique,正时齿轮,K9PP008A54A,正时皮带 凸轮轴齿轮,06,98 239 548 80,,01,正时张紧器,K9PP008A54A.jpg
机械 Mécanique,正时齿轮,K9PP008A54A,正时皮带 凸轮轴齿轮,08,98 250 137 80,,01,发动机凸轮轴,K9PP008A54A.jpg
机械 Mécanique,正时齿轮,K9PP008A54A,正时皮带 凸轮轴齿轮,09,98 250 178 80,,01,发动机凸轮轴,K9PP008A54A.jpg
机械 Mécanique,正时齿轮,K9PP008A54A,正时皮带 凸轮轴齿轮,10,98 239 200 80,,01,发动机凸轮轴油封,K9PP008A54A.jpg
机械 Mécanique,正时齿轮,K9PP008A54A,正时皮带 凸轮轴齿轮,16,0806 49,,01,凸轮轴皮带轮螺栓,K9PP008A54A.jpg
机械 Mécanique,正时齿轮,K9PP008A54A,正时皮带 凸轮轴齿轮,18,16 381 596 80,,01,水泵+正时组件,K9PP008A54A.jpg
机械 Mécanique,正时齿轮,K9PP008A54A,正时皮带 凸轮轴齿轮,19,16 996 665 80,,01,发动机正时组件,K9PP008A54A.jpg
机械 Mécanique,正时齿轮,K9PP008A54A,正时皮带 凸轮轴齿轮,20,4503 43,,01,(MUL)凸缘螺母,K9PP008A54A.jpg
机械 Mécanique,正时齿轮,K9PP008A54A,正时皮带 凸轮轴齿轮,22,1718 45,,01,涡轮增压器支架螺柱,K9PP008A54A.jpg
机械 Mécanique,正时齿轮,K9PP008A54A,正时皮带 凸轮轴齿轮,24,96 448 622 80,,02,(MUL) 凸缘螺栓,K9PP008A54A.jpg
机械 Mécanique,正时齿轮,K9PP008A54A,正时皮带 凸轮轴齿轮,71,6976 14,,01,曲轴键,K9PP008A54A.jpg
机械 Mécanique,缸盖,K9PP009A55A,气门 导管 摇臂机构,01,98 141 524 80,,08,进气阀,K9PP009A55A.jpg
机械 Mécanique,缸盖,K9PP009A55A,气门 导管 摇臂机构,02,98 424 674 80,,08,排气阀,K9PP009A55A.jpg
机械 Mécanique,缸盖,K9PP009A55A,气门 导管 摇臂机构,03,98 100 557 80,RP 16 922 874 80,08/01,发动机气门杆密封垫,K9PP009A55A.jpg
机械 Mécanique,缸盖,K9PP009A55A,气门 导管 摇臂机构,04,0952 C4,RP 65 005 311 80,08/01,气阀弹簧,K9PP009A55A.jpg
机械 Mécanique,缸盖,K9PP009A55A,气门 导管 摇臂机构,05,0951 52,,08,气门弹簧座,K9PP009A55A.jpg
机械 Mécanique,缸盖,K9PP009A55A,气门 导管 摇臂机构,06,0950 22,,16,气阀锁块,K9PP009A55A.jpg
机械 Mécanique,缸盖,K9PP009A55A,气门 导管 摇臂机构,07,98 101 441 80,RP 16 922 870 80,16/01,气门摇臂,K9PP009A55A.jpg
机械 Mécanique,缸盖,K9PP009A55A,气门 导管 摇臂机构,08,98 199 175 80,,16,气门间隙调节挺柱,K9PP009A55A.jpg
机械 Mécanique,缸盖,K9PP009A55A,气门 导管 摇臂机构,13,98 100 557 80,RP 16 922 874 80,08/01,发动机气门杆密封垫,K9PP009A55A.jpg
机械 Mécanique,缸盖,K9PP009A55A,气门 导管 摇臂机构,14,0952 C4,RP 65 005 311 80,08/01,气阀弹簧,K9PP009A55A.jpg
机械 Mécanique,缸盖,K9PP009A55A,气门 导管 摇臂机构,15,0951 52,,08,气门弹簧座,K9PP009A55A.jpg
机械 Mécanique,缸盖,K9PP009A55A,气门 导管 摇臂机构,16,0950 22,,16,气阀锁块,K9PP009A55A.jpg
机械 Mécanique,润滑油,K9PP110A55A,发动机 机油泵 链条 皮带 集滤器,01,16 289 550 80,,01,发动机油泵,K9PP110A55A.jpg
机械 Mécanique,润滑油,K9PP110A55A,发动机 机油泵 链条 皮带 集滤器,02,98 087 252 80,,01,发动机机油泵集滤器,K9PP110A55A.jpg
机械 Mécanique,润滑油,K9PP110A55A,发动机 机油泵 链条 皮带 集滤器,03,98 157 719 80,,01,O型密封圈,K9PP110A55A.jpg
机械 Mécanique,润滑油,K9PP110A55A,发动机 机油泵 链条 皮带 集滤器,04,98 157 720 80,,01,机油泵集滤器密封垫,K9PP110A55A.jpg
机械 Mécanique,润滑油,K9PP110A55A,发动机 机油泵 链条 皮带 集滤器,05,98 055 833 80,,02,发动机机油泵密封垫,K9PP110A55A.jpg
机械 Mécanique,润滑油,K9PP110A55A,发动机 机油泵 链条 皮带 集滤器,09,98 170 703 80,,01,机油泵电磁阀,K9PP110A55A.jpg
机械 Mécanique,润滑油,K9PP110A55A,发动机 机油泵 链条 皮带 集滤器,71,6925 45,,09,(MUL) 凸缘螺栓,K9PP110A55A.jpg
机械 Mécanique,润滑油,K9PP110A55A,发动机 机油泵 链条 皮带 集滤器,72,98 219 995 80,,01,固定螺栓,K9PP110A55A.jpg
机械 Mécanique,润滑油,K9PP111A26A,发动机 油底壳 滤清器 传感器,01,98 139 732 80,,01,发动机油底壳,K9PP111A26A.jpg
机械 Mécanique,润滑油,K9PP111A26A,发动机 油底壳 滤清器 传感器,02,0311 39,,01,发动机放油塞,K9PP111A26A.jpg
机械 Mécanique,润滑油,K9PP111A26A,发动机 油底壳 滤清器 传感器,03,0164 88,,01,堵塞密封圈,K9PP111A26A.jpg
机械 Mécanique,润滑油,K9PP111A26A,发动机 油底壳 滤清器 传感器,04,98 235 323 80,,01,机油滤清器支架,K9PP111A26A.jpg
机械 Mécanique,润滑油,K9PP111A26A,发动机 油底壳 滤清器 传感器,05,98 142 941 80,,01,机油过滤器壳体密封圈,K9PP111A26A.jpg
机械 Mécanique,润滑油,K9PP111A26A,发动机 油底壳 滤清器 传感器,06,98 142 944 80,,01,发动机油水热交换器,K9PP111A26A.jpg
机械 Mécanique,润滑油,K9PP111A26A,发动机 油底壳 滤清器 传感器,07,98 142 946 80,,01,发动机机油交换器密封圈,K9PP111A26A.jpg
机械 Mécanique,润滑油,K9PP111A26A,发动机 油底壳 滤清器 传感器,08,16 829 537 80,,01,E：机油滤清器PSA,K9PP111A26A.jpg
机械 Mécanique,润滑油,K9PP111A26A,发动机 油底壳 滤清器 传感器,09,98 142 927 80,,01,机油滤清器盖,K9PP111A26A.jpg
机械 Mécanique,润滑油,K9PP111A26A,发动机 油底壳 滤清器 传感器,10,98 244 337 80,,01,发动机机油标尺,K9PP111A26A.jpg
机械 Mécanique,润滑油,K9PP111A26A,发动机 油底壳 滤清器 传感器,12,98 244 209 80,,01,发动机机油尺导管,K9PP111A26A.jpg
机械 Mécanique,润滑油,K9PP111A26A,发动机 油底壳 滤清器 传感器,14,0250 A6,,04,(MUL) 凸缘螺栓,K9PP111A26A.jpg
机械 Mécanique,润滑油,K9PP111A26A,发动机 油底壳 滤清器 传感器,15,98 178 055 80,RP 98 493 474 80,04/01,活塞机油喷嘴,K9PP111A26A.jpg
机械 Mécanique,润滑油,K9PP111A26A,发动机 油底壳 滤清器 传感器,16,0167 78,,01,(MUL)壳体堵塞,K9PP111A26A.jpg
机械 Mécanique,润滑油,K9PP111A26A,发动机 油底壳 滤清器 传感器,17,98 090 526 80,,01,发动机油压开关,K9PP111A26A.jpg
机械 Mécanique,润滑油,K9PP111A26A,发动机 油底壳 滤清器 传感器,18,0167 78,,01,(MUL)壳体堵塞,K9PP111A26A.jpg
机械 Mécanique,润滑油,K9PP111A26A,发动机 油底壳 滤清器 传感器,20,98 116 727 80,,15,(MUL) 凸缘螺栓,K9PP111A26A.jpg
机械 Mécanique,润滑油,K9PP111A26A,发动机 油底壳 滤清器 传感器,21,0133 16,,02,(MUL) 螺柱,K9PP111A26A.jpg
机械 Mécanique,润滑油,K9PP111A26A,发动机 油底壳 滤清器 传感器,22,1170 29,,02,O型密封圈,K9PP111A26A.jpg
机械 Mécanique,润滑油,K9PP111A26A,发动机 油底壳 滤清器 传感器,70,6939 97,,02,(MUL)带垫圈螺母,K9PP111A26A.jpg
机械 Mécanique,润滑油,K9PP111A26A,发动机 油底壳 滤清器 传感器,71,6923 95,,01,(MUL)六角头带垫圈螺栓,K9PP111A26A.jpg
机械 Mécanique,润滑油,K9PP111A26A,发动机 油底壳 滤清器 传感器,72,98 142 942 80,,09,固定螺栓,K9PP111A26A.jpg
机械 Mécanique,冷却系统,K9PP112A56A,水泵衬垫 出水管,01,98 368 348 80,,01,水泵,K9PP112A56A.jpg
机械 Mécanique,冷却系统,K9PP112A56A,水泵衬垫 出水管,02,16 289 417 80,RP 16 381 595 80,01/01,水泵,K9PP112A56A.jpg
机械 Mécanique,冷却系统,K9PP112A56A,水泵衬垫 出水管,03,98 201 743 80,,01,发动机进水总管,K9PP112A56A.jpg
机械 Mécanique,冷却系统,K9PP112A56A,水泵衬垫 出水管,04,98 130 398 80,,01,O型密封圈,K9PP112A56A.jpg
机械 Mécanique,冷却系统,K9PP112A56A,水泵衬垫 出水管,05,98 071 781 80,,01,进水管堵塞,K9PP112A56A.jpg
机械 Mécanique,冷却系统,K9PP112A56A,水泵衬垫 出水管,06,98 071 782 80,,01,O型密封圈,K9PP112A56A.jpg
机械 Mécanique,冷却系统,K9PP112A56A,水泵衬垫 出水管,07,1338 C3,,01,水温传感器固定夹,K9PP112A56A.jpg
机械 Mécanique,冷却系统,K9PP112A56A,水泵衬垫 出水管,08,16 381 533 80,,01,交换器出水管,K9PP112A56A.jpg
机械 Mécanique,冷却系统,K9PP112A56A,水泵衬垫 出水管,10,16 289 421 80,,01,水泵密封垫,K9PP112A56A.jpg
机械 Mécanique,冷却系统,K9PP112A56A,水泵衬垫 出水管,11,98 132 166 80,,01,O型密封圈,K9PP112A56A.jpg
机械 Mécanique,冷却系统,K9PP112A56A,水泵衬垫 出水管,12,98 132 171 80,,03,O型密封圈,K9PP112A56A.jpg
机械 Mécanique,冷却系统,K9PP112A56A,水泵衬垫 出水管,13,98 132 176 80,,01,O型密封圈,K9PP112A56A.jpg
机械 Mécanique,冷却系统,K9PP112A56A,水泵衬垫 出水管,15,6925 69,,04,(MUL) 凸缘螺栓,K9PP112A56A.jpg
机械 Mécanique,冷却系统,K9PP112A56A,水泵衬垫 出水管,70,0250 69,,01,(MUL) 凸缘螺栓,K9PP112A56A.jpg
机械 Mécanique,冷却系统,K9PP112A56A,水泵衬垫 出水管,73,98 132 346 80,,06,螺母,K9PP112A56A.jpg
机械 Mécanique,冷却系统,K9PP112C20A,发动机电动风扇,01,98 063 138 80,RP 98 329 300 80,01/01,发动机风扇,K9PP112C20A.jpg
机械 Mécanique,冷却系统,K9PP112C20A,发动机电动风扇,02,98 292 205 80,RP 98 470 197 80,01/01,冷却风扇电控盒,K9PP112C20A.jpg
机械 Mécanique,冷却系统,K9PP112C20A,发动机电动风扇,70,6925 L3,,02,MUL 带固定平垫圈的大内六角花形半圆头的螺钉,K9PP112C20A.jpg
机械 Mécanique,冷却系统,K9PP112C20A,发动机电动风扇,71,6925 L3,,01,MUL 带固定平垫圈的大内六角花形半圆头的螺钉,K9PP112C20A.jpg
机械 Mécanique,冷却系统,K9PP113A10A,散热器,01,96 757 479 80,,01,新水散热器,K9PP113A10A.jpg
机械 Mécanique,冷却系统,K9PP113A10A,散热器,02,96 736 304 80,,02,散热器固定爪,K9PP113A10A.jpg
机械 Mécanique,冷却系统,K9PP113A10A,散热器,03,98 006 135 80,,02,散热器固定爪,K9PP113A10A.jpg
机械 Mécanique,冷却系统,K9PP113A10A,散热器,70,6924 32,,01,MUL RLX螺栓,K9PP113A10A.jpg
机械 Mécanique,冷却系统,K9PP113A10A,散热器,71,8718 32,,02,(MUL)凸缘螺母,K9PP113A10A.jpg
机械 Mécanique,冷却系统,K9PP113A30A,散热器,01,96 757 479 80,,01,新水散热器,K9PP113A30A.jpg
机械 Mécanique,冷却系统,K9PP113A30A,散热器,02,96 736 304 80,,02,散热器固定爪,K9PP113A30A.jpg
机械 Mécanique,冷却系统,K9PP113A30A,散热器,03,98 006 135 80,,02,散热器固定爪,K9PP113A30A.jpg
机械 Mécanique,冷却系统,K9PP113A30A,散热器,70,6924 32,,01,MUL RLX螺栓,K9PP113A30A.jpg
机械 Mécanique,冷却系统,K9PP113A30A,散热器,71,8718 32,,02,(MUL)凸缘螺母,K9PP113A30A.jpg
机械 Mécanique,冷却系统,K9PP113E38A,冷却系统水管,01,98 124 418 80,,01,散热器进水管接头,K9PP113E38A.jpg
机械 Mécanique,冷却系统,K9PP113E38A,冷却系统水管,02,98 457 552 80,,01,散热器出水管接头,K9PP113E38A.jpg
机械 Mécanique,冷却系统,K9PP113E38A,冷却系统水管,04,96 771 863 80,,01,散热器除气管,K9PP113E38A.jpg
机械 Mécanique,冷却系统,K9PP113E38A,冷却系统水管,07,98 127 530 80,,01,散热器管卡子支架固定爪,K9PP113E38A.jpg
机械 Mécanique,冷却系统,K9PP113E38A,冷却系统水管,11,98 124 398 80,,01,膨胀罐水管接头,K9PP113E38A.jpg
机械 Mécanique,冷却系统,K9PP113E38A,冷却系统水管,12,98 124 429 80,,01,气缸盖除气管,K9PP113E38A.jpg
机械 Mécanique,冷却系统,K9PP113E38A,冷却系统水管,70,4815 36,,01,管固定卡,K9PP113E38A.jpg
机械 Mécanique,冷却系统,K9PP113E38A,冷却系统水管,72,79 03 301 235,,02,带弹性垫片六角头螺栓,K9PP113E38A.jpg
机械 Mécanique,冷却系统,K9PP113E38A,冷却系统水管,73,6936 62,,01,(MUL)凸缘螺母,K9PP113E38A.jpg
机械 Mécanique,冷却系统,K9PP113E90L,节温器室、水温开关,01,98 121 137 80,,01,发动机出水室,K9PP113E90L.jpg
机械 Mécanique,冷却系统,K9PP113E90L,节温器室、水温开关,03,98 130 219 80,,01,发动机出水室密封垫,K9PP113E90L.jpg
机械 Mécanique,冷却系统,K9PP113G55A,储液罐,01,96 781 260 80,,01,发动机除气罐,K9PP113G55A.jpg
机械 Mécanique,冷却系统,K9PP113G55A,储液罐,02,1306 J5,,01,增减压阀门塞,K9PP113G55A.jpg
机械 Mécanique,发动机燃油系,K9PP114G55A,空气滤清器 空气软管 空气谐振箱,01,98 280 020 80,,01,干式空气滤清器总成,K9PP114G55A.jpg
机械 Mécanique,发动机燃油系,K9PP114G55A,空气滤清器 空气软管 空气谐振箱,02,98 139 088 80,,01,空气滤芯,K9PP114G55A.jpg
机械 Mécanique,发动机燃油系,K9PP114G55A,空气滤清器 空气软管 空气谐振箱,03,16 231 593 80,,04,空气滤清器弹性支撑,K9PP114G55A.jpg
机械 Mécanique,发动机燃油系,K9PP114G55A,空气滤清器 空气软管 空气谐振箱,04,98 072 967 80,,02,发动机装饰罩支架,K9PP114G55A.jpg
机械 Mécanique,发动机燃油系,K9PP114G55A,空气滤清器 空气软管 空气谐振箱,07,98 109 209 80,,01,进气管,K9PP114G55A.jpg
机械 Mécanique,发动机燃油系,K9PP114G55A,空气滤清器 空气软管 空气谐振箱,08,98 109 208 80,,01,进气口导水扰流器,K9PP114G55A.jpg
机械 Mécanique,发动机燃油系,K9PP114G55A,空气滤清器 空气软管 空气谐振箱,09,98 109 211 80,,01,空气管,K9PP114G55A.jpg
机械 Mécanique,发动机燃油系,K9PP114G55A,空气滤清器 空气软管 空气谐振箱,10,98 116 824 80,,01,曲轴箱通风管,K9PP114G55A.jpg
机械 Mécanique,发动机燃油系,K9PP114G55A,空气滤清器 空气软管 空气谐振箱,11,98 017 846 80,RP 98 446 009 80,01/01,进气谐振箱支架,K9PP114G55A.jpg
机械 Mécanique,发动机燃油系,K9PP114G55A,空气滤清器 空气软管 空气谐振箱,14,98 089 630 80,,01,进气空气滤清器支架,K9PP114G55A.jpg
机械 Mécanique,发动机燃油系,K9PP114G55A,空气滤清器 空气软管 空气谐振箱,15,98 037 704 80,,01,进气弯管支架,K9PP114G55A.jpg
机械 Mécanique,发动机燃油系,K9PP114G55A,空气滤清器 空气软管 空气谐振箱,70,98 026 884 80,,01,螺丝,K9PP114G55A.jpg
机械 Mécanique,发动机燃油系,K9PP114G55A,空气滤清器 空气软管 空气谐振箱,71,6925 G5,,02,(MUL) 凸缘螺栓,K9PP114G55A.jpg
机械 Mécanique,发动机燃油系,K9PP114G55A,空气滤清器 空气软管 空气谐振箱,72,6922 C7,,02,(MUL)六角头带垫圈螺栓,K9PP114G55A.jpg
机械 Mécanique,发动机燃油系,K9PP114G55A,空气滤清器 空气软管 空气谐振箱,73,0307 13,,02,(MUL) 凸缘螺栓,K9PP114G55A.jpg
机械 Mécanique,发动机燃油系,K9PP114N30A,喷油泵支架,01,98 179 030 80,,01,新柴油高压泵,K9PP114N30A.jpg
机械 Mécanique,发动机燃油系,K9PP114N30A,喷油泵支架,02,98 087 222 80,,01,喷油泵齿轮,K9PP114N30A.jpg
机械 Mécanique,发动机燃油系,K9PP114N30A,喷油泵支架,03,1932 17,,01,喷油泵齿轮螺母,K9PP114N30A.jpg
机械 Mécanique,发动机燃油系,K9PP114N30A,喷油泵支架,04,98 173 041 80,,01,喷油泵支架,K9PP114N30A.jpg
机械 Mécanique,发动机燃油系,K9PP114N30A,喷油泵支架,05,98 239 532 80,,01,喷油泵支架,K9PP114N30A.jpg
机械 Mécanique,发动机燃油系,K9PP114N30A,喷油泵支架,10,98 222 681 80,RP 98 310 966 80,01/01,喷油泵保护套,K9PP114N30A.jpg
机械 Mécanique,发动机燃油系,K9PP114N30A,喷油泵支架,70,98 025 585 80,,03,螺丝,K9PP114N30A.jpg
机械 Mécanique,发动机燃油系,K9PP114N30A,喷油泵支架,72,0250 57,,01,(MUL) 凸缘螺栓,K9PP114N30A.jpg
机械 Mécanique,发动机燃油系,K9PP114N30A,喷油泵支架,73,98 025 585 80,,03,螺丝,K9PP114N30A.jpg
机械 Mécanique,发动机燃油系,K9PP114N30A,喷油泵支架,75,0250 57,,03,(MUL) 凸缘螺栓,K9PP114N30A.jpg
机械 Mécanique,发动机燃油系,K9PP114N30A,喷油泵支架,76,0355 71,,01,(MUL) 螺柱,K9PP114N30A.jpg
机械 Mécanique,发动机燃油系,K9PP114N30A,喷油泵支架,77,0307 13,,02,(MUL) 凸缘螺栓,K9PP114N30A.jpg
机械 Mécanique,发动机燃油系,K9PP114N64A,喷油器油管组件,01,98 213 996 80,,01,喷射器供应轨,K9PP114N64A.jpg
机械 Mécanique,发动机燃油系,K9PP114N64A,喷油器油管组件,02,98 117 373 80,,01,柴油喷射器供油管,K9PP114N64A.jpg
机械 Mécanique,发动机燃油系,K9PP114N64A,喷油器油管组件,03,98 117 375 80,,01,柴油喷射器供油管,K9PP114N64A.jpg
机械 Mécanique,发动机燃油系,K9PP114N64A,喷油器油管组件,04,98 117 376 80,,01,柴油喷射器供油管,K9PP114N64A.jpg
机械 Mécanique,发动机燃油系,K9PP114N64A,喷油器油管组件,05,98 256 155 80,,01,柴油喷射器供油管,K9PP114N64A.jpg
机械 Mécanique,发动机燃油系,K9PP114N64A,喷油器油管组件,06,98 162 963 80,,01,喷油泵出油管,K9PP114N64A.jpg
机械 Mécanique,发动机燃油系,K9PP114N64A,喷油器油管组件,07,98 289 598 80,,04,新HDI完整喷射器固定架,K9PP114N64A.jpg
机械 Mécanique,发动机燃油系,K9PP114N64A,喷油器油管组件,09,98 042 205 80,RP 65 016 472 80,04/01,发动机喷油嘴密封圈,K9PP114N64A.jpg
机械 Mécanique,发动机燃油系,K9PP114N64A,喷油器油管组件,11,98 117 607 80,,04,喷油嘴支架固定叉,K9PP114N64A.jpg
机械 Mécanique,发动机燃油系,K9PP114N64A,喷油器油管组件,12,98 089 827 80,RP 16 926 472 80,04/01,喷射器支架法兰螺栓,K9PP114N64A.jpg
机械 Mécanique,发动机燃油系,K9PP114N64A,喷油器油管组件,70,6925 99,,02,(MUL) 凸缘螺栓,K9PP114N64A.jpg
机械 Mécanique,发动机燃油系,K9PP115A25A,燃油箱 油量表,01,16 363 855 80,,01,燃油箱,K9PP115A25A.jpg
机械 Mécanique,发动机燃油系,K9PP115A25A,燃油箱 油量表,02,98 093 593 80,,01,带油量计燃油泵,K9PP115A25A.jpg
机械 Mécanique,发动机燃油系,K9PP115A25A,燃油箱 油量表,03,1531 30,,01,燃油泵顶圈,K9PP115A25A.jpg
机械 Mécanique,发动机燃油系,K9PP115A25A,燃油箱 油量表,05,1531 41,,01,燃油箱密封垫,K9PP115A25A.jpg
机械 Mécanique,发动机燃油系,K9PP115A25A,燃油箱 油量表,06,98 265 340 80,,01,燃油箱隔热板,K9PP115A25A.jpg
机械 Mécanique,发动机燃油系,K9PP115A25A,燃油箱 油量表,10,98 420 507 80,,01,保护堵盖,K9PP115A25A.jpg
机械 Mécanique,发动机燃油系,K9PP115A25A,燃油箱 油量表,15,98 213 360 80,,01,颗粒过滤器添加剂罐,K9PP115A25A.jpg
机械 Mécanique,发动机燃油系,K9PP115A25A,燃油箱 油量表,20,16 137 017 80,,01,油箱固定带,K9PP115A25A.jpg
机械 Mécanique,发动机燃油系,K9PP115A25A,燃油箱 油量表,21,16 137 018 80,,01,油箱固定带,K9PP115A25A.jpg
机械 Mécanique,发动机燃油系,K9PP115A25A,燃油箱 油量表,22,8337 11,,01,带底座六角攻丝螺钉,K9PP115A25A.jpg
机械 Mécanique,发动机燃油系,K9PP115A25A,燃油箱 油量表,24,98 100 294 80,,01,燃油管密封垫,K9PP115A25A.jpg
机械 Mécanique,发动机燃油系,K9PP115A25A,燃油箱 油量表,32,98 279 663 80,,01,燃油表线束,K9PP115A25A.jpg
机械 Mécanique,发动机燃油系,K9PP115A25A,燃油箱 油量表,40,6995 Y0,,01,(MUL) 扎带,K9PP115A25A.jpg
机械 Mécanique,发动机燃油系,K9PP115A25A,燃油箱 油量表,71,1503 FE,,04,(MUL)凸缘螺母,K9PP115A25A.jpg
机械 Mécanique,发动机燃油系,K9PP115A25A,燃油箱 油量表,80,1539 16,,06,(MUL) 铆钉,K9PP115A25A.jpg
机械 Mécanique,发动机燃油系,K9PP115A40A,燃油箱 油量表催化还原储液罐,01,98 176 018 80,RP 16 826 197 80,01/01,尿素罐,K9PP115A40A.jpg
机械 Mécanique,发动机燃油系,K9PP115A40A,燃油箱 油量表催化还原储液罐,02,98 157 059 80,,01,尿素加注管,K9PP115A40A.jpg
机械 Mécanique,发动机燃油系,K9PP115A40A,燃油箱 油量表催化还原储液罐,05,98 118 477 80,,01,尿素排放堵头,K9PP115A40A.jpg
机械 Mécanique,发动机燃油系,K9PP115A40A,燃油箱 油量表催化还原储液罐,06,98 185 317 80,,01,尿素罐线束,K9PP115A40A.jpg
机械 Mécanique,发动机燃油系,K9PP115A40A,燃油箱 油量表催化还原储液罐,08,98 076 465 80,,01,尿素堵头密封垫,K9PP115A40A.jpg
机械 Mécanique,发动机燃油系,K9PP115A40A,燃油箱 油量表催化还原储液罐,09,98 146 554 80,,01,燃油箱支架,K9PP115A40A.jpg
机械 Mécanique,发动机燃油系,K9PP115A40A,燃油箱 油量表催化还原储液罐,10,98 263 021 80,,01,尿素管,K9PP115A40A.jpg
机械 Mécanique,发动机燃油系,K9PP115A40A,燃油箱 油量表催化还原储液罐,11,98 263 033 80,,01,尿素管,K9PP115A40A.jpg
机械 Mécanique,发动机燃油系,K9PP115A40A,燃油箱 油量表催化还原储液罐,12,98 209 090 80,,02,隔套,K9PP115A40A.jpg
机械 Mécanique,发动机燃油系,K9PP115A40A,燃油箱 油量表催化还原储液罐,13,98 209 089 80,,02,隔套,K9PP115A40A.jpg
机械 Mécanique,发动机燃油系,K9PP115A40A,燃油箱 油量表催化还原储液罐,14,98 154 683 80,,01,燃油箱支架,K9PP115A40A.jpg
机械 Mécanique,发动机燃油系,K9PP115A40A,燃油箱 油量表催化还原储液罐,23,16 319 999 80,,01,尿素堵头,K9PP115A40A.jpg
机械 Mécanique,发动机燃油系,K9PP115A40A,燃油箱 油量表催化还原储液罐,70,16 115 673 80,,02,(MUL)凸缘螺母,K9PP115A40A.jpg
机械 Mécanique,发动机燃油系,K9PP115A40A,燃油箱 油量表催化还原储液罐,71,8337 11,,02,带底座六角攻丝螺钉,K9PP115A40A.jpg
机械 Mécanique,发动机燃油系,K9PP115A40A,燃油箱 油量表催化还原储液罐,72,98 213 976 80,,06,支撑夹,K9PP115A40A.jpg
机械 Mécanique,发动机燃油系,K9PP115A40A,燃油箱 油量表催化还原储液罐,73,1503 FE,,02,(MUL)凸缘螺母,K9PP115A40A.jpg
机械 Mécanique,发动机燃油系,K9PP115A40A,燃油箱 油量表催化还原储液罐,74,96 143 232 80,,01,燃油管支撑卡夹,K9PP115A40A.jpg
机械 Mécanique,发动机燃油系,K9PP115D01A,油箱盖板 油箱加油口盖,01,98 179 333 80,,01,加油口盖板,K9PP115D01A.jpg
机械 Mécanique,发动机燃油系,K9PP115D01A,油箱盖板 油箱加油口盖,03,98 197 488 80,,01,加油口盖壳体,K9PP115D01A.jpg
机械 Mécanique,发动机燃油系,K9PP115D01A,油箱盖板 油箱加油口盖,09,98 167 419 80,,01,燃油加注口盖,K9PP115D01A.jpg
机械 Mécanique,发动机燃油系,K9PP115D01A,油箱盖板 油箱加油口盖,16,98 277 527 80,,01,燃油标签,K9PP115D01A.jpg
机械 Mécanique,发动机燃油系,K9PP115D01A,油箱盖板 油箱加油口盖,20,98 182 173 80,,01,车门开启锁止装置,K9PP115D01A.jpg
机械 Mécanique,发动机燃油系,K9PP115D01A,油箱盖板 油箱加油口盖,21,1518 C7,,01,锁止装置盖,K9PP115D01A.jpg
机械 Mécanique,发动机燃油系,K9PP115D01A,油箱盖板 油箱加油口盖,70,96 618 898 80,,02,(MUL) 埋头金属用螺钉,K9PP115D01A.jpg
机械 Mécanique,发动机燃油系,K9PP115E55A,燃油管 燃油滤清器,01,98 199 591 80,,01,双燃油管,K9PP115E55A.jpg
机械 Mécanique,发动机燃油系,K9PP115E55A,燃油管 燃油滤清器,02,98 243 855 80,RP 98 290 497 80,01/01,双燃油管,K9PP115E55A.jpg
机械 Mécanique,发动机燃油系,K9PP115E55A,燃油管 燃油滤清器,04,98 247 231 80,,01,柴油喷射器回油管,K9PP115E55A.jpg
机械 Mécanique,发动机燃油系,K9PP115E55A,燃油管 燃油滤清器,05,98 217 143 80,,01,燃油供油管,K9PP115E55A.jpg
机械 Mécanique,发动机燃油系,K9PP115E55A,燃油管 燃油滤清器,06,98 310 561 80,,01,泵过滤器回油管,K9PP115E55A.jpg
机械 Mécanique,发动机燃油系,K9PP115E55A,燃油管 燃油滤清器,07,98 217 269 80,,01,柴油接口支架,K9PP115E55A.jpg
机械 Mécanique,发动机燃油系,K9PP115E55A,燃油管 燃油滤清器,08,98 252 324 80,RP 98 415 786 80,01/01,柴油脉冲减震块,K9PP115E55A.jpg
机械 Mécanique,发动机燃油系,K9PP115E55A,燃油管 燃油滤清器,09,6992 G6,,01,(MUL)卡扣,K9PP115E55A.jpg
机械 Mécanique,发动机燃油系,K9PP115E55A,燃油管 燃油滤清器,10,1565 X4,RP 16 087 204 80,01/01,燃油管支架,K9PP115E55A.jpg
机械 Mécanique,发动机燃油系,K9PP115E55A,燃油管 燃油滤清器,20,96 749 535 80,,02,燃油管支撑卡夹,K9PP115E55A.jpg
机械 Mécanique,发动机燃油系,K9PP115E55A,燃油管 燃油滤清器,21,96 786 339 80,,03,燃油管支撑卡夹,K9PP115E55A.jpg
机械 Mécanique,发动机燃油系,K9PP115E55A,燃油管 燃油滤清器,70,16 103 321 80,,01,螺丝,K9PP115E55A.jpg
机械 Mécanique,发动机燃油系,K9PP115E55A,燃油管 燃油滤清器,71,96 776 301 80,,01,固定支架,K9PP115E55A.jpg
机械 Mécanique,发动机燃油系,K9PP115E55A,燃油管 燃油滤清器,72,6925 69,,01,(MUL) 凸缘螺栓,K9PP115E55A.jpg
机械 Mécanique,发动机燃油系,K9PP115E55A,燃油管 燃油滤清器,73,16 115 673 80,,01,(MUL)凸缘螺母,K9PP115E55A.jpg
机械 Mécanique,发动机燃油系,K9PP115E55A,燃油管 燃油滤清器,74,6939 45,,01,(MUL) 自锁螺帽,K9PP115E55A.jpg
机械 Mécanique,发动机燃油系,K9PP115E55A,燃油管 燃油滤清器,75,0250 57,,01,(MUL) 凸缘螺栓,K9PP115E55A.jpg
机械 Mécanique,发动机燃油系,K9PP115E55A,燃油管 燃油滤清器,76,98 021 971 80,,01,(MUL) 凸缘螺栓,K9PP115E55A.jpg
机械 Mécanique,发动机燃油系,K9PP115E56A,燃油管 燃油滤清器,04,98 247 231 80,,01,柴油喷射器回油管,K9PP115E56A.jpg
机械 Mécanique,发动机燃油系,K9PP115E56A,燃油管 燃油滤清器,05,98 217 143 80,,01,燃油供油管,K9PP115E56A.jpg
机械 Mécanique,发动机燃油系,K9PP115E56A,燃油管 燃油滤清器,06,98 310 561 80,,01,泵过滤器回油管,K9PP115E56A.jpg
机械 Mécanique,发动机燃油系,K9PP115E56A,燃油管 燃油滤清器,07,98 217 269 80,,01,柴油接口支架,K9PP115E56A.jpg
机械 Mécanique,发动机燃油系,K9PP115E56A,燃油管 燃油滤清器,08,98 252 324 80,RP 98 415 786 80,01/01,柴油脉冲减震块,K9PP115E56A.jpg
机械 Mécanique,发动机燃油系,K9PP115E56A,燃油管 燃油滤清器,10,16 087 204 80,,01,燃油管支架,K9PP115E56A.jpg
机械 Mécanique,发动机燃油系,K9PP115E56A,燃油管 燃油滤清器,73,16 115 673 80,,01,(MUL)凸缘螺母,K9PP115E56A.jpg
机械 Mécanique,发动机燃油系,K9PP115E56A,燃油管 燃油滤清器,75,0250 57,,01,(MUL) 凸缘螺栓,K9PP115E56A.jpg
机械 Mécanique,发动机燃油系,K9PP116A05A,加速踏板,01,96 748 298 80,,01,带传感器的加速踏板,K9PP116A05A.jpg
机械 Mécanique,发动机燃油系,K9PP116A05A,加速踏板,70,6936 62,,01,(MUL)凸缘螺母,K9PP116A05A.jpg
机械 Mécanique,排放控制,K9PP116J50A,调节器盒 排气温度传感器；氧传感器,01,98 123 764 80,,01,气体温度传感器,K9PP116J50A.jpg
机械 Mécanique,排放控制,K9PP116J50A,调节器盒 排气温度传感器；氧传感器,02,96 778 161 80,,01,压差传感器,K9PP116J50A.jpg
机械 Mécanique,排放控制,K9PP116J50A,调节器盒 排气温度传感器；氧传感器,03,98 137 336 80,,01,传感器插接器支架,K9PP116J50A.jpg
机械 Mécanique,排放控制,K9PP116J50A,调节器盒 排气温度传感器；氧传感器,04,98 124 450 80,,01,颗粒滤清器压力传感器管,K9PP116J50A.jpg
机械 Mécanique,排放控制,K9PP116J50A,调节器盒 排气温度传感器；氧传感器,05,98 112 071 80,,01,氮氧化物传感器,K9PP116J50A.jpg
机械 Mécanique,排放控制,K9PP116J50A,调节器盒 排气温度传感器；氧传感器,06,98 162 764 80,,01,氮氧化物传感器,K9PP116J50A.jpg
机械 Mécanique,排放控制,K9PP116J50A,调节器盒 排气温度传感器；氧传感器,07,98 134 042 80,,01,传感器支架,K9PP116J50A.jpg
机械 Mécanique,排放控制,K9PP116J50A,调节器盒 排气温度传感器；氧传感器,08,98 144 151 80,,01,传感器插接器支架,K9PP116J50A.jpg
机械 Mécanique,排放控制,K9PP116J50A,调节器盒 排气温度传感器；氧传感器,10,98 301 239 80,,01,传感器支架,K9PP116J50A.jpg
机械 Mécanique,排放控制,K9PP116J50A,调节器盒 排气温度传感器；氧传感器,12,98 360 731 80,,01,MUL 保护装置,K9PP116J50A.jpg
机械 Mécanique,排放控制,K9PP116J50A,调节器盒 排气温度传感器；氧传感器,20,98 147 034 80,,01,线束套管,K9PP116J50A.jpg
机械 Mécanique,排放控制,K9PP116J50A,调节器盒 排气温度传感器；氧传感器,21,98 081 297 80,,01,(MUL)电气线束卡扣,K9PP116J50A.jpg
机械 Mécanique,排放控制,K9PP116J50A,调节器盒 排气温度传感器；氧传感器,22,98 021 971 80,,01,(MUL) 凸缘螺栓,K9PP116J50A.jpg
机械 Mécanique,排放控制,K9PP116J50A,调节器盒 排气温度传感器；氧传感器,23,98 021 971 80,,02,(MUL) 凸缘螺栓,K9PP116J50A.jpg
机械 Mécanique,排放控制,K9PP116J50A,调节器盒 排气温度传感器；氧传感器,70,6981 P4,,04,(MUL) 固定卡箍,K9PP116J50A.jpg
机械 Mécanique,排放控制,K9PP116J50A,调节器盒 排气温度传感器；氧传感器,71,16 115 673 80,,01,(MUL)凸缘螺母,K9PP116J50A.jpg
机械 Mécanique,排放控制,K9PP116J50A,调节器盒 排气温度传感器；氧传感器,72,16 115 673 80,,02,(MUL)凸缘螺母,K9PP116J50A.jpg
机械 Mécanique,排放控制,K9PP116J50A,调节器盒 排气温度传感器；氧传感器,73,6980 A3,,02,(MUL) 扎带,K9PP116J50A.jpg
机械 Mécanique,排放控制,K9PP116J50A,调节器盒 排气温度传感器；氧传感器,74,16 227 495 80,,02,(MUL) 铆钉,K9PP116J50A.jpg
机械 Mécanique,排放控制,K9PP116J50A,调节器盒 排气温度传感器；氧传感器,75,16 103 321 80,,02,螺丝,K9PP116J50A.jpg
机械 Mécanique,排放控制,K9PP116J50A,调节器盒 排气温度传感器；氧传感器,76,98 227 513 80,,02,六角头凸缘螺栓,K9PP116J50A.jpg
机械 Mécanique,排放控制,K9PP116J80M,废气再循环管路,01,98 130 548 80,,01,气体回收管,K9PP116J80M.jpg
机械 Mécanique,排放控制,K9PP116J80M,废气再循环管路,05,98 298 700 80,,01,调节阀,K9PP116J80M.jpg
机械 Mécanique,排放控制,K9PP116J80M,废气再循环管路,08,98 130 681 80,,01,防污染管路密封圈,K9PP116J80M.jpg
机械 Mécanique,排放控制,K9PP116J80M,废气再循环管路,10,98 130 502 80,,01,排气系统气水交换器,K9PP116J80M.jpg
机械 Mécanique,排放控制,K9PP116J80M,废气再循环管路,11,98 130 551 80,,02,废气再循环模块密封件,K9PP116J80M.jpg
机械 Mécanique,排放控制,K9PP116J80M,废气再循环管路,13,0250 93,,01,缸盖双头螺柱,K9PP116J80M.jpg
机械 Mécanique,排放控制,K9PP116J80M,废气再循环管路,15,98 130 541 80,,01,旁通执行器,K9PP116J80M.jpg
机械 Mécanique,排放控制,K9PP116J80M,废气再循环管路,18,0341 H9,,02,(MUL) 螺柱,K9PP116J80M.jpg
机械 Mécanique,排放控制,K9PP116J80M,废气再循环管路,70,6925 45,,04,(MUL) 凸缘螺栓,K9PP116J80M.jpg
机械 Mécanique,排放控制,K9PP116J80M,废气再循环管路,71,4503 43,,02,(MUL)凸缘螺母,K9PP116J80M.jpg
机械 Mécanique,排放控制,K9PP116J80M,废气再循环管路,72,16 115 673 80,,01,(MUL)凸缘螺母,K9PP116J80M.jpg
机械 Mécanique,排放控制,K9PP116J80M,废气再循环管路,73,6925 69,,02,(MUL) 凸缘螺栓,K9PP116J80M.jpg
机械 Mécanique,排气,K9PP117A50A,前催化转化器 排气歧管,01,0341 J2,,01,排气歧管,K9PP117A50A.jpg
机械 Mécanique,排气,K9PP117A50A,前催化转化器 排气歧管,02,98 162 672 80,,01,排气歧管密封垫,K9PP117A50A.jpg
机械 Mécanique,排气,K9PP117A50A,前催化转化器 排气歧管,03,0341 P8,,08,(MUL) 螺柱,K9PP117A50A.jpg
机械 Mécanique,排气,K9PP117A50A,前催化转化器 排气歧管,04,0353 09,,08,发动机散热器隔套,K9PP117A50A.jpg
机械 Mécanique,排气,K9PP117A50A,前催化转化器 排气歧管,05,0341 22,,10,(MUL)凸缘螺母,K9PP117A50A.jpg
机械 Mécanique,排气,K9PP117A50A,前催化转化器 排气歧管,06,0376 63,,02,涡轮增压器支架螺柱,K9PP117A50A.jpg
机械 Mécanique,排气,K9PP117A50A,前催化转化器 排气歧管,07,0341 P7,,02,(MUL) 螺柱,K9PP117A50A.jpg
机械 Mécanique,排气,K9PP117A50A,前催化转化器 排气歧管,10,98 228 605 80,,01,新颗粒过滤三元催化器,K9PP117A50A.jpg
机械 Mécanique,排气,K9PP117A50A,前催化转化器 排气歧管,11,98 085 473 80,,01,排气管支架,K9PP117A50A.jpg
机械 Mécanique,排气,K9PP117A50A,前催化转化器 排气歧管,12,98 133 039 80,,01,颗粒滤清器压力管,K9PP117A50A.jpg
机械 Mécanique,排气,K9PP117A50A,前催化转化器 排气歧管,13,98 177 652 80,,01,颗粒滤清器压力管,K9PP117A50A.jpg
机械 Mécanique,排气,K9PP117A50A,前催化转化器 排气歧管,14,1713 67,,01,排气管环箍,K9PP117A50A.jpg
机械 Mécanique,排气,K9PP117A50A,前催化转化器 排气歧管,15,1713 60,RP 16 926 601 80,01/01,排气管环箍,K9PP117A50A.jpg
机械 Mécanique,排气,K9PP117A50A,前催化转化器 排气歧管,16,1713 53,,01,排气管环箍,K9PP117A50A.jpg
机械 Mécanique,排气,K9PP117A50A,前催化转化器 排气歧管,19,98 125 929 80,,01,前排气管,K9PP117A50A.jpg
机械 Mécanique,排气,K9PP117A50A,前催化转化器 排气歧管,20,98 286 467 80,,02,(MUL)凸缘螺母,K9PP117A50A.jpg
机械 Mécanique,排气,K9PP117A50A,前催化转化器 排气歧管,21,1718 45,,02,涡轮增压器支架螺柱,K9PP117A50A.jpg
机械 Mécanique,排气,K9PP117A50A,前催化转化器 排气歧管,30,98 139 301 80,,01,催化液喷射器,K9PP117A50A.jpg
机械 Mécanique,排气,K9PP117A50A,前催化转化器 排气歧管,31,16 882 924 80,,01,密封圈,K9PP117A50A.jpg
机械 Mécanique,排气,K9PP117A50A,前催化转化器 排气歧管,32,98 237 435 80,RP 16 844 494 80,01/01,(MUL) 金属卡箍,K9PP117A50A.jpg
机械 Mécanique,排气,K9PP117A50A,前催化转化器 排气歧管,33,98 145 432 80,,01,喷射器隔热板,K9PP117A50A.jpg
机械 Mécanique,排气,K9PP117E50A,排气中管和后管,02,98 222 969 80,RP 98 266 391 80,01/01,排气管中段,K9PP117E50A.jpg
机械 Mécanique,排气,K9PP117E50A,排气中管和后管,05,98 222 972 80,RP 98 638 981 80,01/01,排气管后消声器,K9PP117E50A.jpg
机械 Mécanique,排气,K9PP117E50A,排气中管和后管,06,1713 67,,01,排气管环箍,K9PP117E50A.jpg
机械 Mécanique,排气,K9PP117E50A,排气中管和后管,07,1736 32,,01,前排气管套管,K9PP117E50A.jpg
机械 Mécanique,排气,K9PP117E50A,排气中管和后管,08,96 743 251 80,,02,排气管弹性支架,K9PP117E50A.jpg
机械 Mécanique,排气,K9PP117E50A,排气中管和后管,09,98 098 038 80,,01,排气管弹性支架,K9PP117E50A.jpg
机械 Mécanique,排气,K9PP117E50A,排气中管和后管,10,1755 P1,,01,排气管弹性支架,K9PP117E50A.jpg
机械 Mécanique,排气,K9PP117E50A,排气中管和后管,15,98 098 400 80,,02,螺丝,K9PP117E50A.jpg
机械 Mécanique,排气,K9PP117E50A,排气中管和后管,16,98 098 400 80,,02,螺丝,K9PP117E50A.jpg
机械 Mécanique,排气,K9PP117E50A,排气中管和后管,70,6936 C9,,02,(MUL)凸缘螺母,K9PP117E50A.jpg
机械 Mécanique,排气,K9PP117H50A,排气系统隔热板,01,98 096 950 80,,01,排气歧管隔热罩,K9PP117H50A.jpg
机械 Mécanique,排气,K9PP117H50A,排气系统隔热板,02,98 096 952 80,,01,涡轮增压器隔热板,K9PP117H50A.jpg
机械 Mécanique,排气,K9PP117H50A,排气系统隔热板,05,98 294 062 80,RP 98 409 401 80,01/01,排气管隔热板,K9PP117H50A.jpg
机械 Mécanique,排气,K9PP117H50A,排气系统隔热板,06,98 157 478 80,,01,排气管隔热板,K9PP117H50A.jpg
机械 Mécanique,排气,K9PP117H50A,排气系统隔热板,07,98 148 159 80,,01,排气隔音板,K9PP117H50A.jpg
机械 Mécanique,排气,K9PP117H50A,排气系统隔热板,10,1718 44,,04,螺母,K9PP117H50A.jpg
机械 Mécanique,排气,K9PP117H50A,排气系统隔热板,11,1718 44,,02,螺母,K9PP117H50A.jpg
机械 Mécanique,排气,K9PP117H50A,排气系统隔热板,12,98 135 693 80,,08,挡热板固定螺栓,K9PP117H50A.jpg
机械 Mécanique,排气,K9PP117H50A,排气系统隔热板,15,4125 07,,01,粘性泡沫,K9PP117H50A.jpg
机械 Mécanique,排气,K9PP117H50A,排气系统隔热板,70,16 115 673 80,,02,(MUL)凸缘螺母,K9PP117H50A.jpg
机械 Mécanique,排气,K9PP117H50A,排气系统隔热板,71,6923 95,,03,(MUL)六角头带垫圈螺栓,K9PP117H50A.jpg
机械 Mécanique,排气,K9PP117H50A,排气系统隔热板,72,79 03 233 018,,02,螺母,K9PP117H50A.jpg
机械 Mécanique,排气,K9PP117H50A,排气系统隔热板,80,98 151 790 80,,01,卡子,K9PP117H50A.jpg
机械 Mécanique,发动机总成,K9PP118A53B,发动机变速箱总成的固定,01,98 109 674 80,,01,发动机支架,K9PP118A53B.jpg
机械 Mécanique,发动机总成,K9PP118A53B,发动机变速箱总成的固定,02,98 202 975 80,,01,发动机支架,K9PP118A53B.jpg
机械 Mécanique,发动机总成,K9PP118A53B,发动机变速箱总成的固定,04,16 109 752 80,,01,发动机支架,K9PP118A53B.jpg
机械 Mécanique,发动机总成,K9PP118A53B,发动机变速箱总成的固定,06,98 117 866 80,,01,抗扭力连杆,K9PP118A53B.jpg
机械 Mécanique,发动机总成,K9PP118A53B,发动机变速箱总成的固定,08,98 137 219 80,,01,发动机支架,K9PP118A53B.jpg
机械 Mécanique,发动机总成,K9PP118A53B,发动机变速箱总成的固定,10,96 737 684 80,,01,发动机弹性支架,K9PP118A53B.jpg
机械 Mécanique,发动机总成,K9PP118A53B,发动机变速箱总成的固定,15,96 760 215 80,,02,(MUL) 自锁螺帽,K9PP118A53B.jpg
机械 Mécanique,发动机总成,K9PP118A53B,发动机变速箱总成的固定,18,98 203 664 80,,01,发动机吊耳,K9PP118A53B.jpg
机械 Mécanique,发动机总成,K9PP118A53B,发动机变速箱总成的固定,21,1803 Q2,,01,(MUL)螺栓轴,K9PP118A53B.jpg
机械 Mécanique,发动机总成,K9PP118A53B,发动机变速箱总成的固定,22,98 317 694 80,RP 98 531 112 80,02/01,(MUL)矮圆柱头内六花带垫圈螺栓,K9PP118A53B.jpg
机械 Mécanique,发动机总成,K9PP118A53B,发动机变速箱总成的固定,70,6923 81,,04,(MUL)六角头带垫圈螺栓,K9PP118A53B.jpg
机械 Mécanique,发动机总成,K9PP118A53B,发动机变速箱总成的固定,71,6936 E1,,02,(MUL)凸缘螺母,K9PP118A53B.jpg
机械 Mécanique,发动机总成,K9PP118A53B,发动机变速箱总成的固定,72,6925 P2,,02,(MUL) 凸缘螺栓,K9PP118A53B.jpg
机械 Mécanique,发动机总成,K9PP118A53B,发动机变速箱总成的固定,73,98 242 213 80,,10,(MUL)矮圆柱头内六花带垫圈螺栓,K9PP118A53B.jpg
机械 Mécanique,发动机总成,K9PP118A53B,发动机变速箱总成的固定,74,6922 G7,,02,(MUL)六角头带垫圈螺栓,K9PP118A53B.jpg
机械 Mécanique,发动机总成,K9PP118A53B,发动机变速箱总成的固定,76,6913 V6,,04,(MUL)矮圆柱头内六花带垫圈螺栓,K9PP118A53B.jpg
机械 Mécanique,发动机燃油系,K9PP119A70A,过滤器 柴油泵,01,98 161 828 80,,01,沉淀过滤器,K9PP119A70A.jpg
机械 Mécanique,发动机燃油系,K9PP119A70A,过滤器 柴油泵,02,98 199 850 80,,01,燃油滤清器支架,K9PP119A70A.jpg
机械 Mécanique,发动机燃油系,K9PP119A70A,过滤器 柴油泵,04,96 768 055 80,,01,气－油过滤装置水检测器,K9PP119A70A.jpg
机械 Mécanique,发动机燃油系,K9PP119A70A,过滤器 柴油泵,06,98 202 263 80,,01,沉淀器滤芯,K9PP119A70A.jpg
机械 Mécanique,发动机燃油系,K9PP119G55A,发动机控制单元，传感器,01,16 384 274 80,,01,发动机电控单元,K9PP119G55A.jpg
机械 Mécanique,发动机燃油系,K9PP119G55A,发动机控制单元，传感器,02,98 129 835 80,,01,水温传感器,K9PP119G55A.jpg
机械 Mécanique,发动机燃油系,K9PP119G55A,发动机控制单元，传感器,03,98 086 747 80,,01,电子盒支架,K9PP119G55A.jpg
机械 Mécanique,发动机燃油系,K9PP119G55A,发动机控制单元，传感器,04,98 130 220 80,,01,水温传感器密封圈,K9PP119G55A.jpg
机械 Mécanique,发动机燃油系,K9PP119G55A,发动机控制单元，传感器,06,96 775 394 80,,01,转速传感器,K9PP119G55A.jpg
机械 Mécanique,发动机燃油系,K9PP119G55A,发动机控制单元，传感器,07,98 103 759 80,,01,凸轮轴位置传感器,K9PP119G55A.jpg
机械 Mécanique,发动机燃油系,K9PP119G55A,发动机控制单元，传感器,08,98 134 987 80,,01,柴油高压传感器,K9PP119G55A.jpg
机械 Mécanique,发动机燃油系,K9PP119G55A,发动机控制单元，传感器,10,96 770 930 80,,01,流量计,K9PP119G55A.jpg
机械 Mécanique,发动机燃油系,K9PP119G55A,发动机控制单元，传感器,11,98 421 179 80,,01,进气温度传感器,K9PP119G55A.jpg
机械 Mécanique,发动机燃油系,K9PP119G55A,发动机控制单元，传感器,16,0250 57,,01,(MUL) 凸缘螺栓,K9PP119G55A.jpg
机械 Mécanique,发动机燃油系,K9PP119G55A,发动机控制单元，传感器,70,96 784 550 80,,01,(MUL)六角头带垫圈螺栓,K9PP119G55A.jpg
机械 Mécanique,发动机燃油系,K9PP119G55A,发动机控制单元，传感器,71,16 115 673 80,,02,(MUL)凸缘螺母,K9PP119G55A.jpg
机械 Mécanique,发动机燃油系,K9PP119G55A,发动机控制单元，传感器,72,6935 A6,,04,(MUL)凸缘螺母,K9PP119G55A.jpg
机械 Mécanique,发动机燃油系,K9PP119G55A,发动机控制单元，传感器,73,98 087 754 80,,01,支撑夹,K9PP119G55A.jpg
机械 Mécanique,发动机燃油系,K9PP119G55A,发动机控制单元，传感器,74,1618 H2,,01,(MUL)电气线束卡扣,K9PP119G55A.jpg
机械 Mécanique,发动机燃油系,K9PP119G55A,发动机控制单元，传感器,76,6924 H2,,01,(MUL)金属用大圆头螺钉,K9PP119G55A.jpg
机械 Mécanique,发动机燃油系,K9PP119G99Z,发动机控制单元，传感器,70,6935 A6,,08,(MUL)凸缘螺母,K9PP119G99Z.jpg
机械 Mécanique,发动机燃油系,K9PP119G99Z,发动机控制单元，传感器,71,8401 TP,,01,带弹性垫片六角头螺栓,K9PP119G99Z.jpg
机械 Mécanique,离合器,K9PP220C45E,变矩器-离合器,01,98 277 468 80,,01,自动变速箱变矩器,K9PP220C45E.jpg
机械 Mécanique,离合器,K9PP220C45E,变矩器-离合器,02,2008 26,,06,变矩器固定螺栓,K9PP220C45E.jpg
机械 Mécanique,变速箱,K9PP222B45E,自动变速箱,01,98 279 622 80,,01,新自动变速箱,K9PP222B45E.jpg
机械 Mécanique,变速箱,K9PP222B45E,自动变速箱,02,16 350 560 80,,01,(MKT)润滑油,K9PP222B45E.jpg
机械 Mécanique,变速箱,K9PP222E35E,液力变矩器壳体,01,98 028 188 80,,01,变速箱壳螺柱,K9PP222E35E.jpg
机械 Mécanique,变速箱,K9PP222E35E,液力变矩器壳体,03,98 065 340 80,,01,自动变速箱机油液面溢流道,K9PP222E35E.jpg
机械 Mécanique,变速箱,K9PP222E35E,液力变矩器壳体,04,98 246 072 80,,01,自动变速箱壳体螺塞,K9PP222E35E.jpg
机械 Mécanique,变速箱,K9PP222E35E,液力变矩器壳体,05,98 246 071 80,,01,自动变速箱堵塞密封圈,K9PP222E35E.jpg
机械 Mécanique,变速箱,K9PP222E35E,液力变矩器壳体,06,98 246 073 80,,01,自动变速箱堵塞密封圈,K9PP222E35E.jpg
机械 Mécanique,变速箱,K9PP222E35E,液力变矩器壳体,07,2208 49,,01,自动变速箱CQC塞子,K9PP222E35E.jpg
机械 Mécanique,变速箱,K9PP222E35E,液力变矩器壳体,08,98 246 074 80,,01,变速箱堵盖密封垫,K9PP222E35E.jpg
机械 Mécanique,变速箱,K9PP222E35E,液力变矩器壳体,70,6936 E1,,01,(MUL)凸缘螺母,K9PP222E35E.jpg
机械 Mécanique,变速箱,K9PP222E35E,液力变矩器壳体,71,6925 V0,,10,(MUL) 凸缘螺栓,K9PP222E35E.jpg
机械 Mécanique,变速箱,K9PP222E57E,变速箱壳体和固定件,01,98 246 058 80,,01,自动变速箱机油分配器盖,K9PP222E57E.jpg
机械 Mécanique,变速箱,K9PP222E57E,变速箱壳体和固定件,02,98 246 059 80,,10,凸缘六角头螺栓,K9PP222E57E.jpg
机械 Mécanique,变速箱,K9PP222E57E,变速箱壳体和固定件,03,98 246 060 80,,01,自动变速箱盖板密封垫,K9PP222E57E.jpg
机械 Mécanique,变速箱,K9PP222E57E,变速箱壳体和固定件,04,98 277 476 80,,01,自动变速箱通风口,K9PP222E57E.jpg
机械 Mécanique,变速箱,K9PP222E65F,变速箱壳体和固定件,01,98 246 143 80,,10,螺钉－堵塞,K9PP222E65F.jpg
机械 Mécanique,变速箱,K9PP222E65F,变速箱壳体和固定件,02,98 246 073 80,,10,自动变速箱堵塞密封圈,K9PP222E65F.jpg
机械 Mécanique,变速箱,K9PP222G35E,自动变速箱的机油散热器-交换器,01,98 277 475 80,,01,自动变速箱油水热交换器,K9PP222G35E.jpg
机械 Mécanique,变速箱,K9PP222G35E,自动变速箱的机油散热器-交换器,02,98 065 339 80,,03,自动变速箱油水热交换器螺栓,K9PP222G35E.jpg
机械 Mécanique,变速箱,K9PP222G35E,自动变速箱的机油散热器-交换器,03,98 065 338 80,,02,自动变速箱油水热交换器密封垫,K9PP222G35E.jpg
机械 Mécanique,变速箱,K9PP223F03E,机油泵,01,98 277 470 80,RP 98 261 136 80,01/01,自动变速箱刃口密封垫,K9PP223F03E.jpg
机械 Mécanique,变速箱,K9PP223F03E,机油泵,02,98 261 137 80,,01,变速箱机油泵衬垫,K9PP223F03E.jpg
机械 Mécanique,变速箱,K9PP223F03E,机油泵,03,16 290 587 80,,01,变速箱机油泵衬垫,K9PP223F03E.jpg
机械 Mécanique,变速箱控制装置,K9PP224D05A,强制降档拉线,01,2575 25,,01,自动变速箱矩形密封垫,K9PP224D05A.jpg
机械 Mécanique,变速箱控制装置,K9PP224D56A,自动变速箱控制杆,01,98 093 147 ZD,,01,电子变速换挡控制器,K9PP224D56A.jpg
机械 Mécanique,变速箱控制装置,K9PP224D56A,自动变速箱控制杆,05,98 108 215 ZD,,01,自动变速箱开关,K9PP224D56A.jpg
机械 Mécanique,变速箱,K9PP225C05E,BVA液压单元,01,98 277 473 80,,01,自动变速箱液压块,K9PP225C05E.jpg
机械 Mécanique,变速箱,K9PP225C05E,BVA液压单元,02,2579 67,,10,变速箱壳凸缘螺栓,K9PP225C05E.jpg
机械 Mécanique,变速箱,K9PP225C35E,液压单元线束,01,98 277 474 80,,01,电气线束连接器,K9PP225C35E.jpg
机械 Mécanique,变速箱,K9PP225C35E,液压单元线束,02,98 065 336 80,,01,自动变速箱固定夹,K9PP225C35E.jpg
机械 Mécanique,变速箱,K9PP225C35E,液压单元线束,03,98 065 333 80,,01,自动变速箱O型密封圈,K9PP225C35E.jpg
机械 Mécanique,变速箱,K9PP225C35E,液压单元线束,04,98 261 142 80,,01,速度输入传感器,K9PP225C35E.jpg
机械 Mécanique,变速箱,K9PP225C35E,液压单元线束,06,98 261 144 80,,01,自动变速箱TORX方头螺钉,K9PP225C35E.jpg
机械 Mécanique,变速箱,K9PP225C35E,液压单元线束,07,98 065 335 80,,01,模块线束密封圈,K9PP225C35E.jpg
机械 Mécanique,变速箱,K9PP225C35E,液压单元线束,08,98 261 138 80,,02,模块线束密封圈,K9PP225C35E.jpg
机械 Mécanique,变速箱,K9PP225C35E,液压单元线束,09,98 261 139 80,,01,模块线束密封圈,K9PP225C35E.jpg
机械 Mécanique,变速箱,K9PP225C35E,液压单元线束,10,98 246 067 80,,01,止动器,K9PP225C35E.jpg
机械 Mécanique,变速箱,K9PP225C35E,液压单元线束,11,98 246 068 80,,01,凸缘六角头螺栓,K9PP225C35E.jpg
机械 Mécanique,变速箱,K9PP225C35E,液压单元线束,12,98 246 145 80,RP 98 069 176 80,01/01,凸缘六角头螺栓,K9PP225C35E.jpg
机械 Mécanique,变速箱,K9PP225C35E,液压单元线束,13,98 246 143 80,,01,螺钉－堵塞,K9PP225C35E.jpg
机械 Mécanique,变速箱,K9PP225C35E,液压单元线束,14,98 246 061 80,,01,自动变速箱液压模块电磁阀,K9PP225C35E.jpg
机械 Mécanique,变速箱,K9PP225C35E,液压单元线束,15,98 246 062 80,,01,自动变速箱六角头螺栓,K9PP225C35E.jpg
机械 Mécanique,变速箱,K9PP225C35E,液压单元线束,16,98 261 143 80,,01,速度输出传感器,K9PP225C35E.jpg
机械 Mécanique,变速箱,K9PP225C60E,电控盒,01,16 373 091 80,,01,自动变速箱电控单元,K9PP225C60E.jpg
机械 Mécanique,变速箱,K9PP225C60E,电控盒,02,6923 G6,,03,(MUL)六角头带垫圈螺栓,K9PP225C60E.jpg
机械 Mécanique,变速箱,K9PP225C60E,电控盒,03,6555 JJ,,01,继电器,K9PP225C60E.jpg
机械 Mécanique,变速箱,K9PP225C60E,电控盒,04,2210 73,,01,MUL RLX螺栓,K9PP225C60E.jpg
机械 Mécanique,变速箱,K9PP331A90E,前差速器,01,98 246 057 80,,01,自动变速箱刃口密封垫,K9PP331A90E.jpg
机械 Mécanique,变速箱,K9PP331A90E,前差速器,02,98 277 472 80,,01,自动变速箱刃口密封垫,K9PP331A90E.jpg
机械 Mécanique,传动,K9PP332E20A,驱动轴,01,98 156 363 80,,01,新传动轴,K9PP332E20A.jpg
机械 Mécanique,传动,K9PP332E20A,驱动轴,02,98 156 362 80,,01,新传动轴,K9PP332E20A.jpg
机械 Mécanique,传动,K9PP332E20A,驱动轴,03,3293 33,,01,传动轴护罩总成,K9PP332E20A.jpg
机械 Mécanique,传动,K9PP332E20A,驱动轴,04,16 113 291 80,,01,传动轴护罩总成,K9PP332E20A.jpg
机械 Mécanique,传动,K9PP332E20A,驱动轴,05,3247 03,,01,传动轴轴承,K9PP332E20A.jpg
机械 Mécanique,传动,K9PP332E20A,驱动轴,06,3248 08,,01,传动轴轴瓦,K9PP332E20A.jpg
机械 Mécanique,传动,K9PP332E20A,驱动轴,07,98 089 419 80,,01,轴承止推片,K9PP332E20A.jpg
机械 Mécanique,传动,K9PP332E20A,驱动轴,08,3252 04,,02,轴上的驱动轴固定螺钉,K9PP332E20A.jpg
机械 Mécanique,传动,K9PP332E20A,驱动轴,09,96 754 889 80,,01,前传动轴轴承,K9PP332E20A.jpg
机械 Mécanique,传动,K9PP332E20A,驱动轴,10,98 137 225 80,,02,(MUL) 自锁螺帽,K9PP332E20A.jpg
机械 Mécanique,传动,K9PP332E20A,驱动轴,12,98 448 074 80,,01,变速器吸震器,K9PP332E20A.jpg
机械 Mécanique,传动,K9PP332E20A,驱动轴,70,6913 V1,,02,(MUL)矮圆柱头内六花带垫圈螺栓,K9PP332E20A.jpg
机械 Mécanique,传动,K9PP332E20A,驱动轴,76,6922 G7,,02,(MUL)六角头带垫圈螺栓,K9PP332E20A.jpg
机械 Mécanique,传动,K9PP332E20A,驱动轴,78,6935 84,,02,(MUL) 自锁螺帽,K9PP332E20A.jpg
车身 Carrosserie,副车架,K9PP335A10A,前托架,01,98 088 125 80,,01,前托架,K9PP335A10A.jpg
车身 Carrosserie,副车架,K9PP335A10A,前托架,09,98 378 310 80,RP 98 531 115 80,02/01,(MUL)矮圆柱头内六花带垫圈螺栓,K9PP335A10A.jpg
机械 Mécanique,转向齿条,K9PP440A05A,转向机总成,01,16 547 307 80,,01,新电动转向机构,K9PP440A05A.jpg
机械 Mécanique,转向齿条,K9PP440A05A,转向机总成,03,96 741 951 80,,01,隔热板,K9PP440A05A.jpg
机械 Mécanique,转向齿条,K9PP440A05A,转向机总成,05,3622 71,,02,(MUL) 自锁螺帽,K9PP440A05A.jpg
机械 Mécanique,转向齿条,K9PP440A05A,转向机总成,70,4010 F7,,02,(MUL) 六角螺帽,K9PP440A05A.jpg
机械 Mécanique,转向齿条,K9PP440A05A,转向机总成,72,16 115 673 80,,03,(MUL)凸缘螺母,K9PP440A05A.jpg
机械 Mécanique,转向齿条,K9PP440D15A,转向机部件,01,16 488 367 80,,02,转向机连接杆组件,K9PP440D15A.jpg
机械 Mécanique,转向齿条,K9PP440D15A,转向机部件,03,16 108 175 80,,02,转向机护套组件,K9PP440D15A.jpg
机械 Mécanique,转向齿条,K9PP440D15A,转向机部件,05,16 425 476 80,RP 16 108 177 80,01/01,转向拉杆球销组件,K9PP440D15A.jpg
机械 Mécanique,转向齿条,K9PP440D15A,转向机部件,07,4010 F7,,02,(MUL) 六角螺帽,K9PP440D15A.jpg
机械 Mécanique,方向盘和方向盘控制装置,K9PP441A01A,方向盘盖 转向管柱护套,01,98 261 195 ZD,,01,方向盘,K9PP441A01A.jpg
机械 Mécanique,方向盘和方向盘控制装置,K9PP441A01A,方向盘盖 转向管柱护套,02,98 216 512 ZD,,01,转向柱半护罩,K9PP441A01A.jpg
机械 Mécanique,方向盘和方向盘控制装置,K9PP441A01A,方向盘盖 转向管柱护套,03,98 165 572 ZD,,01,转向柱半护罩,K9PP441A01A.jpg
机械 Mécanique,方向盘和方向盘控制装置,K9PP441A01A,方向盘盖 转向管柱护套,04,96 753 802 80,,02,MUL RLX螺栓,K9PP441A01A.jpg
机械 Mécanique,方向盘和方向盘控制装置,K9PP441A01A,方向盘盖 转向管柱护套,05,96 867 069 ZD,RP 8233 F4,01/01,控制器堵盖,K9PP441A01A.jpg
机械 Mécanique,方向盘和方向盘控制装置,K9PP441A01A,方向盘盖 转向管柱护套,06,98 209 978 ZD,,01,转向管柱护罩,K9PP441A01A.jpg
机械 Mécanique,方向盘和方向盘控制装置,K9PP441A01A,方向盘盖 转向管柱护套,08,98 087 817 ZD,,01,转向柱护罩堵盖,K9PP441A01A.jpg
机械 Mécanique,方向盘和方向盘控制装置,K9PP441A01A,方向盘盖 转向管柱护套,70,98 027 775 80,,01,方向盘螺钉,K9PP441A01A.jpg
机械 Mécanique,转向柱,K9PP441C05A,转向柱及支架,01,98 204 605 ZD,,01,转向柱,K9PP441C05A.jpg
机械 Mécanique,转向柱,K9PP441C05A,转向柱及支架,02,4105 62,,01,转向万向节螺栓,K9PP441C05A.jpg
机械 Mécanique,转向柱,K9PP441C05A,转向柱及支架,03,96 742 071 80,,01,转向柱密封罩,K9PP441C05A.jpg
机械 Mécanique,转向柱,K9PP441C05A,转向柱及支架,70,98 021 863 80,,02,带弹性垫片六角头螺栓,K9PP441C05A.jpg
机械 Mécanique,转向柱,K9PP441C05A,转向柱及支架,71,6939 C2,,01,(MUL) 自锁螺帽,K9PP441C05A.jpg
机械 Mécanique,转向柱,K9PP441C05A,转向柱及支架,72,6936 80,,02,(MUL)带垫圈螺母,K9PP441C05A.jpg
机械 Mécanique,防盗,K9PP441F01A,防盗点火锁,02,98 158 820 80,RP 98 451 483 80,01/01,电子防盗锁,K9PP441F01A.jpg
机械 Mécanique,防盗,K9PP441F01A,防盗点火锁,11,16 317 335 80,,01,一套车门锁,K9PP441F01A.jpg
机械 Mécanique,防盗,K9PP441F01A,防盗点火锁,70,6907 59,,01,(MUL)高圆柱头内六花凸缘螺栓,K9PP441F01A.jpg
机械 Mécanique,前制动器,K9PP442A05A,前制动盘 制动钳 刹车片,01,4249 K1,,02,通风式制动盘,K9PP442A05A.jpg
机械 Mécanique,前制动器,K9PP442A05A,前制动盘 制动钳 刹车片,02,16 231 620 80,,01,新制动卡钳液压缸,K9PP442A05A.jpg
机械 Mécanique,前制动器,K9PP442A05A,前制动盘 制动钳 刹车片,03,16 231 622 80,,02,制动卡钳支架,K9PP442A05A.jpg
机械 Mécanique,前制动器,K9PP442A05A,前制动盘 制动钳 刹车片,04,16 369 254 80,RP 16 781 684 80,01/01,前制动块组件,K9PP442A05A.jpg
机械 Mécanique,前制动器,K9PP442A05A,前制动盘 制动钳 刹车片,05,4448 92,,02,前制动活塞密封圈修理包,K9PP442A05A.jpg
机械 Mécanique,前制动器,K9PP442A05A,前制动盘 制动钳 刹车片,06,4439 33,RP 16 480 355 80,02/01,卡钳柱销修理包,K9PP442A05A.jpg
机械 Mécanique,前制动器,K9PP442A05A,前制动盘 制动钳 刹车片,07,98 047 408 80,RP 16 926 475 80,04/01,制动钳螺栓,K9PP442A05A.jpg
机械 Mécanique,前制动器,K9PP442A05A,前制动盘 制动钳 刹车片,08,4428 55,RP 98 345 406 80,02/01,制动卡钳排放螺栓,K9PP442A05A.jpg
机械 Mécanique,前制动器,K9PP442A05A,前制动盘 制动钳 刹车片,09,4430 18,RP 98 345 396 80,02/01,制动液排空螺钉盖,K9PP442A05A.jpg
机械 Mécanique,前制动器,K9PP442A05A,前制动盘 制动钳 刹车片,10,98 251 371 80,,02,夹片支承弹簧,K9PP442A05A.jpg
机械 Mécanique,前制动器,K9PP442A05A,前制动盘 制动钳 刹车片,11,4439 14,,02,卡钳柱销修理包,K9PP442A05A.jpg
机械 Mécanique,前制动器,K9PP442A05A,前制动盘 制动钳 刹车片,12,98 151 837 80,RP 98 497 729 80,01/01,前制动盘保护装置,K9PP442A05A.jpg
机械 Mécanique,前制动器,K9PP442A05A,前制动盘 制动钳 刹车片,70,6905 36,,04,(MUL) 埋头金属用螺钉,K9PP442A05A.jpg
机械 Mécanique,前制动器,K9PP442A05A,前制动盘 制动钳 刹车片,71,6923 C6,,08,(MUL)六角头带垫圈螺栓,K9PP442A05A.jpg
机械 Mécanique,后轮制动器,K9PP442E05A,后制动盘 制动钳 刹车片,01,16 095 828 80,,01,2件装后制动盘组件,K9PP442E05A.jpg
机械 Mécanique,后轮制动器,K9PP442E05A,后制动盘 制动钳 刹车片,02,16 090 006 80,,01,后制动块组件,K9PP442E05A.jpg
机械 Mécanique,后轮制动器,K9PP442E05A,后制动盘 制动钳 刹车片,03,98 154 112 80,,01,后刹车盘保护罩,K9PP442E05A.jpg
机械 Mécanique,后轮制动器,K9PP442E05A,后制动盘 制动钳 刹车片,04,16 089 988 80,,01,新制动卡钳液压缸,K9PP442E05A.jpg
机械 Mécanique,后轮制动器,K9PP442E05A,后制动盘 制动钳 刹车片,05,16 089 990 80,,01,制动卡钳支架,K9PP442E05A.jpg
机械 Mécanique,后轮制动器,K9PP442E05A,后制动盘 制动钳 刹车片,06,16 090 001 80,,02,卡钳柱销修理包,K9PP442E05A.jpg
机械 Mécanique,后轮制动器,K9PP442E05A,后制动盘 制动钳 刹车片,07,16 089 994 80,RP 16 483 221 80,02/01,带盖排放螺栓,K9PP442E05A.jpg
机械 Mécanique,后轮制动器,K9PP442E05A,后制动盘 制动钳 刹车片,08,98 002 207 80,,04,制动钳螺栓,K9PP442E05A.jpg
机械 Mécanique,后轮制动器,K9PP442E05A,后制动盘 制动钳 刹车片,09,16 175 355 80,,02,紧急制动钳电机,K9PP442E05A.jpg
机械 Mécanique,后轮制动器,K9PP442E05A,后制动盘 制动钳 刹车片,10,16 089 993 80,,02,制动钳电机固定套件,K9PP442E05A.jpg
机械 Mécanique,后轮制动器,K9PP442E05A,后制动盘 制动钳 刹车片,11,98 136 234 80,,01,制动钳支架,K9PP442E05A.jpg
机械 Mécanique,后轮制动器,K9PP442E05A,后制动盘 制动钳 刹车片,70,6905 36,,04,(MUL) 埋头金属用螺钉,K9PP442E05A.jpg
机械 Mécanique,后轮制动器,K9PP442E05A,后制动盘 制动钳 刹车片,71,6923 C6,,04,(MUL)六角头带垫圈螺栓,K9PP442E05A.jpg
机械 Mécanique,踏板支架,K9PP445A55A,制动踏板 驾驶员搁脚板总成 触点开关,01,98 241 399 80,,01,完整的踏板,K9PP445A55A.jpg
机械 Mécanique,踏板支架,K9PP445A55A,制动踏板 驾驶员搁脚板总成 触点开关,03,98 241 381 80,,01,制动踏板,K9PP445A55A.jpg
机械 Mécanique,踏板支架,K9PP445A55A,制动踏板 驾驶员搁脚板总成 触点开关,05,96 755 039 80,RP 98 248 039 80,01/01,踏板垫,K9PP445A55A.jpg
机械 Mécanique,踏板支架,K9PP445A55A,制动踏板 驾驶员搁脚板总成 触点开关,06,98 209 693 80,,01,踏板固定组件,K9PP445A55A.jpg
机械 Mécanique,踏板支架,K9PP445A55A,制动踏板 驾驶员搁脚板总成 触点开关,11,98 135 031 80,,01,驻车开关,K9PP445A55A.jpg
机械 Mécanique,踏板支架,K9PP445A55A,制动踏板 驾驶员搁脚板总成 触点开关,12,98 027 235 80,,01,双臂曲柄保护装置,K9PP445A55A.jpg
机械 Mécanique,踏板支架,K9PP445A55A,制动踏板 驾驶员搁脚板总成 触点开关,16,98 209 726 80,,01,制动助力器轴封,K9PP445A55A.jpg
机械 Mécanique,踏板支架,K9PP445A55A,制动踏板 驾驶员搁脚板总成 触点开关,70,4503 33,,09,(MUL)凸缘螺母,K9PP445A55A.jpg
机械 Mécanique,踏板支架,K9PP445A55A,制动踏板 驾驶员搁脚板总成 触点开关,71,6936 62,,03,(MUL)凸缘螺母,K9PP445A55A.jpg
机械 Mécanique,制动助力,K9PP445C01A,制动助力器接头,01,16 352 552 80,,01,制动助力器,K9PP445C01A.jpg
机械 Mécanique,制动助力,K9PP445C01A,制动助力器接头,02,16 121 968 80,,01,制动主缸密封垫,K9PP445C01A.jpg
机械 Mécanique,制动助力,K9PP445C01A,制动助力器接头,03,4576 05,RP 98 446 934 80,01/01,制动助力器阀门密封垫,K9PP445C01A.jpg
机械 Mécanique,制动助力,K9PP445C01A,制动助力器接头,04,16 122 286 80,RP 98 326 033 80,01/01,轴销,K9PP445C01A.jpg
机械 Mécanique,制动助力,K9PP445C01A,制动助力器接头,05,98 108 063 80,,01,制动压力传感器,K9PP445C01A.jpg
机械 Mécanique,制动助力,K9PP445C01A,制动助力器接头,06,98 130 950 80,,01,制动真空管接头,K9PP445C01A.jpg
机械 Mécanique,制动助力,K9PP445C01A,制动助力器接头,07,96 767 377 80,,01,制动真空管支架,K9PP445C01A.jpg
机械 Mécanique,制动助力,K9PP445C01A,制动助力器接头,08,16 736 047 80,,01,制动助力器密封垫,K9PP445C01A.jpg
机械 Mécanique,制动助力,K9PP445C01A,制动助力器接头,70,96 143 232 80,,01,燃油管支撑卡夹,K9PP445C01A.jpg
机械 Mécanique,制动助力,K9PP445C01A,制动助力器接头,71,4503 33,,01,(MUL)凸缘螺母,K9PP445C01A.jpg
机械 Mécanique,制动助力,K9PP445C01A,制动助力器接头,72,98 018 984 80,,02,管固定卡,K9PP445C01A.jpg
机械 Mécanique,制动助力,K9PP445E01A,真空泵,01,98 040 218 80,RP 98 501 095 80,01/01,机械真空泵,K9PP445E01A.jpg
机械 Mécanique,制动助力,K9PP445E01A,真空泵,02,4556 24,,01,真空泵密封垫组件,K9PP445E01A.jpg
机械 Mécanique,制动助力,K9PP445E01A,真空泵,03,0822 06,,01,六角凸缘自攻螺钉,K9PP445E01A.jpg
机械 Mécanique,制动助力,K9PP445E01A,真空泵,70,6925 N6,,03,(MUL) 凸缘螺栓,K9PP445E01A.jpg
机械 Mécanique,制动助力,K9PP445E12A,真空泵,01,98 040 218 80,RP 98 501 095 80,01/01,机械真空泵,K9PP445E12A.jpg
机械 Mécanique,制动助力,K9PP445E12A,真空泵,02,4556 24,,01,真空泵密封垫组件,K9PP445E12A.jpg
机械 Mécanique,制动助力,K9PP445E12A,真空泵,70,6925 N6,,03,(MUL) 凸缘螺栓,K9PP445E12A.jpg
机械 Mécanique,制动助力,K9PP445E12A,真空泵,71,0822 06,,01,六角凸缘自攻螺钉,K9PP445E12A.jpg
机械 Mécanique,ABS/ASR/ESP,K9PP445J02A,制动液压单元MOBIS 5.1 HSM ESP,01,65 031 714 80,,01,制动控制液压单元,K9PP445J02A.jpg
机械 Mécanique,ABS/ASR/ESP,K9PP445J02A,制动液压单元MOBIS 5.1 HSM ESP,02,98 572 805 80,,01,制动液压单元支架,K9PP445J02A.jpg
机械 Mécanique,ABS/ASR/ESP,K9PP445J02A,制动液压单元MOBIS 5.1 HSM ESP,70,98 021 863 80,,01,带弹性垫片六角头螺栓,K9PP445J02A.jpg
机械 Mécanique,ABS/ASR/ESP,K9PP445J10A,制动液压单元ESP BOSCH 9.3 HSM,01,16 540 780 80,,01,制动控制液压单元,K9PP445J10A.jpg
机械 Mécanique,ABS/ASR/ESP,K9PP445J10A,制动液压单元ESP BOSCH 9.3 HSM,02,98 189 022 80,,01,制动液压单元支架,K9PP445J10A.jpg
机械 Mécanique,ABS/ASR/ESP,K9PP445J10A,制动液压单元ESP BOSCH 9.3 HSM,70,98 021 863 80,,02,带弹性垫片六角头螺栓,K9PP445J10A.jpg
机械 Mécanique,ABS/ASR/ESP,K9PP445J10A,制动液压单元ESP BOSCH 9.3 HSM,80,6935 09,,02,(MUL)凸缘螺母,K9PP445J10A.jpg
机械 Mécanique,ABS/ASR/ESP,K9PP445J50A,速度传感器,01,98 107 282 80,,02,ABS车轮速度传感器,K9PP445J50A.jpg
机械 Mécanique,ABS/ASR/ESP,K9PP445J50A,速度传感器,02,98 109 610 80,,02,ABS车轮速度传感器,K9PP445J50A.jpg
机械 Mécanique,ABS/ASR/ESP,K9PP445J90A,牵引控制,01,96 784 282 ZD,,01,开关旋钮,K9PP445J90A.jpg
机械 Mécanique,ABS/ASR/ESP,K9PP445M01A,动态稳定性控制,01,96 784 282 ZD,,01,开关旋钮,K9PP445M01A.jpg
机械 Mécanique,制动总泵,K9PP446A01A,制动总泵储液罐,01,16 169 054 80,RP 16 380 514 80,01/01,制动主缸,K9PP446A01A.jpg
机械 Mécanique,制动总泵,K9PP446A01A,制动总泵储液罐,02,16 169 055 80,,01,制动液罐,K9PP446A01A.jpg
机械 Mécanique,制动总泵,K9PP446A01A,制动总泵储液罐,03,16 169 056 80,RP 98 446 840 80,01/01,制动液储液罐盖,K9PP446A01A.jpg
机械 Mécanique,制动总泵,K9PP446A01A,制动总泵储液罐,04,4576 05,RP 98 446 934 80,01/01,制动助力器阀门密封垫,K9PP446A01A.jpg
机械 Mécanique,制动总泵,K9PP446A01A,制动总泵储液罐,05,16 121 968 80,,01,制动主缸密封垫,K9PP446A01A.jpg
机械 Mécanique,制动总泵,K9PP446A01A,制动总泵储液罐,06,16 169 057 80,RP 98 448 670 80,01/01,制动液开关,K9PP446A01A.jpg
机械 Mécanique,制动总泵,K9PP446A01A,制动总泵储液罐,07,4654 20,RP 16 478 836 80,01/01,总泵密封垫修理包,K9PP446A01A.jpg
机械 Mécanique,制动总泵,K9PP446A01A,制动总泵储液罐,08,16 122 286 80,RP 98 326 033 80,01/01,轴销,K9PP446A01A.jpg
机械 Mécanique,制动总泵,K9PP446A01A,制动总泵储液罐,70,6936 35,,02,(MUL)凸缘螺母,K9PP446A01A.jpg
机械 Mécanique,驻车制动器,K9PP447A05A,手制动器,01,98 131 463 ZD,,01,第二制动控制器,K9PP447A05A.jpg
机械 Mécanique,驻车制动器,K9PP447A05A,手制动器,02,6988 52,,02,(MUL) 堵盖,K9PP447A05A.jpg
机械 Mécanique,驻车制动器,K9PP447A05A,手制动器,03,1579 X0,,02,堵塞,K9PP447A05A.jpg
机械 Mécanique,驻车制动器,K9PP447A05A,手制动器,60,98 136 779 80,,01,第二制动器使用标签,K9PP447A05A.jpg
机械 Mécanique,管路,K9PP448A50A,"制动管路, 选装ABS",01,98 113 783 80,,01,2个制动管总成,K9PP448A50A.jpg
机械 Mécanique,管路,K9PP448A50A,"制动管路, 选装ABS",03,98 282 037 80,,01,后制动软管,K9PP448A50A.jpg
机械 Mécanique,管路,K9PP448A50A,"制动管路, 选装ABS",04,98 082 575 80,,01,制动主缸连接管路,K9PP448A50A.jpg
机械 Mécanique,管路,K9PP448A50A,"制动管路, 选装ABS",05,98 150 796 80,,01,后制动管路带软管,K9PP448A50A.jpg
机械 Mécanique,管路,K9PP448A50A,"制动管路, 选装ABS",06,96 763 461 80,,01,前制动软管,K9PP448A50A.jpg
机械 Mécanique,管路,K9PP448A50A,"制动管路, 选装ABS",70,6936 19,RP 4503 43,02/01,(MUL)凸缘螺母,K9PP448A50A.jpg
机械 Mécanique,管路,K9PP448A50A,"制动管路, 选装ABS",73,98 021 863 80,,06,带弹性垫片六角头螺栓,K9PP448A50A.jpg
机械 Mécanique,管路,K9PP448A75A,制动管路固定件,01,4815 25,,01,管固定卡,K9PP448A75A.jpg
机械 Mécanique,管路,K9PP448A75A,制动管路固定件,02,16 113 855 80,,02,支撑夹,K9PP448A75A.jpg
机械 Mécanique,管路,K9PP448A75A,制动管路固定件,03,4814 Y6,,03,(MUL)卡扣,K9PP448A75A.jpg
机械 Mécanique,管路,K9PP448A75A,制动管路固定件,04,4815 35,,02,管固定卡,K9PP448A75A.jpg
机械 Mécanique,管路,K9PP448A75A,制动管路固定件,05,96 744 603 80,,05,管固定卡,K9PP448A75A.jpg
机械 Mécanique,管路,K9PP448A75A,制动管路固定件,06,96 745 187 80,,02,管固定卡,K9PP448A75A.jpg
机械 Mécanique,管路,K9PP448A75A,制动管路固定件,07,4815 36,,02,管固定卡,K9PP448A75A.jpg
机械 Mécanique,前弹簧,K9PP550A01A,前弹簧 前扭杆,01,98 211 130 80,,02,前悬挂弹簧,K9PP550A01A.jpg
机械 Mécanique,前弹簧,K9PP550A01A,前弹簧 前扭杆,02,98 004 797 80,,02,减震器支架,K9PP550A01A.jpg
机械 Mécanique,前弹簧,K9PP550A01A,前弹簧 前扭杆,03,96 745 506 80,,06,带弹性垫片六角头螺栓,K9PP550A01A.jpg
机械 Mécanique,前弹簧,K9PP550A01A,前弹簧 前扭杆,04,98 175 924 80,RP 98 055 720 80,02/01,前悬挂支撑座,K9PP550A01A.jpg
机械 Mécanique,前弹簧,K9PP550A01A,前弹簧 前扭杆,05,98 136 657 80,RP 98 311 454 80,02/01,前悬挂弹性限位块,K9PP550A01A.jpg
机械 Mécanique,前弹簧,K9PP550A01A,前弹簧 前扭杆,06,98 066 427 80,,02,前悬挂弹簧下支座,K9PP550A01A.jpg
机械 Mécanique,前弹簧,K9PP550A01A,前弹簧 前扭杆,07,96 787 491 80,,02,碗形座,K9PP550A01A.jpg
机械 Mécanique,前弹簧,K9PP550A01A,前弹簧 前扭杆,08,96 787 825 80,,02,减震器活塞杆保护罩,K9PP550A01A.jpg
机械 Mécanique,前弹簧,K9PP550A01A,前弹簧 前扭杆,09,5036 15,,02,(MUL) 六角螺帽,K9PP550A01A.jpg
机械 Mécanique,前轴,K9PP550B02A,前主销和轮毂-轮毂轴承,01,16 101 378 80,RP 16 478 574 80,01/01,前转向节,K9PP550B02A.jpg
机械 Mécanique,前轴,K9PP550B02A,前主销和轮毂-轮毂轴承,02,98 168 655 80,RP 98 463 295 80,01/01,前桥三角臂,K9PP550B02A.jpg
机械 Mécanique,前轴,K9PP550B02A,前主销和轮毂-轮毂轴承,03,96 703 676 80,,02,前轮毂,K9PP550B02A.jpg
机械 Mécanique,前轴,K9PP550B02A,前主销和轮毂-轮毂轴承,04,16 478 573 80,,02,前轮毂轴承总成,K9PP550B02A.jpg
机械 Mécanique,前轴,K9PP550B02A,前主销和轮毂-轮毂轴承,05,3345 35,,02,(MUL) 止动环,K9PP550B02A.jpg
机械 Mécanique,前轴,K9PP550B02A,前主销和轮毂-轮毂轴承,06,96 758 061 80,,02,前轮轴承保护罩,K9PP550B02A.jpg
机械 Mécanique,前轴,K9PP550B02A,前主销和轮毂-轮毂轴承,07,98 310 885 80,,02,前转向节球销,K9PP550B02A.jpg
机械 Mécanique,前轴,K9PP550B02A,前主销和轮毂-轮毂轴承,08,98 145 434 80,,04,前三角臂螺栓,K9PP550B02A.jpg
机械 Mécanique,前轴,K9PP550B02A,前主销和轮毂-轮毂轴承,09,98 092 711 80,,02,(MUL) 六角螺帽,K9PP550B02A.jpg
机械 Mécanique,前轴,K9PP550B02A,前主销和轮毂-轮毂轴承,10,98 006 218 80,,02,(MUL) 六角螺帽,K9PP550B02A.jpg
机械 Mécanique,前轴,K9PP550B02A,前主销和轮毂-轮毂轴承,11,98 007 517 80,,04,减震器螺栓,K9PP550B02A.jpg
机械 Mécanique,前轴,K9PP550B02A,前主销和轮毂-轮毂轴承,12,98 137 225 80,,02,(MUL) 自锁螺帽,K9PP550B02A.jpg
机械 Mécanique,前轴,K9PP550B02A,前主销和轮毂-轮毂轴承,13,5211 14,,04,减震器固定螺母,K9PP550B02A.jpg
机械 Mécanique,前轴,K9PP550B02A,前主销和轮毂-轮毂轴承,14,96 757 844 80,,06,(MUL) 螺帽,K9PP550B02A.jpg
机械 Mécanique,前轴,K9PP550B02A,前主销和轮毂-轮毂轴承,15,5132 A8,,04,(MUL) 六角螺帽,K9PP550B02A.jpg
机械 Mécanique,前轴,K9PP550B02A,前主销和轮毂-轮毂轴承,16,98 092 711 80,,02,(MUL) 六角螺帽,K9PP550B02A.jpg
机械 Mécanique,前横向稳定杆,K9PP550C01A,前横向稳定杆,01,98 274 034 80,RP 98 472 412 80,01/01,前横向稳定杆,K9PP550C01A.jpg
机械 Mécanique,前横向稳定杆,K9PP550C01A,前横向稳定杆,02,98 315 470 80,RP 98 442 647 80,02/01,横向稳定杆连杆,K9PP550C01A.jpg
机械 Mécanique,前横向稳定杆,K9PP550C01A,前横向稳定杆,03,98 168 174 80,RP 98 331 422 80,04/01,前稳定连杆螺栓,K9PP550C01A.jpg
机械 Mécanique,前横向稳定杆,K9PP550C01A,前横向稳定杆,04,4010 F7,,04,(MUL) 六角螺帽,K9PP550C01A.jpg
机械 Mécanique,前横向稳定杆,K9PP550C01A,前横向稳定杆,05,98 168 682 80,,04,横向稳定杆支架,K9PP550C01A.jpg
机械 Mécanique,后弹簧,K9PP551A01A,悬架梁 扭杆 弹簧,01,98 226 509 80,,01,后悬挂横梁,K9PP551A01A.jpg
机械 Mécanique,后弹簧,K9PP551A01A,悬架梁 扭杆 弹簧,02,98 136 342 80,,01,后悬臂铰接座,K9PP551A01A.jpg
机械 Mécanique,后弹簧,K9PP551A01A,悬架梁 扭杆 弹簧,03,5131 H1,,02,后横梁铰接,K9PP551A01A.jpg
机械 Mécanique,后弹簧,K9PP551A01A,悬架梁 扭杆 弹簧,04,98 245 336 80,,02,后悬挂弹簧,K9PP551A01A.jpg
机械 Mécanique,后弹簧,K9PP551A01A,悬架梁 扭杆 弹簧,05,98 203 437 80,RP 98 310 858 80,02/01,后弹簧下碗座,K9PP551A01A.jpg
机械 Mécanique,后弹簧,K9PP551A01A,悬架梁 扭杆 弹簧,06,98 349 331 80,,02,后减震限位器,K9PP551A01A.jpg
机械 Mécanique,后弹簧,K9PP551A01A,悬架梁 扭杆 弹簧,07,5154 15,,02,悬挂横梁堵塞,K9PP551A01A.jpg
机械 Mécanique,后弹簧,K9PP551A01A,悬架梁 扭杆 弹簧,08,5164 45,,02,柔性连接支撑,K9PP551A01A.jpg
机械 Mécanique,后弹簧,K9PP551A01A,悬架梁 扭杆 弹簧,09,5132 92,,02,(MUL) 凸缘螺栓,K9PP551A01A.jpg
机械 Mécanique,后弹簧,K9PP551A01A,悬架梁 扭杆 弹簧,10,5132 93,,02,(MUL) 凸缘螺栓,K9PP551A01A.jpg
机械 Mécanique,后弹簧,K9PP551A01A,悬架梁 扭杆 弹簧,11,5223 14,,02,(MUL) 凸缘螺栓,K9PP551A01A.jpg
机械 Mécanique,后弹簧,K9PP551A01A,悬架梁 扭杆 弹簧,12,5146 18,,02,后桥横梁保护板,K9PP551A01A.jpg
机械 Mécanique,后弹簧,K9PP551A01A,悬架梁 扭杆 弹簧,13,5154 17,,02,悬挂横梁堵塞,K9PP551A01A.jpg
机械 Mécanique,后弹簧,K9PP551A01A,悬架梁 扭杆 弹簧,14,5132 A8,,02,(MUL) 六角螺帽,K9PP551A01A.jpg
机械 Mécanique,后轴,K9PP551G01A,后摆臂,01,98 200 983 80,,02,车轮轮毂,K9PP551G01A.jpg
机械 Mécanique,后轴,K9PP551G01A,后摆臂,02,98 169 983 80,,08,固定螺栓,K9PP551G01A.jpg
机械 Mécanique,前减震器,K9PP552A01A,减振器,01,98 333 058 80,,02,前减震器,K9PP552A01A.jpg
机械 Mécanique,前减震器,K9PP552A01A,减振器,02,96 787 825 80,,02,减震器活塞杆保护罩,K9PP552A01A.jpg
机械 Mécanique,前减震器,K9PP552A01A,减振器,03,98 007 517 80,,04,减震器螺栓,K9PP552A01A.jpg
机械 Mécanique,前减震器,K9PP552A01A,减振器,70,5211 14,,04,减震器固定螺母,K9PP552A01A.jpg
机械 Mécanique,前减震器,K9PP552A01A,减振器,71,5036 15,,02,(MUL) 六角螺帽,K9PP552A01A.jpg
机械 Mécanique,后减震器,K9PP552C01A,后减振器,01,98 262 430 80,RP 98 262 431 80,02/01,后减震器,K9PP552C01A.jpg
机械 Mécanique,后减震器,K9PP552C01A,后减振器,70,3739 18,,02,(MUL) 自锁螺帽,K9PP552C01A.jpg
机械 Mécanique,后减震器,K9PP552C01A,后减振器,71,5132 91,,02,(MUL) 凸缘螺栓,K9PP552C01A.jpg
机械 Mécanique,后减震器,K9PP552C01A,后减振器,72,98 200 176 80,,04,(MUL) 螺帽,K9PP552C01A.jpg
机械 Mécanique,车轮,K9PP554A10A,车轮,02,98 169 632 XS,,04,轻合金车轮,K9PP554A10A.jpg
机械 Mécanique,车轮,K9PP554A10A,车轮,15,98 170 245 80,,16,车轮螺栓,K9PP554A10A.jpg
机械 Mécanique,车轮,K9PP554A10A,车轮,16,16 071 443 80,,01,防盗车轮拆卸扳手,K9PP554A10A.jpg
机械 Mécanique,车轮,K9PP554A10A,车轮,17,16 074 052 XT,,20,车轮螺栓罩盖,K9PP554A10A.jpg
机械 Mécanique,车轮,K9PP554A10A,车轮,20,5404 01,,05,车轮气门嘴,K9PP554A10A.jpg
机械 Mécanique,车轮,K9PP554A10A,车轮,21,5404 02,,05,车轮气门嘴盖,K9PP554A10A.jpg
机械 Mécanique,车轮,K9PP554A60A,车轮徽标盖,04,5421 89,,04,车轮中心装饰盖,K9PP554A60A.jpg
机械 Mécanique,车轮,K9PP554A85A,备用车轮和千斤顶组件,01,98 268 784 ZY,,01,附件组备胎,K9PP554A85A.jpg
机械 Mécanique,车轮,K9PP554A85A,备用车轮和千斤顶组件,05,98 139 330 80,,01,附件组备胎架,K9PP554A85A.jpg
机械 Mécanique,车轮,K9PP554A85A,备用车轮和千斤顶组件,10,16 770 967 80,,01,附件组备胎工具,K9PP554A85A.jpg
机械 Mécanique,车轮,K9PP554B10A,车轮平衡块,01,5435 K7,,01,车轮平衡块,K9PP554B10A.jpg
机械 Mécanique,车轮,K9PP554B10A,车轮平衡块,02,98 164 182 80,,01,车轮平衡块,K9PP554B10A.jpg
机械 Mécanique,轮胎,K9PP554D01A,轮胎,01,98 264 296 80,,04,夏季旅行轮胎,K9PP554D01A.jpg
电气 Électrique,蓄电池,K9PP556A01A,蓄电池 – 导线蓄电池,01,98 117 222 80,,01,12V蓄电池,K9PP556A01A.jpg
电气 Électrique,蓄电池,K9PP556A01A,蓄电池 – 导线蓄电池,02,98 172 304 80,,01,蓄电池槽,K9PP556A01A.jpg
电气 Électrique,蓄电池,K9PP556A01A,蓄电池 – 导线蓄电池,03,98 106 143 80,,01,蓄电池压板,K9PP556A01A.jpg
电气 Électrique,蓄电池,K9PP556A01A,蓄电池 – 导线蓄电池,04,98 195 848 80,,01,蓄电池压板,K9PP556A01A.jpg
电气 Électrique,蓄电池,K9PP556A01A,蓄电池 – 导线蓄电池,05,98 152 884 80,,01,蓄电池支架,K9PP556A01A.jpg
电气 Électrique,蓄电池,K9PP556A01A,蓄电池 – 导线蓄电池,06,98 174 582 80,,01,蓄电池排酸管,K9PP556A01A.jpg
电气 Électrique,蓄电池,K9PP556A01A,蓄电池 – 导线蓄电池,70,16 115 673 80,,01,(MUL)凸缘螺母,K9PP556A01A.jpg
电气 Électrique,蓄电池,K9PP556A01A,蓄电池 – 导线蓄电池,71,6925 W6,,01,(MUL) 凸缘螺栓,K9PP556A01A.jpg
电气 Électrique,蓄电池,K9PP556A01A,蓄电池 – 导线蓄电池,72,6922 H2,,01,(MUL)六角头带垫圈螺栓,K9PP556A01A.jpg
电气 Électrique,蓄电池,K9PP556A01A,蓄电池 – 导线蓄电池,73,98 227 501 80,,01,带底座六角攻丝螺钉,K9PP556A01A.jpg
电气 Électrique,蓄电池,K9PP556A01A,蓄电池 – 导线蓄电池,74,98 098 400 80,,01,螺丝,K9PP556A01A.jpg
电气 Électrique,蓄电池,K9PP556A01A,蓄电池 – 导线蓄电池,75,6936 E1,,01,(MUL)凸缘螺母,K9PP556A01A.jpg
电气 Électrique,蓄电池,K9PP556A10A,蓄电池 – 导线电缆,01,98 157 358 80,,01,蓄电池正极电缆,K9PP556A10A.jpg
电气 Électrique,蓄电池,K9PP556A10A,蓄电池 – 导线电缆,02,98 134 135 80,,01,蓄电池负极电缆,K9PP556A10A.jpg
电气 Électrique,蓄电池,K9PP556A10A,蓄电池 – 导线电缆,10,98 146 537 80,,01,蓄电池充电状态盒,K9PP556A10A.jpg
电气 Électrique,蓄电池,K9PP556A10A,蓄电池 – 导线电缆,35,98 178 395 80,,01,固定夹子,K9PP556A10A.jpg
电气 Électrique,蓄电池,K9PP556A10A,蓄电池 – 导线电缆,70,6588 H9,,01,(MUL)卡扣,K9PP556A10A.jpg
电气 Électrique,蓄电池,K9PP556A10A,蓄电池 – 导线电缆,71,98 087 754 80,,01,支撑夹,K9PP556A10A.jpg
电气 Électrique,蓄电池,K9PP556A10A,蓄电池 – 导线电缆,72,6991 T8,,01,(MUL)卡扣,K9PP556A10A.jpg
电气 Électrique,蓄电池,K9PP556A10A,蓄电池 – 导线电缆,80,6980 99,,01,(MUL) 扎带,K9PP556A10A.jpg
电气 Électrique,蓄电池,K9PP556A10A,蓄电池 – 导线电缆,81,6980 A3,,01,(MUL) 扎带,K9PP556A10A.jpg
电气 Électrique,蓄电池,K9PP556A10A,蓄电池 – 导线电缆,82,6990 59,,01,(MUL) 扎带,K9PP556A10A.jpg
电气 Électrique,蓄电池,K9PP556A10A,蓄电池 – 导线电缆,90,6936 39,,01,(MUL)凸缘螺母,K9PP556A10A.jpg
电气 Électrique,蓄电池,K9PP556A10A,蓄电池 – 导线电缆,91,16 115 673 80,,01,(MUL)凸缘螺母,K9PP556A10A.jpg
电气 Électrique,蓄电池,K9PP556A10A,蓄电池 – 导线电缆,92,4503 43,,01,(MUL)凸缘螺母,K9PP556A10A.jpg
电气 Électrique,蓄电池,K9PP556A10A,蓄电池 – 导线电缆,93,7238 ET,,01,(MUL)凸缘螺母,K9PP556A10A.jpg
电气 Électrique,蓄电池,K9PP556A10A,蓄电池 – 导线电缆,95,8401 TP,,01,带弹性垫片六角头螺栓,K9PP556A10A.jpg
电气 Électrique,蓄电池,K9PP556A10A,蓄电池 – 导线电缆,96,98 021 863 80,,01,带弹性垫片六角头螺栓,K9PP556A10A.jpg
电气 Électrique,蓄电池,K9PP556A10A,蓄电池 – 导线电缆,97,16 113 853 80,,01,(MUL) 凸缘螺栓,K9PP556A10A.jpg
电气 Électrique,蓄电池,K9PP556A10A,蓄电池 – 导线电缆,99,6925 91,,01,(MUL) 凸缘螺栓,K9PP556A10A.jpg
电气 Électrique,蓄电池,K9PP556A60A,蓄电池检查口,01,98 108 583 80,,01,电压保持装置,K9PP556A60A.jpg
电气 Électrique,蓄电池,K9PP556A60A,蓄电池检查口,02,98 078 961 80,,01,单元保护件,K9PP556A60A.jpg
电气 Électrique,蓄电池,K9PP556A60A,蓄电池检查口,03,98 138 335 80,,01,DMTR支架,K9PP556A60A.jpg
电气 Électrique,蓄电池,K9PP556A60A,蓄电池检查口,70,6922 H3,RP 6230 06,01/01,(MUL)六角头带垫圈螺栓,K9PP556A60A.jpg
电气 Électrique,蓄电池,K9PP556A60A,蓄电池检查口,71,16 115 673 80,,01,(MUL)凸缘螺母,K9PP556A60A.jpg
电气 Électrique,电流产生,K9PP557A60B,发电机和固定件,01,98 208 938 80,,01,新发电机,K9PP557A60B.jpg
电气 Électrique,电流产生,K9PP557A60B,发电机和固定件,02,98 086 966 80,,01,发电机支架,K9PP557A60B.jpg
电气 Électrique,电流产生,K9PP557A60B,发电机和固定件,03,98 235 984 80,,01,压缩机支架,K9PP557A60B.jpg
电气 Électrique,电流产生,K9PP557A60B,发电机和固定件,04,16 316 276 80,,01,动态张紧轮,K9PP557A60B.jpg
电气 Électrique,电流产生,K9PP557A60B,发电机和固定件,10,5703 A4,,01,发电机螺栓,K9PP557A60B.jpg
电气 Électrique,电流产生,K9PP557A60B,发电机和固定件,11,4503 43,,01,(MUL)凸缘螺母,K9PP557A60B.jpg
电气 Électrique,电流产生,K9PP557A60B,发电机和固定件,12,5733 75,,01,发电机护罩,K9PP557A60B.jpg
电气 Électrique,电流产生,K9PP557A60B,发电机和固定件,20,98 139 081 80,,01,附件皮带,K9PP557A60B.jpg
电气 Électrique,电流产生,K9PP557A60B,发电机和固定件,21,98 027 678 80,RP 98 120 705 80,01/01,护罩,K9PP557A60B.jpg
电气 Électrique,电流产生,K9PP557A60B,发电机和固定件,22,98 120 705 80,,01,发电机护罩,K9PP557A60B.jpg
电气 Électrique,电流产生,K9PP557A60B,发电机和固定件,50,16 316 277 80,,01,附件皮带及张紧轮组件,K9PP557A60B.jpg
电气 Électrique,电流产生,K9PP557A60B,发电机和固定件,70,16 227 495 80,,01,(MUL) 铆钉,K9PP557A60B.jpg
电气 Électrique,电流产生,K9PP557A60B,发电机和固定件,71,6923 95,,01,(MUL)六角头带垫圈螺栓,K9PP557A60B.jpg
电气 Électrique,电流产生,K9PP557A60B,发电机和固定件,72,98 025 585 80,,01,螺丝,K9PP557A60B.jpg
电气 Électrique,电流产生,K9PP557A60B,发电机和固定件,80,98 633 658 80,,02,螺母,K9PP557A60B.jpg
电气 Électrique,起动,K9PP558A60A,起动机和紧固件,01,98 252 330 80,RP 98 325 778 80,01/01,新起动机,K9PP558A60A.jpg
电气 Électrique,起动,K9PP558A60A,起动机和紧固件,70,6968 42,,01,(MUL) 销子,K9PP558A60A.jpg
电气 Électrique,起动,K9PP558A60A,起动机和紧固件,71,6913 E8,,02,(MUL) 十字固定螺钉,K9PP558A60A.jpg
电气 Électrique,起动,K9PP558A60A,起动机和紧固件,72,6936 39,,01,(MUL)凸缘螺母,K9PP558A60A.jpg
电气 Électrique,预热,K9PP559K55A,火花塞 – 预热控制盒,01,98 090 881 80,,04,预热塞,K9PP559K55A.jpg
电气 Électrique,预热,K9PP559K55A,火花塞 – 预热控制盒,02,98 147 931 80,,01,预加热火花塞插接杆,K9PP559K55A.jpg
电气 Électrique,预热,K9PP559K55A,火花塞 – 预热控制盒,03,98 024 459 80,,01,预热电控盒支架,K9PP559K55A.jpg
电气 Électrique,预热,K9PP559K55A,火花塞 – 预热控制盒,04,98 032 997 80,,01,预热塞电控盒,K9PP559K55A.jpg
电气 Électrique,预热,K9PP559K55A,火花塞 – 预热控制盒,70,6935 A6,,01,(MUL)凸缘螺母,K9PP559K55A.jpg
电气 Électrique,前部线束,K9PP660A01A,前线束连接维修工具包前面板区域,01,16 116 180 80,RP 16 813 702 80,01/01,连接修理套件,K9PP660A01A.jpg
电气 Électrique,前部线束,K9PP660A01A,前线束连接维修工具包前面板区域,02,16 116 194 80,RP 16 813 701 80,01/01,连接修理套件,K9PP660A01A.jpg
电气 Électrique,前部线束,K9PP660A01A,前线束连接维修工具包前面板区域,03,16 809 476 80,,01,连接修理套件,K9PP660A01A.jpg
电气 Électrique,前部线束,K9PP660A01A,前线束连接维修工具包前面板区域,04,16 809 480 80,,01,连接修理套件,K9PP660A01A.jpg
电气 Électrique,前部线束,K9PP660A01A,前线束连接维修工具包前面板区域,05,16 175 488 80,,01,连接修理套件,K9PP660A01A.jpg
电气 Électrique,前部线束,K9PP660A01A,前线束连接维修工具包前面板区域,06,16 809 473 80,,01,连接修理套件,K9PP660A01A.jpg
电气 Électrique,前部线束,K9PP660A01A,前线束连接维修工具包前面板区域,09,16 813 696 80,,01,连接修理套件,K9PP660A01A.jpg
电气 Électrique,后线束,K9PP660A62A,后线束连接维修工具包,01,16 116 187 80,,01,连接修理套件,K9PP660A62A.jpg
电气 Électrique,后线束,K9PP660A62A,后线束连接维修工具包,02,16 809 473 80,,01,连接修理套件,K9PP660A62A.jpg
电气 Électrique,后线束,K9PP660A62A,后线束连接维修工具包,03,16 062 487 80,,01,连接修理套件,K9PP660A62A.jpg
电气 Électrique,前部线束,K9PP660B01A,前部辅助线束,02,98 204 823 80,,01,障碍物探测线束,K9PP660B01A.jpg
电气 Électrique,前部线束,K9PP660B01A,前部辅助线束,70,8227 F0,,01,卡子,K9PP660B01A.jpg
电气 Électrique,前部线束,K9PP660B01A,前部辅助线束,80,6980 A3,,01,(MUL) 扎带,K9PP660B01A.jpg
电气 Électrique,前部线束,K9PP660B01A,前部辅助线束,81,96 863 307 80,,01,(MUL) 扎带,K9PP660B01A.jpg
电气 Électrique,前部线束,K9PP660C01A,发动机舱主线束捆绑带和夹子,01,98 036 697 80,,01,卡子,K9PP660C01A.jpg
电气 Électrique,前部线束,K9PP660C01A,发动机舱主线束捆绑带和夹子,02,98 114 925 80,,02,卡子,K9PP660C01A.jpg
电气 Électrique,前部线束,K9PP660C01A,发动机舱主线束捆绑带和夹子,03,1319 L8,,01,(MUL)卡扣,K9PP660C01A.jpg
电气 Électrique,前部线束,K9PP660C01A,发动机舱主线束捆绑带和夹子,04,8331 V8,,01,自粘紧衬垫,K9PP660C01A.jpg
电气 Électrique,前部线束,K9PP660C01A,发动机舱主线束捆绑带和夹子,05,6545 NP,,01,(MUL)卡扣,K9PP660C01A.jpg
电气 Électrique,前部线束,K9PP660C01A,发动机舱主线束捆绑带和夹子,06,6556 VE,,01,(MUL)卡扣,K9PP660C01A.jpg
电气 Électrique,前部线束,K9PP660C01A,发动机舱主线束捆绑带和夹子,07,6995 CW,,01,(MUL)卡扣,K9PP660C01A.jpg
电气 Électrique,前部线束,K9PP660C01A,发动机舱主线束捆绑带和夹子,08,8227 F0,,01,卡子,K9PP660C01A.jpg
电气 Électrique,前部线束,K9PP660C01A,发动机舱主线束捆绑带和夹子,09,98 087 754 80,,01,支撑夹,K9PP660C01A.jpg
电气 Électrique,前部线束,K9PP660C01A,发动机舱主线束捆绑带和夹子,10,1505 GF,,01,(MUL)卡扣,K9PP660C01A.jpg
电气 Électrique,前部线束,K9PP660C01A,发动机舱主线束捆绑带和夹子,11,1618 H2,,01,(MUL)电气线束卡扣,K9PP660C01A.jpg
电气 Électrique,前部线束,K9PP660C01A,发动机舱主线束捆绑带和夹子,50,6980 A1,,01,(MUL) 扎带,K9PP660C01A.jpg
电气 Électrique,前部线束,K9PP660C01A,发动机舱主线束捆绑带和夹子,51,16 192 343 80,,01,(MUL) 扎带,K9PP660C01A.jpg
电气 Électrique,前部线束,K9PP660C01A,发动机舱主线束捆绑带和夹子,52,6980 99,,01,(MUL) 扎带,K9PP660C01A.jpg
电气 Électrique,前部线束,K9PP660C01A,发动机舱主线束捆绑带和夹子,53,6980 A3,,01,(MUL) 扎带,K9PP660C01A.jpg
电气 Électrique,前部线束,K9PP660C01A,发动机舱主线束捆绑带和夹子,54,7588 E8,,01,(MUL) 扎带,K9PP660C01A.jpg
电气 Électrique,前部线束,K9PP660C01A,发动机舱主线束捆绑带和夹子,55,7588 E8,,01,(MUL) 扎带,K9PP660C01A.jpg
电气 Électrique,前部线束,K9PP660C01A,发动机舱主线束捆绑带和夹子,56,16 119 828 80,,01,(MUL) 扎带,K9PP660C01A.jpg
电气 Électrique,前部线束,K9PP660C01A,发动机舱主线束捆绑带和夹子,57,6545 NT,,01,(MUL) 扎带,K9PP660C01A.jpg
电气 Électrique,前部线束,K9PP660C01A,发动机舱主线束捆绑带和夹子,58,6980 A7,,01,(MUL) 扎带,K9PP660C01A.jpg
电气 Électrique,前部线束,K9PP660C01A,发动机舱主线束捆绑带和夹子,72,98 213 976 80,,01,支撑夹,K9PP660C01A.jpg
电气 Électrique,前部线束,K9PP660C05A,发动机舱主线束,01,16 377 547 80,,01,主线束,K9PP660C05A.jpg
电气 Électrique,前部线束,K9PP660C05A,发动机舱主线束,10,98 280 460 80,,01,主线束附加线束,K9PP660C05A.jpg
电气 Électrique,前部线束,K9PP660C05A,发动机舱主线束,11,98 280 457 80,,01,主线束附加线束,K9PP660C05A.jpg
电气 Électrique,前部线束,K9PP660C05A,发动机舱主线束,12,98 256 062 80,,01,主线束附加线束,K9PP660C05A.jpg
电气 Électrique,前部线束,K9PP660C05A,发动机舱主线束,13,98 256 066 80,,01,主线束附加线束,K9PP660C05A.jpg
电气 Électrique,前部线束,K9PP660C05A,发动机舱主线束,15,98 282 008 80,,01,前风挡雨刮线束,K9PP660C05A.jpg
电气 Électrique,前部线束,K9PP660C05A,发动机舱主线束,20,98 262 622 80,,01,自动变速箱 ECU 线束,K9PP660C05A.jpg
电气 Électrique,前部线束,K9PP660C05A,发动机舱主线束,25,98 071 585 80,,01,传感器线束,K9PP660C05A.jpg
电气 Électrique,前部线束,K9PP660C05A,发动机舱主线束,30,98 044 063 80,,01,主线束槽,K9PP660C05A.jpg
电气 Électrique,前部线束,K9PP660C05A,发动机舱主线束,35,98 044 062 80,,01,线束保护盖,K9PP660C05A.jpg
电气 Électrique,前部线束,K9PP660C05A,发动机舱主线束,40,98 243 857 80,,01,补充线束支架,K9PP660C05A.jpg
电气 Électrique,前部线束,K9PP660C05A,发动机舱主线束,45,98 117 863 80,,01,电线束支架,K9PP660C05A.jpg
电气 Électrique,前部线束,K9PP660C05A,发动机舱主线束,50,6545 WQ,,01,管套,K9PP660C05A.jpg
电气 Électrique,前部线束,K9PP660C05A,发动机舱主线束,60,96 752 886 80,,01,柴油水探测器占位堵盖,K9PP660C05A.jpg
电气 Électrique,前部线束,K9PP660C05A,发动机舱主线束,90,98 012 722 80,RP 98 355 739 80,01/01,接地螺母,K9PP660C05A.jpg
电气 Électrique,前部线束,K9PP660C05A,发动机舱主线束,91,98 051 516 80,,01,防转端子,K9PP660C05A.jpg
电气 Électrique,前部线束,K9PP660C05A,发动机舱主线束,94,96 855 675 80,,01,插接器,K9PP660C05A.jpg
电气 Électrique,前部线束,K9PP660C05A,发动机舱主线束,95,6925 F9,,01,MUL 大的内六角花形半圆头螺钉,K9PP660C05A.jpg
电气 Électrique,前部线束,K9PP660C05A,发动机舱主线束,96,16 103 321 80,,01,螺丝,K9PP660C05A.jpg
电气 Électrique,前部线束,K9PP660C05A,发动机舱主线束,98,16 115 673 80,,01,(MUL)凸缘螺母,K9PP660C05A.jpg
电气 Électrique,前部线束,K9PP660C05A,发动机舱主线束,99,4503 43,,01,(MUL)凸缘螺母,K9PP660C05A.jpg
电气 Électrique,前部线束,K9PP660D60A,发动机线束,01,98 219 632 80,,01,发动机线束,K9PP660D60A.jpg
电气 Électrique,前部线束,K9PP660D60A,发动机线束,20,98 110 441 80,,01,线束槽,K9PP660D60A.jpg
电气 Électrique,前部线束,K9PP660D60A,发动机线束,25,98 110 439 80,,01,线束槽,K9PP660D60A.jpg
电气 Électrique,前部线束,K9PP660D60A,发动机线束,30,96 773 399 80,,01,线束固定卡,K9PP660D60A.jpg
电气 Électrique,前部线束,K9PP660D60A,发动机线束,35,98 010 158 80,,01,发动机线束支架,K9PP660D60A.jpg
电气 Électrique,前部线束,K9PP660D60A,发动机线束,40,98 016 463 80,,01,发动机线束支架,K9PP660D60A.jpg
电气 Électrique,前部线束,K9PP660D60A,发动机线束,70,98 087 754 80,,01,支撑夹,K9PP660D60A.jpg
电气 Électrique,前部线束,K9PP660D60A,发动机线束,80,7588 E8,,01,(MUL) 扎带,K9PP660D60A.jpg
电气 Électrique,前部线束,K9PP660D60A,发动机线束,81,6980 99,,01,(MUL) 扎带,K9PP660D60A.jpg
电气 Électrique,前部线束,K9PP660D60A,发动机线束,82,6980 A3,,01,(MUL) 扎带,K9PP660D60A.jpg
电气 Électrique,前部线束,K9PP660D60A,发动机线束,83,16 119 828 80,,01,(MUL) 扎带,K9PP660D60A.jpg
电气 Électrique,前部线束,K9PP660D60A,发动机线束,84,96 643 608 80,,01,(MUL) 扎带,K9PP660D60A.jpg
电气 Électrique,前部线束,K9PP660D60A,发动机线束,85,6980 A1,,01,(MUL) 扎带,K9PP660D60A.jpg
电气 Électrique,前部线束,K9PP660D60A,发动机线束,90,79 03 301 235,,01,带弹性垫片六角头螺栓,K9PP660D60A.jpg
电气 Électrique,前部线束,K9PP660D60A,发动机线束,91,6925 W6,,01,(MUL) 凸缘螺栓,K9PP660D60A.jpg
电气 Électrique,中央线束,K9PP660L05A,仪表台线束,01,16 377 549 80,,01,仪表板线束,K9PP660L05A.jpg
电气 Électrique,中央线束,K9PP660L05A,仪表台线束,10,98 283 127 80,,01,安全气囊线束,K9PP660L05A.jpg
电气 Électrique,中央线束,K9PP660L05A,仪表台线束,40,98 117 863 80,,01,电线束支架,K9PP660L05A.jpg
电气 Électrique,中央线束,K9PP660L05A,仪表台线束,50,8719 78,,01,粘性泡沫,K9PP660L05A.jpg
电气 Électrique,中央线束,K9PP660L05A,仪表台线束,70,6545 NP,,01,(MUL)卡扣,K9PP660L05A.jpg
电气 Électrique,中央线束,K9PP660L05A,仪表台线束,80,7588 E8,,01,(MUL) 扎带,K9PP660L05A.jpg
电气 Électrique,中央线束,K9PP660L05A,仪表台线束,81,6980 A1,,01,(MUL) 扎带,K9PP660L05A.jpg
电气 Électrique,中央线束,K9PP660L05A,仪表台线束,82,6980 A3,,01,(MUL) 扎带,K9PP660L05A.jpg
电气 Électrique,中央线束,K9PP660L05A,仪表台线束,83,16 119 828 80,,01,(MUL) 扎带,K9PP660L05A.jpg
电气 Électrique,中央线束,K9PP660L05A,仪表台线束,84,6990 59,,01,(MUL) 扎带,K9PP660L05A.jpg
电气 Électrique,中央线束,K9PP660L05A,仪表台线束,85,6545 R2,,01,(MUL) 扎带,K9PP660L05A.jpg
电气 Électrique,中央线束,K9PP660L05A,仪表台线束,86,6980 99,,01,(MUL) 扎带,K9PP660L05A.jpg
电气 Électrique,中央线束,K9PP660L05A,仪表台线束,91,98 051 516 80,,01,防转端子,K9PP660L05A.jpg
电气 Électrique,中央线束,K9PP660L60A,控制台线束,01,98 283 818 80,,01,副仪表板线束,K9PP660L60A.jpg
电气 Électrique,中央线束,K9PP660L60A,控制台线束,70,6545 NP,,01,(MUL)卡扣,K9PP660L60A.jpg
电气 Électrique,中央线束,K9PP660L60A,控制台线束,80,6980 A3,,01,(MUL) 扎带,K9PP660L60A.jpg
电气 Électrique,中央线束,K9PP660L60A,控制台线束,90,6541 F8,,01,连接器锁止件,K9PP660L60A.jpg
电气 Électrique,中央线束,K9PP660M01A,暖风和空调线束,02,96 755 935 80,,01,空调线束,K9PP660M01A.jpg
电气 Électrique,中央线束,K9PP660P01A,中央车顶线束,01,98 279 290 80,,01,顶灯线束,K9PP660P01A.jpg
电气 Électrique,中央线束,K9PP660P01A,中央车顶线束,70,6545 NP,,01,(MUL)卡扣,K9PP660P01A.jpg
电气 Électrique,中央线束,K9PP660P01A,中央车顶线束,71,98 087 754 80,,01,支撑夹,K9PP660P01A.jpg
电气 Électrique,中央线束,K9PP660Q01B,安全带和座椅线束驾驶员侧,05,8904 TV,,01,加热膜片延时器,K9PP660Q01B.jpg
电气 Électrique,中央线束,K9PP660Q05B,安全带和座椅线束乘客侧,01,98 267 707 80,RP 98 267 705 80,01/01,座椅线束,K9PP660Q05B.jpg
电气 Électrique,中央线束,K9PP660Q05B,安全带和座椅线束乘客侧,05,8904 TV,,01,加热膜片延时器,K9PP660Q05B.jpg
电气 Électrique,中央线束,K9PP660Q05B,安全带和座椅线束乘客侧,13,98 266 137 80,,01,乘客检测片,K9PP660Q05B.jpg
电气 Électrique,中央线束,K9PP660R30A,后侧门线束,01,98 280 290 80,,01,后门线束,K9PP660R30A.jpg
电气 Électrique,中央线束,K9PP660R30A,后侧门线束,02,98 280 299 80,,01,后门线束,K9PP660R30A.jpg
电气 Électrique,中央线束,K9PP660R30A,后侧门线束,40,6439 H6,,01,管套,K9PP660R30A.jpg
电气 Électrique,中央线束,K9PP660R30A,后侧门线束,45,6538 91,,01,后线束护套通道,K9PP660R30A.jpg
电气 Électrique,中央线束,K9PP660R30A,后侧门线束,60,7518 J4,,01,(MUL) 堵盖,K9PP660R30A.jpg
电气 Électrique,中央线束,K9PP660R30A,后侧门线束,70,8227 F0,,01,卡子,K9PP660R30A.jpg
电气 Électrique,中央线束,K9PP660R30A,后侧门线束,71,6596 CY,,01,(MUL)卡扣,K9PP660R30A.jpg
电气 Électrique,中央线束,K9PP660R30A,后侧门线束,72,6545 NP,,01,(MUL)卡扣,K9PP660R30A.jpg
电气 Électrique,中央线束,K9PP660R30A,后侧门线束,80,6980 A1,,01,(MUL) 扎带,K9PP660R30A.jpg
电气 Électrique,中央线束,K9PP660R30A,后侧门线束,81,6980 99,,01,(MUL) 扎带,K9PP660R30A.jpg
电气 Électrique,中央线束,K9PP660R30A,后侧门线束,82,6980 A3,,01,(MUL) 扎带,K9PP660R30A.jpg
电气 Électrique,中央线束,K9PP660R30A,后侧门线束,90,7221 49,,01,螺钉,K9PP660R30A.jpg
电气 Électrique,后线束,K9PP660T30A,油箱线束,02,98 279 663 80,,01,燃油表线束,K9PP660T30A.jpg
电气 Électrique,后线束,K9PP660T30A,油箱线束,70,8227 F0,,01,卡子,K9PP660T30A.jpg
电气 Électrique,后线束,K9PP660T30A,油箱线束,71,98 087 754 80,,01,支撑夹,K9PP660T30A.jpg
电气 Électrique,后线束,K9PP660T30A,油箱线束,80,6980 99,,01,(MUL) 扎带,K9PP660T30A.jpg
电气 Électrique,后线束,K9PP660T30A,油箱线束,81,6980 A3,,01,(MUL) 扎带,K9PP660T30A.jpg
电气 Électrique,后线束,K9PP660T30A,油箱线束,82,16 119 828 80,,01,(MUL) 扎带,K9PP660T30A.jpg
电气 Électrique,后线束,K9PP660T30A,油箱线束,83,6545 NT,,01,(MUL) 扎带,K9PP660T30A.jpg
电气 Électrique,中央线束,K9PP660T55A,座舱中间线束,01,16 377 548 80,,01,座舱线束,K9PP660T55A.jpg
电气 Électrique,中央线束,K9PP660T55A,座舱中间线束,30,98 076 980 80,,01,座舱线束槽,K9PP660T55A.jpg
电气 Électrique,中央线束,K9PP660T55A,座舱中间线束,40,98 118 094 80,,01,电线束支架,K9PP660T55A.jpg
电气 Électrique,中央线束,K9PP660T55A,座舱中间线束,50,6545 NW,,01,(MUL)穿线管套,K9PP660T55A.jpg
电气 Électrique,中央线束,K9PP660T55A,座舱中间线束,60,98 051 516 80,,01,防转端子,K9PP660T55A.jpg
电气 Électrique,中央线束,K9PP660T55A,座舱中间线束,70,6995 H3,,01,(MUL)电气线束卡扣,K9PP660T55A.jpg
电气 Électrique,中央线束,K9PP660T55A,座舱中间线束,71,6561 XV,,01,卡子,K9PP660T55A.jpg
电气 Électrique,中央线束,K9PP660T55A,座舱中间线束,72,98 087 754 80,,01,支撑夹,K9PP660T55A.jpg
电气 Électrique,中央线束,K9PP660T55A,座舱中间线束,73,6596 CY,,01,(MUL)卡扣,K9PP660T55A.jpg
电气 Électrique,中央线束,K9PP660T55A,座舱中间线束,80,7588 E8,,01,(MUL) 扎带,K9PP660T55A.jpg
电气 Électrique,中央线束,K9PP660T55A,座舱中间线束,81,6980 A7,,01,(MUL) 扎带,K9PP660T55A.jpg
电气 Électrique,中央线束,K9PP660T55A,座舱中间线束,82,6990 E8,,01,(MUL) 扎带,K9PP660T55A.jpg
电气 Électrique,中央线束,K9PP660T55A,座舱中间线束,83,6980 99,,01,(MUL) 扎带,K9PP660T55A.jpg
电气 Électrique,中央线束,K9PP660T55A,座舱中间线束,84,6980 A3,,01,(MUL) 扎带,K9PP660T55A.jpg
电气 Électrique,中央线束,K9PP660T55A,座舱中间线束,85,6545 NT,,01,(MUL) 扎带,K9PP660T55A.jpg
电气 Électrique,中央线束,K9PP660T55A,座舱中间线束,86,16 192 343 80,,01,(MUL) 扎带,K9PP660T55A.jpg
电气 Électrique,中央线束,K9PP660T55A,座舱中间线束,90,7467 Y0,,01,粘性贴膜,K9PP660T55A.jpg
电气 Électrique,中央线束,K9PP660T55A,座舱中间线束,91,98 068 910 80,,01,螺母,K9PP660T55A.jpg
电气 Électrique,后线束,K9PP660V01A,后部线束,01,98 280 355 80,,01,障碍物探测线束,K9PP660V01A.jpg
电气 Électrique,后线束,K9PP660V01A,后部线束,70,8227 F0,,01,卡子,K9PP660V01A.jpg
电气 Électrique,后线束,K9PP660V01A,后部线束,80,16 119 828 80,,01,(MUL) 扎带,K9PP660V01A.jpg
电气 Électrique,后线束,K9PP660V30A,尾部线束,01,98 280 355 80,,01,障碍物探测线束,K9PP660V30A.jpg
电气 Électrique,后线束,K9PP660V30A,尾部线束,70,8227 F0,,01,卡子,K9PP660V30A.jpg
电气 Électrique,后线束,K9PP660V30A,尾部线束,80,16 119 828 80,,01,(MUL) 扎带,K9PP660V30A.jpg
电气 Électrique,后线束,K9PP660V35A,尾部线束,01,98 281 780 80,,01,尾门线束,K9PP660V35A.jpg
电气 Électrique,后线束,K9PP660V35A,尾部线束,20,5638 TG,,01,护套,K9PP660V35A.jpg
电气 Électrique,后线束,K9PP660V35A,尾部线束,30,6545 54,,01,活动元件线束套管通道,K9PP660V35A.jpg
电气 Électrique,后线束,K9PP660V35A,尾部线束,70,98 087 754 80,,01,支撑夹,K9PP660V35A.jpg
电气 Électrique,后线束,K9PP660V35A,尾部线束,71,6556 VE,,01,(MUL)卡扣,K9PP660V35A.jpg
电气 Électrique,后线束,K9PP660V35A,尾部线束,80,6980 99,,01,(MUL) 扎带,K9PP660V35A.jpg
电气 Électrique,后线束,K9PP660V35A,尾部线束,81,6980 A3,,01,(MUL) 扎带,K9PP660V35A.jpg
装备 Équipement,组合仪表,K9PP661A01A,组合仪表总成,01,98 175 997 80,RP 98 309 516 80,01/01,仪表板组合仪表,K9PP661A01A.jpg
电气 Électrique,显示系统,K9PP661C70A,旅行信息控制器-显示器多功能显示屏,15,98 252 053 80,RP 98 486 930 80,01/01,安全带扣紧指示器,K9PP661C70A.jpg
电气 Électrique,显示系统,K9PP661C70A,旅行信息控制器-显示器多功能显示屏,60,98 284 220 80,RP 98 304 264 80,01/01,多功能视频显示器,K9PP661C70A.jpg
电气 Électrique,显示系统,K9PP661C70A,旅行信息控制器-显示器多功能显示屏,61,98 252 074 80,RP 98 270 310 80,01/01,多功能显示屏线束,K9PP661C70A.jpg
电气 Électrique,显示系统,K9PP661C70A,旅行信息控制器-显示器多功能显示屏,70,96 753 802 80,,02,MUL RLX螺栓,K9PP661C70A.jpg
电气 Électrique,显示系统,K9PP661C70B,旅行信息控制器-显示器多功能控制面板,02,98 162 661 ZD,RP 98 345 773 ZD,01/01,TELEMATIQUE收放机开关,K9PP661C70B.jpg
电气 Électrique,显示系统,K9PP661C70B,旅行信息控制器-显示器多功能控制面板,03,98 075 402 ZD,RP 98 340 419 ZD,01/01,多功能控制面板,K9PP661C70B.jpg
电气 Électrique,显示系统,K9PP661C70B,旅行信息控制器-显示器多功能控制面板,70,96 753 802 80,,02,MUL RLX螺栓,K9PP661C70B.jpg
电气 Électrique,显示系统,K9PP661C70B,旅行信息控制器-显示器多功能控制面板,71,96 753 802 80,,02,MUL RLX螺栓,K9PP661C70B.jpg
电气 Électrique,显示系统,K9PP661C80B,交通辅助多功能控制面板,03,98 075 402 ZD,RP 98 340 419 ZD,01/01,多功能控制面板,K9PP661C80B.jpg
电气 Électrique,显示系统,K9PP661C80B,交通辅助多功能控制面板,70,96 753 802 80,,02,MUL RLX螺栓,K9PP661C80B.jpg
装备 Équipement,车外灯,K9PP662A01A,前大灯 – 灯罩 - 灯泡,02,98 168 266 80,,01,前大灯总成,K9PP662A01A.jpg
装备 Équipement,车外灯,K9PP662A01A,前大灯 – 灯罩 - 灯泡,10,6216 E9,,02,灯泡,K9PP662A01A.jpg
装备 Équipement,车外灯,K9PP662A01A,前大灯 – 灯罩 - 灯泡,11,98 282 230 80,,02,大灯灯座,K9PP662A01A.jpg
装备 Équipement,车外灯,K9PP662A01A,前大灯 – 灯罩 - 灯泡,12,6216 A0,,02,灯泡,K9PP662A01A.jpg
装备 Équipement,车外灯,K9PP662A01A,前大灯 – 灯罩 - 灯泡,13,98 281 181 80,,02,大灯灯座,K9PP662A01A.jpg
装备 Équipement,车外灯,K9PP662A01A,前大灯 – 灯罩 - 灯泡,14,6216 98,,02,前大灯灯泡,K9PP662A01A.jpg
装备 Équipement,车外灯,K9PP662A01A,前大灯 – 灯罩 - 灯泡,15,6216 97,,02,前大灯灯泡,K9PP662A01A.jpg
装备 Équipement,车外灯,K9PP662A01A,前大灯 – 灯罩 - 灯泡,20,6203 A9,,04,前大灯灯泡盖,K9PP662A01A.jpg
装备 Équipement,车外灯,K9PP662A01A,前大灯 – 灯罩 - 灯泡,40,98 241 992 80,,01,前照灯接线片修理组件,K9PP662A01A.jpg
装备 Équipement,车外灯,K9PP662A01A,前大灯 – 灯罩 - 灯泡,70,6230 06,,06,(MUL)六角头带垫圈螺栓,K9PP662A01A.jpg
装备 Équipement,车外灯,K9PP662A50A,辅助大灯 – 套件,01,96 709 552 80,,02,前雾灯,K9PP662A50A.jpg
装备 Équipement,车外灯,K9PP662A50A,辅助大灯 – 套件,10,6216 A3,,02,前大灯灯泡,K9PP662A50A.jpg
装备 Équipement,车外灯,K9PP662A50A,辅助大灯 – 套件,70,6924 J0,,08,MUL 带固定平垫圈的大内六角花形半圆头的螺钉,K9PP662A50A.jpg
装备 Équipement,车外灯,K9PP662B01A,前大灯调整器,01,98 125 550 ZD,,01,大灯调节器发射器,K9PP662B01A.jpg
装备 Équipement,信号,K9PP662E01A,喇叭 / 压缩机,01,98 278 991 80,RP 98 588 328 80,01/01,喇叭,K9PP662E01A.jpg
装备 Équipement,信号,K9PP662E01A,喇叭 / 压缩机,20,6935 09,,01,(MUL)凸缘螺母,K9PP662E01A.jpg
机械 Mécanique,方向盘和方向盘控制装置,K9PP662G01A,方向盘下组合开关,01,98 262 596 ZD,RP 98 312 569 ZD,01/01,多功能控制单元,K9PP662G01A.jpg
机械 Mécanique,方向盘和方向盘控制装置,K9PP662G01A,方向盘下组合开关,05,96 756 731 ZD,,01,BVMP变速箱控制开关,K9PP662G01A.jpg
机械 Mécanique,方向盘和方向盘控制装置,K9PP662G01A,方向盘下组合开关,06,98 035 106 ZD,,01,速度调节开关,K9PP662G01A.jpg
机械 Mécanique,方向盘和方向盘控制装置,K9PP662G01A,方向盘下组合开关,40,96 775 892 80,,01,第二控制开关支承垫,K9PP662G01A.jpg
装备 Équipement,车外灯,K9PP663A01A,前灯和/或侧灯,01,6325 G3,,01,侧转向灯,K9PP663A01A.jpg
装备 Équipement,车外灯,K9PP663E10A,后车灯,01,98 194 273 80,,01,尾灯,K9PP663E10A.jpg
装备 Équipement,车外灯,K9PP663E10A,后车灯,10,6216 A4,,02,21瓦灯泡,K9PP663E10A.jpg
装备 Équipement,车外灯,K9PP663E10A,后车灯,11,6216 A0,,01,灯泡,K9PP663E10A.jpg
装备 Équipement,车外灯,K9PP663E10A,后车灯,12,6216 E2,,01,灯泡,K9PP663E10A.jpg
装备 Équipement,车外灯,K9PP663E10A,后车灯,70,8361 53,,04,MUL RLX螺栓,K9PP663E10A.jpg
装备 Équipement,信号,K9PP663E80A,辅助制动灯,01,6351 FC,,01,第三制动灯,K9PP663E80A.jpg
装备 Équipement,信号,K9PP663E80A,辅助制动灯,10,6216 E0,,01,灯泡,K9PP663E80A.jpg
装备 Équipement,信号,K9PP663E80A,辅助制动灯,80,96 854 568 80,,02,(MUL) 蝶形螺母,K9PP663E80A.jpg
电气 Électrique,驻车辅助,K9PP663E90A,停车辅助,01,16 479 087 80,,01,障碍物探测电子控制盒,K9PP663E90A.jpg
电气 Électrique,驻车辅助,K9PP663E90A,停车辅助,05,16 335 593 80,,04,障碍物探测传感器,K9PP663E90A.jpg
电气 Électrique,驻车辅助,K9PP663E90A,停车辅助,06,16 335 595 80,,02,障碍物探测传感器,K9PP663E90A.jpg
电气 Électrique,驻车辅助,K9PP663E90A,停车辅助,10,16 335 593 80,,04,障碍物探测传感器,K9PP663E90A.jpg
电气 Électrique,驻车辅助,K9PP663E90A,停车辅助,11,16 335 595 80,,02,障碍物探测传感器,K9PP663E90A.jpg
电气 Électrique,驻车辅助,K9PP663E90A,停车辅助,70,6939 97,,02,(MUL)带垫圈螺母,K9PP663E90A.jpg
电气 Électrique,驻车辅助,K9PP663F01A,障碍物探测视频系统,01,98 093 010 80,,01,全景视觉摄像头,K9PP663F01A.jpg
电气 Électrique,遵守安全距离,K9PP663F50A,车辆间距离报警功能(ARTIV),01,16 819 237 80,,01,多功能摄像头,K9PP663F50A.jpg
装备 Équipement,车外灯,K9PP663J10A,牌照灯,01,6340 A3,,01,牌照灯,K9PP663J10A.jpg
装备 Équipement,车外灯,K9PP663J10A,牌照灯,20,6216 A1,,01,灯泡,K9PP663J10A.jpg
装备 Équipement,车内照明灯,K9PP663K01A,车内灯 - 读卡机,01,6362 AS,,01,顶灯,K9PP663K01A.jpg
装备 Équipement,车内照明灯,K9PP663K01A,车内灯 - 读卡机,02,96 887 776 BJ,,01,顶灯,K9PP663K01A.jpg
装备 Équipement,车内照明灯,K9PP663K01A,车内灯 - 读卡机,20,6216 A1,,01,灯泡,K9PP663K01A.jpg
装备 Équipement,车内照明灯,K9PP663K80A,行李箱灯 – 发动机舱照明灯,01,6362 N6,,01,灯,K9PP663K80A.jpg
装备 Équipement,雨刮,K9PP664A05A,风挡玻璃刮水器马达-连杆总成,01,98 165 585 80,,01,前雨刮电机,K9PP664A05A.jpg
装备 Équipement,雨刮,K9PP664A05A,风挡玻璃刮水器马达-连杆总成,05,98 203 099 80,,01,前雨刮臂,K9PP664A05A.jpg
装备 Équipement,雨刮,K9PP664A05A,风挡玻璃刮水器马达-连杆总成,06,98 203 090 80,RP 98 340 043 80,01/01,前雨刮臂,K9PP664A05A.jpg
装备 Équipement,雨刮,K9PP664A05A,风挡玻璃刮水器马达-连杆总成,07,98 203 100 80,RP 16 898 169 80,01/01,无骨雨刮片,K9PP664A05A.jpg
装备 Équipement,雨刮,K9PP664A05A,风挡玻璃刮水器马达-连杆总成,08,98 339 767 80,RP 16 898 168 80,01/01,无骨雨刮片,K9PP664A05A.jpg
装备 Équipement,雨刮,K9PP664A05A,风挡玻璃刮水器马达-连杆总成,10,16 381 841 80,,01,雨量传感器,K9PP664A05A.jpg
装备 Équipement,雨刮,K9PP664A05A,风挡玻璃刮水器马达-连杆总成,70,6935 C9,,02,(MUL)带垫圈螺母,K9PP664A05A.jpg
装备 Équipement,雨刮,K9PP664E05A,后窗刮水器,01,6405 LQ,RP 98 401 238 80,01/01,后雨刮电机,K9PP664E05A.jpg
装备 Équipement,雨刮,K9PP664E05A,后窗刮水器,02,6429 FL,,01,后雨刮臂,K9PP664E05A.jpg
装备 Équipement,雨刮,K9PP664E05A,后窗刮水器,03,16 351 571 80,,01,后窗雨刮片,K9PP664E05A.jpg
装备 Équipement,雨刮,K9PP664E05A,后窗刮水器,04,6417 A7,RP 98 105 903 80,01/01,雨刮电机隔套,K9PP664E05A.jpg
装备 Équipement,雨刮,K9PP664E05A,后窗刮水器,05,6405 LS,,01,轴承，后窗户雨刮轴,K9PP664E05A.jpg
装备 Équipement,雨刮,K9PP664E05A,后窗刮水器,06,6429 FP,,01,雨刮枢轴盖,K9PP664E05A.jpg
装备 Équipement,雨刮,K9PP664E05A,后窗刮水器,70,9204 A1,,03,螺母＋锁止垫圈,K9PP664E05A.jpg
装备 Équipement,雨刮,K9PP664E05A,后窗刮水器,71,16 115 673 80,,02,(MUL)凸缘螺母,K9PP664E05A.jpg
装备 Équipement,雨刮,K9PP664E05A,后窗刮水器,72,4503 43,,01,(MUL)凸缘螺母,K9PP664E05A.jpg
装备 Équipement,清洗,K9PP664F01A,风挡玻璃洗涤器,01,98 173 009 80,RP 98 206 690 80,01/01,玻璃清洗液储液罐,K9PP664F01A.jpg
装备 Équipement,清洗,K9PP664F01A,风挡玻璃洗涤器,02,98 166 458 80,,01,玻璃清洗液加注管,K9PP664F01A.jpg
装备 Équipement,清洗,K9PP664F01A,风挡玻璃洗涤器,03,98 206 692 80,,01,玻璃清洗泵密封圈,K9PP664F01A.jpg
装备 Équipement,清洗,K9PP664F01A,风挡玻璃洗涤器,04,98 206 691 80,,01,玻璃清洗泵,K9PP664F01A.jpg
装备 Équipement,清洗,K9PP664F01A,风挡玻璃洗涤器,05,98 208 645 80,,01,玻璃清洗液管,K9PP664F01A.jpg
装备 Équipement,清洗,K9PP664F01A,风挡玻璃洗涤器,06,98 265 169 80,,01,玻璃清洗管接头,K9PP664F01A.jpg
装备 Équipement,清洗,K9PP664F01A,风挡玻璃洗涤器,07,98 265 172 80,,01,玻璃清洗管接头,K9PP664F01A.jpg
装备 Équipement,清洗,K9PP664F01A,风挡玻璃洗涤器,08,6433 99,,02,2通管接头,K9PP664F01A.jpg
装备 Équipement,清洗,K9PP664F01A,风挡玻璃洗涤器,09,98 372 193 80,,01,水加注管密封垫,K9PP664F01A.jpg
装备 Équipement,清洗,K9PP664F01A,风挡玻璃洗涤器,10,6439 47,,01,玻璃清洗液管,K9PP664F01A.jpg
装备 Équipement,清洗,K9PP664F01A,风挡玻璃洗涤器,13,98 208 646 80,RP 98 208 645 80,01/01,玻璃清洗液管,K9PP664F01A.jpg
装备 Équipement,清洗,K9PP664F01A,风挡玻璃洗涤器,15,98 204 661 80,,01,玻璃清洗泵线束,K9PP664F01A.jpg
装备 Équipement,清洗,K9PP664F01A,风挡玻璃洗涤器,20,98 024 641 80,,01,清洁液过滤器,K9PP664F01A.jpg
装备 Équipement,清洗,K9PP664F01A,风挡玻璃洗涤器,70,98 098 400 80,,01,螺丝,K9PP664F01A.jpg
装备 Équipement,清洗,K9PP664F30A,后窗洗涤器,01,98 172 142 80,,01,玻璃清洗液管,K9PP664F30A.jpg
装备 Équipement,清洗,K9PP664F30A,后窗洗涤器,10,98 172 098 80,RP 98 286 038 80,01/01,玻璃清洗液管,K9PP664F30A.jpg
电气 Électrique,单元/连接器插板/套件,K9PP665G01A,多路传输控制器,01,16 341 651 80,,01,智能控制盒,K9PP665G01A.jpg
电气 Électrique,单元/连接器插板/套件,K9PP665G01A,多路传输控制器,02,98 118 089 80,,01,伺服盒支架,K9PP665G01A.jpg
电气 Électrique,单元/连接器插板/套件,K9PP665G01A,多路传输控制器,05,6500 AF,,01,保险丝钳,K9PP665G01A.jpg
电气 Électrique,单元/连接器插板/套件,K9PP665G01A,多路传输控制器,20,6500 N8,,01,微型保险丝,K9PP665G01A.jpg
电气 Électrique,单元/连接器插板/套件,K9PP665G01A,多路传输控制器,21,6500 G3,,01,大号保险丝,K9PP665G01A.jpg
电气 Électrique,单元/连接器插板/套件,K9PP665G01A,多路传输控制器,22,6504 81,,01,分流器,K9PP665G01A.jpg
电气 Électrique,单元/连接器插板/套件,K9PP665G01A,多路传输控制器,70,6935 A6,,03,(MUL)凸缘螺母,K9PP665G01A.jpg
电气 Électrique,单元/连接器插板/套件,K9PP665H01A,检测端口和保险丝盒发动机舱区域,03,98 046 817 80,,01,伺服盒支架,K9PP665H01A.jpg
电气 Électrique,单元/连接器插板/套件,K9PP665H01A,检测端口和保险丝盒发动机舱区域,05,98 014 486 80,,01,伺服盒盖,K9PP665H01A.jpg
电气 Électrique,单元/连接器插板/套件,K9PP665H01A,检测端口和保险丝盒发动机舱区域,10,6500 EJ,,01,保护转换盒,K9PP665H01A.jpg
电气 Électrique,单元/连接器插板/套件,K9PP665H01A,检测端口和保险丝盒发动机舱区域,11,98 660 071 80,,01,继电器保险丝盒支架,K9PP665H01A.jpg
电气 Électrique,单元/连接器插板/套件,K9PP665H01A,检测端口和保险丝盒发动机舱区域,15,98 053 185 80,,01,开关盒支架,K9PP665H01A.jpg
电气 Électrique,单元/连接器插板/套件,K9PP665H01A,检测端口和保险丝盒发动机舱区域,17,98 031 492 80,,01,开关盒支架,K9PP665H01A.jpg
电气 Électrique,单元/连接器插板/套件,K9PP665H01A,检测端口和保险丝盒发动机舱区域,30,98 118 796 80,,01,蓄电池保险丝盒,K9PP665H01A.jpg
电气 Électrique,单元/连接器插板/套件,K9PP665H01A,检测端口和保险丝盒发动机舱区域,31,98 147 362 80,,01,保险丝盒支架,K9PP665H01A.jpg
电气 Électrique,单元/连接器插板/套件,K9PP665H01A,检测端口和保险丝盒发动机舱区域,35,98 144 749 80,,01,防护罩,K9PP665H01A.jpg
电气 Électrique,单元/连接器插板/套件,K9PP665H01A,检测端口和保险丝盒发动机舱区域,37,6500 K1,,01,大保险丝盒,K9PP665H01A.jpg
电气 Électrique,单元/连接器插板/套件,K9PP665H01A,检测端口和保险丝盒发动机舱区域,39,6500 J7,,01,保险丝盒盖板,K9PP665H01A.jpg
电气 Électrique,单元/连接器插板/套件,K9PP665H01A,检测端口和保险丝盒发动机舱区域,45,96 730 621 80,,01,继电器,K9PP665H01A.jpg
电气 Électrique,单元/连接器插板/套件,K9PP665H01A,检测端口和保险丝盒发动机舱区域,46,98 079 723 80,,01,继电器,K9PP665H01A.jpg
电气 Électrique,单元/连接器插板/套件,K9PP665H01A,检测端口和保险丝盒发动机舱区域,47,98 059 257 80,,01,继电器,K9PP665H01A.jpg
电气 Électrique,单元/连接器插板/套件,K9PP665H01A,检测端口和保险丝盒发动机舱区域,48,6547 TX,,01,继电器,K9PP665H01A.jpg
电气 Électrique,单元/连接器插板/套件,K9PP665H01A,检测端口和保险丝盒发动机舱区域,49,96 730 286 80,,01,继电器,K9PP665H01A.jpg
电气 Électrique,单元/连接器插板/套件,K9PP665H01A,检测端口和保险丝盒发动机舱区域,50,6500 N8,,01,微型保险丝,K9PP665H01A.jpg
电气 Électrique,单元/连接器插板/套件,K9PP665H01A,检测端口和保险丝盒发动机舱区域,55,96 654 078 80,,01,保险丝,K9PP665H01A.jpg
电气 Électrique,单元/连接器插板/套件,K9PP665H01A,检测端口和保险丝盒发动机舱区域,60,6500 K3,RP 16 109 210 80,01/01,大号保险丝,K9PP665H01A.jpg
电气 Électrique,单元/连接器插板/套件,K9PP665H01A,检测端口和保险丝盒发动机舱区域,61,6997 L4,,01,MKT 保险丝,K9PP665H01A.jpg
电气 Électrique,单元/连接器插板/套件,K9PP665H01A,检测端口和保险丝盒发动机舱区域,62,96 661 549 80,,01,保险丝,K9PP665H01A.jpg
电气 Électrique,单元/连接器插板/套件,K9PP665H01A,检测端口和保险丝盒发动机舱区域,69,96 664 427 80,,01,线束二极管,K9PP665H01A.jpg
电气 Électrique,单元/连接器插板/套件,K9PP665H01A,检测端口和保险丝盒发动机舱区域,80,98 087 754 80,,01,支撑夹,K9PP665H01A.jpg
电气 Électrique,单元/连接器插板/套件,K9PP665H01A,检测端口和保险丝盒发动机舱区域,81,8401 TP,,02,带弹性垫片六角头螺栓,K9PP665H01A.jpg
电气 Électrique,单元/连接器插板/套件,K9PP665H01A,检测端口和保险丝盒发动机舱区域,82,8401 TP,,02,带弹性垫片六角头螺栓,K9PP665H01A.jpg
电气 Électrique,单元/连接器插板/套件,K9PP665H01A,检测端口和保险丝盒发动机舱区域,86,6935 A6,,01,(MUL)凸缘螺母,K9PP665H01A.jpg
电气 Électrique,单元/连接器插板/套件,K9PP665H01A,检测端口和保险丝盒发动机舱区域,90,16 115 673 80,,01,(MUL)凸缘螺母,K9PP665H01A.jpg
电气 Électrique,单元/连接器插板/套件,K9PP665H01A,检测端口和保险丝盒发动机舱区域,91,6936 39,,01,(MUL)凸缘螺母,K9PP665H01A.jpg
电气 Électrique,单元/连接器插板/套件,K9PP665H02A,检测端口和保险丝盒座舱区域,01,96 757 303 80,,01,保险丝盒盖板,K9PP665H02A.jpg
电气 Électrique,单元/连接器插板/套件,K9PP665H02A,检测端口和保险丝盒座舱区域,02,96 757 304 80,,01,继电器支架固定夹,K9PP665H02A.jpg
电气 Électrique,单元/连接器插板/套件,K9PP665H02A,检测端口和保险丝盒座舱区域,05,6500 N8,,01,微型保险丝,K9PP665H02A.jpg
电气 Électrique,单元/连接器插板/套件,K9PP665H02A,检测端口和保险丝盒座舱区域,07,6997 L0,,01,MKT 保险丝,K9PP665H02A.jpg
电气 Électrique,单元/连接器插板/套件,K9PP665H02A,检测端口和保险丝盒座舱区域,09,96 661 549 80,,01,保险丝,K9PP665H02A.jpg
电气 Électrique,单元/连接器插板/套件,K9PP665H02A,检测端口和保险丝盒座舱区域,11,98 079 723 80,,01,继电器,K9PP665H02A.jpg
电气 Électrique,单元/连接器插板/套件,K9PP665H02A,检测端口和保险丝盒座舱区域,12,96 730 621 80,,01,继电器,K9PP665H02A.jpg
电气 Électrique,单元/连接器插板/套件,K9PP665H02A,检测端口和保险丝盒座舱区域,13,96 730 286 80,,01,继电器,K9PP665H02A.jpg
电气 Électrique,单元/连接器插板/套件,K9PP665H02A,检测端口和保险丝盒座舱区域,14,6547 TX,,01,继电器,K9PP665H02A.jpg
电气 Électrique,单元/连接器插板/套件,K9PP665H70A,继电器 – 蜂鸣器 – 闪光器,01,6545 XF,,01,继电器,K9PP665H70A.jpg
电气 Électrique,单元/连接器插板/套件,K9PP665H70A,继电器 – 蜂鸣器 – 闪光器,70,98 087 754 80,,01,支撑夹,K9PP665H70A.jpg
电气 Électrique,单元/连接器插板/套件,K9PP665H70A,继电器 – 蜂鸣器 – 闪光器,71,6547 VA,,01,支撑夹,K9PP665H70A.jpg
电气 Électrique,音响/导航/远程通讯装置/电话/多媒体,K9PP665J01A,汽车收音机-无线电干扰抑制器,04,16 479 109 80,RP 16 733 271 80,01/01,TELEMATICS收放机,K9PP665J01A.jpg
电气 Électrique,音响/导航/远程通讯装置/电话/多媒体,K9PP665J01A,汽车收音机-无线电干扰抑制器,15,98 123 770 80,RP 98 123 771 80,01/01,无线电话麦克风,K9PP665J01A.jpg
电气 Électrique,音响/导航/远程通讯装置/电话/多媒体,K9PP665J01A,汽车收音机-无线电干扰抑制器,20,98 247 621 80,,01,USB插口线束,K9PP665J01A.jpg
电气 Électrique,音响/导航/远程通讯装置/电话/多媒体,K9PP665J01A,汽车收音机-无线电干扰抑制器,25,98 123 465 80,,01,USB插口线束,K9PP665J01A.jpg
电气 Électrique,音响/导航/远程通讯装置/电话/多媒体,K9PP665J01A,汽车收音机-无线电干扰抑制器,40,98 316 115 80,RP 98 476 549 80,01/01,独立远程通信单元,K9PP665J01A.jpg
电气 Électrique,音响/导航/远程通讯装置/电话/多媒体,K9PP665J01A,汽车收音机-无线电干扰抑制器,41,16 849 194 80,,01,BTA备用电池,K9PP665J01A.jpg
电气 Électrique,音响/导航/远程通讯装置/电话/多媒体,K9PP665J01A,汽车收音机-无线电干扰抑制器,42,98 223 691 80,,01,收放机连接线束,K9PP665J01A.jpg
电气 Électrique,音响/导航/远程通讯装置/电话/多媒体,K9PP665J01A,汽车收音机-无线电干扰抑制器,45,98 217 039 DX,,01,USB口,K9PP665J01A.jpg
电气 Électrique,音响/导航/远程通讯装置/电话/多媒体,K9PP665J01A,汽车收音机-无线电干扰抑制器,95,96 753 802 80,,01,MUL RLX螺栓,K9PP665J01A.jpg
电气 Électrique,音响/导航/远程通讯装置/电话/多媒体,K9PP665K01A,收音机天线,01,98 287 825 80,,01,天线杆,K9PP665K01A.jpg
电气 Électrique,音响/导航/远程通讯装置/电话/多媒体,K9PP665K01A,收音机天线,02,98 085 477 80,,01,天线底座,K9PP665K01A.jpg
电气 Électrique,音响/导航/远程通讯装置/电话/多媒体,K9PP665K01A,收音机天线,03,98 154 674 80,RP 98 491 774 80,01/01,GPS天线,K9PP665K01A.jpg
电气 Électrique,音响/导航/远程通讯装置/电话/多媒体,K9PP665K01A,收音机天线,10,98 270 308 80,,01,天线电缆线束,K9PP665K01A.jpg
电气 Électrique,音响/导航/远程通讯装置/电话/多媒体,K9PP665K01A,收音机天线,11,98 270 279 80,,01,天线电缆线束,K9PP665K01A.jpg
电气 Électrique,音响/导航/远程通讯装置/电话/多媒体,K9PP665K01A,收音机天线,15,98 252 504 80,,01,天线电缆线束,K9PP665K01A.jpg
电气 Électrique,音响/导航/远程通讯装置/电话/多媒体,K9PP665K01A,收音机天线,75,6561 KT,,01,前风窗立柱多功能卡夹,K9PP665K01A.jpg
电气 Électrique,音响/导航/远程通讯装置/电话/多媒体,K9PP665K01A,收音机天线,86,6561 W9,,01,收放机天线螺母,K9PP665K01A.jpg
电气 Électrique,音响/导航/远程通讯装置/电话/多媒体,K9PP665L01A,扬声器,01,98 093 201 80,,02,扬声器,K9PP665L01A.jpg
电气 Électrique,音响/导航/远程通讯装置/电话/多媒体,K9PP665L01A,扬声器,03,98 093 511 80,,02,扬声器,K9PP665L01A.jpg
电气 Électrique,音响/导航/远程通讯装置/电话/多媒体,K9PP665L01A,扬声器,05,98 093 202 80,,02,扬声器,K9PP665L01A.jpg
电气 Électrique,音响/导航/远程通讯装置/电话/多媒体,K9PP665L01A,扬声器,70,96 753 802 80,,06,MUL RLX螺栓,K9PP665L01A.jpg
电气 Électrique,音响/导航/远程通讯装置/电话/多媒体,K9PP665L01A,扬声器,72,6562 CX,,06,镶圈卡子,K9PP665L01A.jpg
电气 Électrique,音响/导航/远程通讯装置/电话/多媒体,K9PP665L01A,扬声器,75,96 753 802 80,,06,MUL RLX螺栓,K9PP665L01A.jpg
电气 Électrique,音响/导航/远程通讯装置/电话/多媒体,K9PP665L01A,扬声器,76,96 753 802 80,,03,MUL RLX螺栓,K9PP665L01A.jpg
装备 Équipement,仪表板,K9PP665N01A,仪表板开关和堵盖,01,98 170 430 ZD,,01,危险信号灯开关,K9PP665N01A.jpg
装备 Équipement,仪表板,K9PP665N01A,仪表板开关和堵盖,03,98 170 429 ZD,,01,中控锁开关,K9PP665N01A.jpg
装备 Équipement,仪表板,K9PP665N01A,仪表板开关和堵盖,04,98 170 269 ZD,,01,多功能开关模块,K9PP665N01A.jpg
装备 Équipement,仪表板,K9PP665N01A,仪表板开关和堵盖,07,98 177 358 ZD,,01,转换开关,K9PP665N01A.jpg
装备 Équipement,仪表板,K9PP665N01A,仪表板开关和堵盖,09,98 170 276 ZD,,01,多功能开关组件,K9PP665N01A.jpg
装备 Équipement,仪表板,K9PP665N01A,仪表板开关和堵盖,20,98 272 051 80,,01,启动开关,K9PP665N01A.jpg
装备 Équipement,中央控制台,K9PP665N50A,中控台开关和堵盖,30,98 199 630 JX,,01,SOS开关,K9PP665N50A.jpg
装备 Équipement,中央控制台,K9PP665N50A,中控台开关和堵盖,31,96 780 990 ZD,,01,援助呼叫开关,K9PP665N50A.jpg
电气 Électrique,接头,K9PP665W01A,专用维修接头,01,16 905 678 WZ,,01,连接修理套件,K9PP665W01A.jpg
电气 Électrique,接头,K9PP665W01A,专用维修接头,02,16 905 682 QX,,01,连接修理套件,K9PP665W01A.jpg
电气 Électrique,接头,K9PP665W01A,专用维修接头,03,16 905 680 XX,,01,连接修理套件,K9PP665W01A.jpg
电气 Électrique,接头,K9PP665W01A,专用维修接头,04,16 905 683 WZ,,01,连接修理套件,K9PP665W01A.jpg
电气 Électrique,接头,K9PP665W01A,专用维修接头,05,16 905 684 XX,,01,连接修理套件,K9PP665W01A.jpg
电气 Électrique,接头,K9PP665W01A,专用维修接头,06,16 905 685 XX,,01,连接修理套件,K9PP665W01A.jpg
电气 Électrique,接头,K9PP665W01A,专用维修接头,07,16 905 686 MU,,01,连接修理套件,K9PP665W01A.jpg
电气 Électrique,接头,K9PP665W01A,专用维修接头,08,16 905 687 WZ,,01,连接修理套件,K9PP665W01A.jpg
电气 Électrique,接头,K9PP665W01A,专用维修接头,09,16 905 688 QX,,01,连接修理套件,K9PP665W01A.jpg
电气 Électrique,接头,K9PP665W01A,专用维修接头,10,16 905 689 XX,,01,连接修理套件,K9PP665W01A.jpg
电气 Électrique,接头,K9PP665W01A,专用维修接头,11,16 905 690 XX,,01,连接修理套件,K9PP665W01A.jpg
电气 Électrique,接头,K9PP665W01A,专用维修接头,12,16 905 691 ED,,01,连接修理套件,K9PP665W01A.jpg
电气 Électrique,接头,K9PP665W01A,专用维修接头,13,16 905 720 XX,,01,连接修理套件,K9PP665W01A.jpg
电气 Électrique,接头,K9PP665W01A,专用维修接头,14,16 905 721 XX,,01,连接修理套件,K9PP665W01A.jpg
电气 Électrique,接头,K9PP665W01A,专用维修接头,15,16 905 722 XX,,01,连接修理套件,K9PP665W01A.jpg
电气 Électrique,接头,K9PP665W01A,专用维修接头,16,16 905 723 XX,,01,连接修理套件,K9PP665W01A.jpg
电气 Électrique,接头,K9PP665W01A,专用维修接头,17,16 905 724 XX,,01,连接修理套件,K9PP665W01A.jpg
电气 Électrique,接头,K9PP665W01A,专用维修接头,18,16 905 725 XX,,01,连接修理套件,K9PP665W01A.jpg
电气 Électrique,接头,K9PP665W01A,专用维修接头,19,16 905 726 XX,,01,连接修理套件,K9PP665W01A.jpg
电气 Électrique,接头,K9PP665W01A,专用维修接头,20,16 905 727 WZ,,01,连接修理套件,K9PP665W01A.jpg
电气 Électrique,接头,K9PP665W01A,专用维修接头,21,16 905 728 XX,,01,连接修理套件,K9PP665W01A.jpg
电气 Électrique,接头,K9PP665W01A,专用维修接头,22,16 905 729 XX,,01,连接修理套件,K9PP665W01A.jpg
电气 Électrique,接头,K9PP665W01A,专用维修接头,23,16 905 731 YQ,,01,连接修理套件,K9PP665W01A.jpg
电气 Électrique,接头,K9PP665W01A,专用维修接头,24,16 062 473 80,,01,连接修理套件,K9PP665W01A.jpg
电气 Électrique,接头,K9PP665W01A,专用维修接头,25,16 062 475 80,,01,连接修理套件,K9PP665W01A.jpg
电气 Électrique,接头,K9PP665W01A,专用维修接头,26,16 062 476 80,,01,连接修理套件,K9PP665W01A.jpg
电气 Électrique,接头,K9PP665W01A,专用维修接头,27,16 062 477 80,,01,连接修理套件,K9PP665W01A.jpg
电气 Électrique,接头,K9PP665W01A,专用维修接头,28,16 062 479 80,,01,连接修理套件,K9PP665W01A.jpg
电气 Électrique,接头,K9PP665W01A,专用维修接头,29,16 062 480 80,,01,连接修理套件,K9PP665W01A.jpg
电气 Électrique,接头,K9PP665W01A,专用维修接头,30,16 062 481 80,,01,连接修理套件,K9PP665W01A.jpg
电气 Électrique,接头,K9PP665W01A,专用维修接头,31,16 062 482 80,,01,连接修理套件,K9PP665W01A.jpg
电气 Électrique,接头,K9PP665W01A,专用维修接头,32,16 062 483 80,,01,连接修理套件,K9PP665W01A.jpg
电气 Électrique,接头,K9PP665W01A,专用维修接头,33,16 062 484 80,,01,连接修理套件,K9PP665W01A.jpg
电气 Électrique,接头,K9PP665W01A,专用维修接头,34,16 062 485 80,,01,连接修理套件,K9PP665W01A.jpg
电气 Électrique,接头,K9PP665W01A,专用维修接头,35,16 062 489 80,,01,连接修理套件,K9PP665W01A.jpg
电气 Électrique,接头,K9PP665W01A,专用维修接头,36,16 062 490 80,,01,连接修理套件,K9PP665W01A.jpg
电气 Électrique,接头,K9PP665W01A,专用维修接头,37,16 062 491 80,,01,连接修理套件,K9PP665W01A.jpg
电气 Électrique,接头,K9PP665W01A,专用维修接头,38,16 062 495 80,,01,连接修理套件,K9PP665W01A.jpg
电气 Électrique,接头,K9PP665W01A,专用维修接头,39,16 062 496 80,,01,连接修理套件,K9PP665W01A.jpg
电气 Électrique,接头,K9PP665W01A,专用维修接头,40,16 062 498 80,,01,连接修理套件,K9PP665W01A.jpg
电气 Électrique,接头,K9PP665W01A,专用维修接头,41,16 062 500 80,,01,连接修理套件,K9PP665W01A.jpg
电气 Électrique,接头,K9PP665W01A,专用维修接头,42,16 062 501 80,,01,连接修理套件,K9PP665W01A.jpg
电气 Électrique,接头,K9PP665W01A,专用维修接头,43,16 062 503 80,,01,连接修理套件,K9PP665W01A.jpg
电气 Électrique,接头,K9PP665W01A,专用维修接头,44,16 062 504 80,,01,连接修理套件,K9PP665W01A.jpg
电气 Électrique,接头,K9PP665W01A,专用维修接头,45,16 062 506 80,,01,连接修理套件,K9PP665W01A.jpg
电气 Électrique,接头,K9PP665W01A,专用维修接头,46,16 062 507 80,,01,连接修理套件,K9PP665W01A.jpg
电气 Électrique,接头,K9PP665W01A,专用维修接头,47,16 062 508 80,,01,连接修理套件,K9PP665W01A.jpg
电气 Électrique,接头,K9PP665W01A,专用维修接头,48,16 062 509 80,,01,连接修理套件,K9PP665W01A.jpg
电气 Électrique,接头,K9PP665W01A,专用维修接头,49,16 116 171 80,,01,连接修理套件,K9PP665W01A.jpg
电气 Électrique,接头,K9PP665W01A,专用维修接头,50,16 116 185 80,,01,连接修理套件,K9PP665W01A.jpg
电气 Électrique,接头,K9PP665W01A,专用维修接头,51,16 116 186 80,,01,连接修理套件,K9PP665W01A.jpg
电气 Électrique,接头,K9PP665W01A,专用维修接头,52,16 116 188 80,,01,连接修理套件,K9PP665W01A.jpg
电气 Électrique,接头,K9PP665W01A,专用维修接头,53,16 116 189 80,,01,连接修理套件,K9PP665W01A.jpg
电气 Électrique,接头,K9PP665W01A,专用维修接头,54,16 116 197 80,,01,连接修理套件,K9PP665W01A.jpg
电气 Électrique,接头,K9PP665W01A,专用维修接头,55,16 116 201 80,,01,连接修理套件,K9PP665W01A.jpg
电气 Électrique,接头,K9PP665W01A,专用维修接头,56,16 137 316 80,,01,连接修理套件,K9PP665W01A.jpg
电气 Électrique,接头,K9PP665W01A,专用维修接头,57,16 137 317 80,,01,连接修理套件,K9PP665W01A.jpg
电气 Électrique,接头,K9PP665W01A,专用维修接头,58,16 137 318 80,,01,连接修理套件,K9PP665W01A.jpg
电气 Électrique,接头,K9PP665W01A,专用维修接头,59,16 137 320 80,,01,连接修理套件,K9PP665W01A.jpg
电气 Électrique,接头,K9PP665W01A,专用维修接头,60,16 141 025 80,,01,连接修理套件,K9PP665W01A.jpg
电气 Électrique,接头,K9PP665W01A,专用维修接头,61,16 141 026 80,,01,连接修理套件,K9PP665W01A.jpg
电气 Électrique,接头,K9PP665W01A,专用维修接头,62,16 141 027 80,,01,连接修理套件,K9PP665W01A.jpg
电气 Électrique,接头,K9PP665W01A,专用维修接头,63,16 175 488 80,,01,连接修理套件,K9PP665W01A.jpg
电气 Électrique,接头,K9PP665W01A,专用维修接头,64,16 175 499 80,,01,连接修理套件,K9PP665W01A.jpg
电气 Électrique,接头,K9PP665W01A,专用维修接头,65,16 175 500 80,,01,连接修理套件,K9PP665W01A.jpg
电气 Électrique,接头,K9PP665W01A,专用维修接头,66,16 175 501 80,,01,连接修理套件,K9PP665W01A.jpg
电气 Électrique,接头,K9PP665W01A,专用维修接头,67,16 175 505 80,,01,连接修理套件,K9PP665W01A.jpg
电气 Électrique,接头,K9PP665W01A,专用维修接头,68,16 175 507 80,,01,连接修理套件,K9PP665W01A.jpg
电气 Électrique,接头,K9PP665W01A,专用维修接头,69,16 175 510 80,,01,连接修理套件,K9PP665W01A.jpg
电气 Électrique,接头,K9PP665W01A,专用维修接头,70,16 175 511 80,,01,连接修理套件,K9PP665W01A.jpg
电气 Électrique,接头,K9PP665W01A,专用维修接头,71,16 742 471 80,,01,连接修理套件,K9PP665W01A.jpg
电气 Électrique,接头,K9PP665W01A,专用维修接头,72,16 809 457 80,,01,连接修理套件,K9PP665W01A.jpg
电气 Électrique,接头,K9PP665W01A,专用维修接头,73,16 809 465 80,,01,连接修理套件,K9PP665W01A.jpg
电气 Électrique,接头,K9PP665W01A,专用维修接头,74,16 809 466 80,,01,连接修理套件,K9PP665W01A.jpg
电气 Électrique,接头,K9PP665W01A,专用维修接头,75,16 809 467 80,,01,连接修理套件,K9PP665W01A.jpg
电气 Électrique,接头,K9PP665W01A,专用维修接头,76,16 809 468 80,,01,连接修理套件,K9PP665W01A.jpg
电气 Électrique,接头,K9PP665W01A,专用维修接头,77,16 809 469 80,,01,连接修理套件,K9PP665W01A.jpg
电气 Électrique,接头,K9PP665W01A,专用维修接头,78,16 809 470 80,,01,连接修理套件,K9PP665W01A.jpg
电气 Électrique,接头,K9PP665W01A,专用维修接头,79,16 809 472 80,,01,连接修理套件,K9PP665W01A.jpg
电气 Électrique,接头,K9PP665W01A,专用维修接头,80,16 809 473 80,,01,连接修理套件,K9PP665W01A.jpg
电气 Électrique,接头,K9PP665W01A,专用维修接头,81,16 809 474 80,,01,连接修理套件,K9PP665W01A.jpg
电气 Électrique,接头,K9PP665W01A,专用维修接头,82,16 809 475 80,,01,连接修理套件,K9PP665W01A.jpg
电气 Électrique,接头,K9PP665W01A,专用维修接头,83,16 809 476 80,,01,连接修理套件,K9PP665W01A.jpg
电气 Électrique,接头,K9PP665W01A,专用维修接头,84,16 809 477 80,,01,连接修理套件,K9PP665W01A.jpg
电气 Électrique,接头,K9PP665W01A,专用维修接头,85,16 809 480 80,,01,连接修理套件,K9PP665W01A.jpg
电气 Électrique,接头,K9PP665W01A,专用维修接头,86,16 809 481 80,,01,连接修理套件,K9PP665W01A.jpg
电气 Électrique,接头,K9PP665W01A,专用维修接头,87,16 809 482 80,,01,连接修理套件,K9PP665W01A.jpg
电气 Électrique,接头,K9PP665W01A,专用维修接头,88,16 809 483 80,,01,连接修理套件,K9PP665W01A.jpg
电气 Électrique,接头,K9PP665W01A,专用维修接头,89,16 813 690 80,,01,连接修理套件,K9PP665W01A.jpg
电气 Électrique,接头,K9PP665W01A,专用维修接头,90,16 813 691 80,,01,连接修理套件,K9PP665W01A.jpg
电气 Électrique,接头,K9PP665W01A,专用维修接头,91,16 813 695 80,,01,连接修理套件,K9PP665W01A.jpg
电气 Électrique,接头,K9PP665W01A,专用维修接头,92,16 813 696 80,,01,连接修理套件,K9PP665W01A.jpg
电气 Électrique,接头,K9PP665W01A,专用维修接头,93,16 813 697 80,,01,连接修理套件,K9PP665W01A.jpg
电气 Électrique,接头,K9PP665W01A,专用维修接头,94,16 813 701 80,,01,连接修理套件,K9PP665W01A.jpg
电气 Électrique,接头,K9PP665W01A,专用维修接头,95,16 813 702 80,,01,连接修理套件,K9PP665W01A.jpg
电气 Électrique,接头,K9PP665W02A,专用维修接头,01,16 956 978 80,,01,连接修理套件,K9PP665W02A.jpg
电气 Électrique,接头,K9PP665W02A,专用维修接头,02,16 956 979 80,,01,连接修理套件,K9PP665W02A.jpg
电气 Électrique,接头,K9PP665W02A,专用维修接头,03,16 956 987 80,,01,连接修理套件,K9PP665W02A.jpg
电气 Électrique,接头,K9PP665W02A,专用维修接头,04,16 956 988 80,,01,连接修理套件,K9PP665W02A.jpg
电气 Électrique,接头,K9PP665W02A,专用维修接头,05,16 956 993 80,,01,连接修理套件,K9PP665W02A.jpg
电气 Électrique,接头,K9PP665W02A,专用维修接头,06,16 956 994 80,,01,连接修理套件,K9PP665W02A.jpg
电气 Électrique,接头,K9PP665W02A,专用维修接头,07,16 956 998 80,,01,连接修理套件,K9PP665W02A.jpg
电气 Électrique,接头,K9PP665W02A,专用维修接头,08,16 956 999 80,,01,连接修理套件,K9PP665W02A.jpg
电气 Électrique,接头,K9PP665W02A,专用维修接头,09,16 957 000 80,,01,连接修理套件,K9PP665W02A.jpg
电气 Électrique,接头,K9PP665W02A,专用维修接头,10,16 957 001 80,,01,连接修理套件,K9PP665W02A.jpg
电气 Électrique,接头,K9PP665W02A,专用维修接头,11,16 957 007 80,,01,连接修理套件,K9PP665W02A.jpg
电气 Électrique,接头,K9PP665W02A,专用维修接头,12,16 957 008 80,,01,连接修理套件,K9PP665W02A.jpg
电气 Électrique,接头,K9PP665W02A,专用维修接头,13,16 957 009 80,,01,连接修理套件,K9PP665W02A.jpg
电气 Électrique,接头,K9PP665W02A,专用维修接头,14,16 957 010 80,,01,连接修理套件,K9PP665W02A.jpg
电气 Électrique,接头,K9PP665W02A,专用维修接头,15,16 957 011 80,,01,连接修理套件,K9PP665W02A.jpg
电气 Électrique,接头,K9PP665W02A,专用维修接头,16,16 957 013 80,,01,连接修理套件,K9PP665W02A.jpg
电气 Électrique,接头,K9PP665W02A,专用维修接头,17,16 957 014 80,,01,连接修理套件,K9PP665W02A.jpg
电气 Électrique,接头,K9PP665W02A,专用维修接头,18,16 957 015 80,,01,连接修理套件,K9PP665W02A.jpg
电气 Électrique,接头,K9PP665W02A,专用维修接头,19,16 957 019 80,,01,连接修理套件,K9PP665W02A.jpg
电气 Électrique,接头,K9PP665W02A,专用维修接头,20,16 957 020 80,,01,连接修理套件,K9PP665W02A.jpg
电气 Électrique,接头,K9PP665W02A,专用维修接头,21,16 957 022 80,,01,连接修理套件,K9PP665W02A.jpg
电气 Électrique,接头,K9PP665W02A,专用维修接头,22,16 957 023 80,,01,连接修理套件,K9PP665W02A.jpg
电气 Électrique,接头,K9PP665W02A,专用维修接头,23,16 957 024 80,,01,连接修理套件,K9PP665W02A.jpg
电气 Électrique,接头,K9PP665W02A,专用维修接头,24,16 957 025 80,,01,连接修理套件,K9PP665W02A.jpg
电气 Électrique,接头,K9PP665W02A,专用维修接头,25,16 957 026 80,,01,连接修理套件,K9PP665W02A.jpg
电气 Électrique,接头,K9PP665W02A,专用维修接头,26,16 957 032 80,,01,连接修理套件,K9PP665W02A.jpg
电气 Électrique,接头,K9PP665W02A,专用维修接头,27,16 957 034 80,,01,连接修理套件,K9PP665W02A.jpg
电气 Électrique,锁止/解锁,K9PP666A05A,中央门锁,01,98 097 814 ZD,,01,ADML识别卡,K9PP666A05A.jpg
电气 Électrique,锁止/解锁,K9PP666A05A,中央门锁,05,6160 F4,,05,ADML内天线,K9PP666A05A.jpg
电气 Électrique,锁止/解锁,K9PP666A05A,中央门锁,06,98 183 342 80,,01,ADML天线支架,K9PP666A05A.jpg
电气 Électrique,锁止/解锁,K9PP666A05A,中央门锁,10,16 095 316 80,,01,钥匙片,K9PP666A05A.jpg
电气 Électrique,锁止/解锁,K9PP666A05A,中央门锁,35,9712 E1,,01,(MKT)板装纽扣电池,K9PP666A05A.jpg
电气 Électrique,锁止/解锁,K9PP666A05A,中央门锁,70,6973 84,,04,(MUL) 铆钉,K9PP666A05A.jpg
电气 Électrique,发动机防盗不启动装置,K9PP666H50A,收发器,02,98 097 598 80,,01,ADML应急天线,K9PP666H50A.jpg
电气 Électrique,发动机防盗不启动装置,K9PP666H50A,收发器,10,6160 52,,01,钥匙密码标签,K9PP666H50A.jpg
电气 Électrique,取暖/制冷,K9PP667B01A,抽风机-进风口-模块-减压器,01,98 212 942 80,,01,进气室,K9PP667B01A.jpg
电气 Électrique,取暖/制冷,K9PP667B01A,抽风机-进风口-模块-减压器,02,98 212 921 80,RP 98 497 173 80,01/01,空调鼓风机,K9PP667B01A.jpg
电气 Électrique,取暖/制冷,K9PP667B01A,抽风机-进风口-模块-减压器,03,98 212 918 80,,01,空调电机控制模块,K9PP667B01A.jpg
电气 Électrique,取暖/制冷,K9PP667B01A,抽风机-进风口-模块-减压器,04,98 212 932 80,,01,空调减速电机,K9PP667B01A.jpg
电气 Électrique,取暖/制冷,K9PP667B01A,抽风机-进风口-模块-减压器,06,96 788 655 80,RP 98 468 070 80,01/01,进气扰流板衬垫,K9PP667B01A.jpg
电气 Électrique,取暖/制冷,K9PP667B01A,抽风机-进风口-模块-减压器,10,98 151 142 80,,01,附加鼓风机,K9PP667B01A.jpg
电气 Électrique,取暖/制冷,K9PP667B01A,抽风机-进风口-模块-减压器,11,98 223 308 ZD,,01,送气控制件,K9PP667B01A.jpg
电气 Électrique,取暖/制冷,K9PP667B01A,抽风机-进风口-模块-减压器,70,6935 A6,,06,(MUL)凸缘螺母,K9PP667B01A.jpg
电气 Électrique,取暖/制冷,K9PP667B01A,抽风机-进风口-模块-减压器,71,7591 GP,,02,螺丝,K9PP667B01A.jpg
电气 Électrique,取暖/制冷,K9PP667B01A,抽风机-进风口-模块-减压器,72,96 753 802 80,,02,MUL RLX螺栓,K9PP667B01A.jpg
电气 Électrique,取暖/制冷,K9PP667B60A,出风口,01,98 209 603 80,,01,前置气管,K9PP667B60A.jpg
电气 Électrique,取暖/制冷,K9PP667B60A,出风口,04,98 027 417 80,,01,空调通风管堵塞,K9PP667B60A.jpg
电气 Électrique,取暖/制冷,K9PP667B60A,出风口,10,98 111 334 80,,01,空调通气管,K9PP667B60A.jpg
电气 Électrique,取暖/制冷,K9PP667B60A,出风口,11,98 279 212 80,,01,粘性密封泡沫,K9PP667B60A.jpg
电气 Électrique,取暖/制冷,K9PP667B60A,出风口,13,98 187 945 80,,01,副仪表板下通气管,K9PP667B60A.jpg
电气 Électrique,取暖/制冷,K9PP667B60A,出风口,14,98 168 076 80,,01,副仪表板下通气管,K9PP667B60A.jpg
电气 Électrique,取暖/制冷,K9PP667B60A,出风口,20,98 269 212 80,,01,空调通风管堵塞,K9PP667B60A.jpg
电气 Électrique,取暖/制冷,K9PP667B60A,出风口,71,7589 V4,,01,卡子,K9PP667B60A.jpg
电气 Électrique,取暖/制冷,K9PP667D01A,暖风管-输水软管,01,98 212 999 80,,01,空调暖风热交换器,K9PP667D01A.jpg
电气 Électrique,取暖/制冷,K9PP667D01A,暖风管-输水软管,02,98 212 993 80,,01,空调管总成,K9PP667D01A.jpg
电气 Électrique,取暖/制冷,K9PP667D01A,暖风管-输水软管,05,96 890 761 80,,01,管套固定板,K9PP667D01A.jpg
电气 Électrique,取暖/制冷,K9PP667D01A,暖风管-输水软管,10,98 124 412 80,,01,暖风水管,K9PP667D01A.jpg
电气 Électrique,取暖/制冷,K9PP667D01A,暖风管-输水软管,11,98 124 415 80,,01,暖风水管,K9PP667D01A.jpg
电气 Électrique,取暖/制冷,K9PP667E01A,空调控制面板,01,16 381 905 80,,01,空调控制盒,K9PP667E01A.jpg
电气 Électrique,取暖/制冷,K9PP667H01A,蒸发器 -膨胀阀,01,98 221 211 80,,01,蒸发器壳体,K9PP667H01A.jpg
电气 Électrique,取暖/制冷,K9PP667H01A,蒸发器 -膨胀阀,02,16 097 088 80,RP 98 214 805 80,01/01,脚部通风管组件,K9PP667H01A.jpg
电气 Électrique,取暖/制冷,K9PP667H01A,蒸发器 -膨胀阀,04,98 212 943 80,,01,空调膨胀阀,K9PP667H01A.jpg
电气 Électrique,取暖/制冷,K9PP667H01A,蒸发器 -膨胀阀,05,98 212 932 80,,03,空调减速电机,K9PP667H01A.jpg
电气 Électrique,取暖/制冷,K9PP667H01A,蒸发器 -膨胀阀,06,6447 XG,,01,活性碳空调滤芯,K9PP667H01A.jpg
电气 Électrique,取暖/制冷,K9PP667H01A,蒸发器 -膨胀阀,07,98 213 020 80,,01,颗粒过滤器堵盖,K9PP667H01A.jpg
电气 Électrique,取暖/制冷,K9PP667H01A,蒸发器 -膨胀阀,08,98 013 380 80,,01,排水盒,K9PP667H01A.jpg
电气 Électrique,取暖/制冷,K9PP667H01A,蒸发器 -膨胀阀,10,98 090 155 80,,01,空气加热器电阻,K9PP667H01A.jpg
电气 Électrique,取暖/制冷,K9PP667H01A,蒸发器 -膨胀阀,11,98 159 956 80,,01,管套固定板,K9PP667H01A.jpg
电气 Électrique,取暖/制冷,K9PP667H01A,蒸发器 -膨胀阀,12,16 097 408 80,,01,泡沫密封组件,K9PP667H01A.jpg
电气 Électrique,取暖/制冷,K9PP667H01A,蒸发器 -膨胀阀,14,98 212 976 80,,01,空调控制组件,K9PP667H01A.jpg
电气 Électrique,取暖/制冷,K9PP667H01A,蒸发器 -膨胀阀,15,98 177 612 80,,01,多功能支撑板,K9PP667H01A.jpg
电气 Électrique,取暖/制冷,K9PP667H01A,蒸发器 -膨胀阀,16,98 213 032 80,,01,隔音棉组件,K9PP667H01A.jpg
电气 Électrique,取暖/制冷,K9PP667H01A,蒸发器 -膨胀阀,20,6450 TX,,01,间隙补偿片,K9PP667H01A.jpg
电气 Électrique,取暖/制冷,K9PP667H01A,蒸发器 -膨胀阀,70,6922 H3,RP 6230 06,04/01,(MUL)六角头带垫圈螺栓,K9PP667H01A.jpg
电气 Électrique,取暖/制冷,K9PP667H01A,蒸发器 -膨胀阀,72,6450 TL,RP 98 027 757 80,01/01,RPL 六角螺钉,K9PP667H01A.jpg
电气 Électrique,取暖/制冷,K9PP667M01A,调节器、壳体和传感器,01,6445 KP,,01,蒸发器传感器,K9PP667M01A.jpg
电气 Électrique,取暖/制冷,K9PP667M01A,调节器、壳体和传感器,03,98 003 052 80,,01,日照传感器,K9PP667M01A.jpg
电气 Électrique,取暖/制冷,K9PP667N01A,空调压缩机和细节,01,98 299 345 80,,01,新压缩机,K9PP667N01A.jpg
电气 Électrique,取暖/制冷,K9PP667N01A,空调压缩机和细节,05,5606 P9,,01,压缩机支架,K9PP667N01A.jpg
电气 Électrique,取暖/制冷,K9PP667N01A,空调压缩机和细节,10,96 736 536 80,,03,六角头凸缘螺栓,K9PP667N01A.jpg
电气 Électrique,取暖/制冷,K9PP667P01A,冷凝器-干燥器单元,01,98 167 465 80,,01,无维护型冷凝器,K9PP667P01A.jpg
电气 Électrique,取暖/制冷,K9PP667P01A,冷凝器-干燥器单元,05,98 053 283 80,,01,冷凝器支架,K9PP667P01A.jpg
电气 Électrique,取暖/制冷,K9PP667P01A,冷凝器-干燥器单元,70,6925 L3,,01,MUL 带固定平垫圈的大内六角花形半圆头的螺钉,K9PP667P01A.jpg
电气 Électrique,取暖/制冷,K9PP667P20A,空调制冷管 – 固定件,01,96 782 705 80,RP 98 317 022 80,01/01,空调制冷管,K9PP667P20A.jpg
电气 Électrique,取暖/制冷,K9PP667P20A,空调制冷管 – 固定件,02,96 756 353 80,RP 98 407 098 80,01/01,空调制冷管,K9PP667P20A.jpg
电气 Électrique,取暖/制冷,K9PP667P20A,空调制冷管 – 固定件,03,98 072 562 80,,01,空调制冷管,K9PP667P20A.jpg
电气 Électrique,取暖/制冷,K9PP667P20A,空调制冷管 – 固定件,05,96 730 063 80,RP 98 330 786 80,01/01,空调压力传感器,K9PP667P20A.jpg
电气 Électrique,取暖/制冷,K9PP667P20A,空调制冷管 – 固定件,06,6460 T9,,04,O型密封圈,K9PP667P20A.jpg
电气 Électrique,取暖/制冷,K9PP667P20A,空调制冷管 – 固定件,07,6460 V0,,04,O型密封圈,K9PP667P20A.jpg
电气 Électrique,取暖/制冷,K9PP667P20A,空调制冷管 – 固定件,08,6460 CR,,02,O型密封圈,K9PP667P20A.jpg
电气 Électrique,取暖/制冷,K9PP667P20A,空调制冷管 – 固定件,09,6460 TP,,04,O型密封圈,K9PP667P20A.jpg
电气 Électrique,取暖/制冷,K9PP667P20A,空调制冷管 – 固定件,12,8899 Y8,,01,隔音泡沫,K9PP667P20A.jpg
电气 Électrique,取暖/制冷,K9PP667P20A,空调制冷管 – 固定件,40,16 150 585 80,,01,制冷回路阀门,K9PP667P20A.jpg
电气 Électrique,取暖/制冷,K9PP667P20A,空调制冷管 – 固定件,45,16 150 586 80,,01,制冷回路阀门,K9PP667P20A.jpg
电气 Électrique,取暖/制冷,K9PP667P20A,空调制冷管 – 固定件,50,16 150 587 80,,01,制冷阀堵盖,K9PP667P20A.jpg
电气 Électrique,取暖/制冷,K9PP667P20A,空调制冷管 – 固定件,55,16 150 588 80,,01,制冷阀堵盖,K9PP667P20A.jpg
电气 Électrique,取暖/制冷,K9PP667P20A,空调制冷管 – 固定件,70,0358 05,,02,(MUL)凸缘螺母,K9PP667P20A.jpg
电气 Électrique,取暖/制冷,K9PP667P20A,空调制冷管 – 固定件,71,6936 C9,,04,(MUL)凸缘螺母,K9PP667P20A.jpg
电气 Électrique,取暖/制冷,K9PP667P20A,空调制冷管 – 固定件,72,6943 83,,01,(MUL)簧片螺母,K9PP667P20A.jpg
电气 Électrique,取暖/制冷,K9PP667P20A,空调制冷管 – 固定件,73,6922 G0,,01,(MUL)六角头带垫圈螺栓,K9PP667P20A.jpg
电气 Électrique,取暖/制冷,K9PP667P40A,空调制冷管 – 固定件,70,98 605 119 80,,01,嵌入垫圈六角凸缘螺母,K9PP667P40A.jpg
车身 Carrosserie,白车身,K9PP770B01A,说明标签,01,16 078 324 80,,01,粘贴式制造商标签,K9PP770B01A.jpg
车身 Carrosserie,白车身,K9PP770B01A,说明标签,02,16 117 514 80,,01,VIN 标签,K9PP770B01A.jpg
车身 Carrosserie,白车身,K9PP770B01A,说明标签,05,16 316 313 80,,01,充气压力标签,K9PP770B01A.jpg
车身 Carrosserie,白车身,K9PP770B01A,说明标签,11,98 197 029 80,,01,制冷标签,K9PP770B01A.jpg
车身 Carrosserie,白车身,K9PP770B01A,说明标签,12,98 140 959 80,,01,烟尘排放标签,K9PP770B01A.jpg
车身 Carrosserie,白车身,K9PP770B01A,说明标签,40,98 187 358 80,,01,第二制动器使用标签,K9PP770B01A.jpg
车身 Carrosserie,白车身,K9PP770B01A,说明标签,41,96 421 981 80,,01,说明标签,K9PP770B01A.jpg
车身 Carrosserie,底部结构,K9PP770C01A,车身底部和纵梁,01,16 310 636 80,,01,地板内纵梁,K9PP770C01A.jpg
车身 Carrosserie,底部结构,K9PP770C01A,车身底部和纵梁,02,16 316 792 80,,01,地板纵梁加强板,K9PP770C01A.jpg
车身 Carrosserie,底部结构,K9PP770C01A,车身底部和纵梁,03,98 202 615 80,RP 98 376 505 80,01/01,地板纵梁加强板,K9PP770C01A.jpg
车身 Carrosserie,底部结构,K9PP770C01A,车身底部和纵梁,10,98 276 740 80,,01,车身下裙板,K9PP770C01A.jpg
车身 Carrosserie,底部结构,K9PP770C01A,车身底部和纵梁,15,98 211 549 XT,,01,车身下部装饰板,K9PP770C01A.jpg
车身 Carrosserie,底部结构,K9PP770C01A,车身底部和纵梁,16,98 164 609 XT,,01,车身下部装饰板,K9PP770C01A.jpg
车身 Carrosserie,底部结构,K9PP770C01A,车身底部和纵梁,50,98 194 784 80,,01,膨胀片,K9PP770C01A.jpg
车身 Carrosserie,底部结构,K9PP770C01A,车身底部和纵梁,51,98 219 049 80,,01,膨胀片,K9PP770C01A.jpg
车身 Carrosserie,底部结构,K9PP770C01A,车身底部和纵梁,53,98 206 424 80,,01,膨胀片,K9PP770C01A.jpg
车身 Carrosserie,底部结构,K9PP770C01A,车身底部和纵梁,54,98 206 423 80,,01,膨胀片,K9PP770C01A.jpg
车身 Carrosserie,底部结构,K9PP770C01A,车身底部和纵梁,56,98 196 849 80,,01,膨胀片,K9PP770C01A.jpg
车身 Carrosserie,底部结构,K9PP770C01A,车身底部和纵梁,90,6991 Z1,,11,(MUL)卡扣,K9PP770C01A.jpg
车身 Carrosserie,底部结构,K9PP770C01A,车身底部和纵梁,95,16 845 294 80,,01,车身下裙板固定组件,K9PP770C01A.jpg
车身 Carrosserie,车身底板防护板,K9PP770H01A,车身底部护罩,01,98 287 972 80,RP 98 469 133 80,01/01,发动机和变速箱下的隔音垫,K9PP770H01A.jpg
车身 Carrosserie,车身底板防护板,K9PP770H01A,车身底部护罩,03,98 145 457 80,,01,燃油箱导流板,K9PP770H01A.jpg
车身 Carrosserie,车身底板防护板,K9PP770H01A,车身底部护罩,70,6936 58,,03,(MUL)凸缘螺母,K9PP770H01A.jpg
车身 Carrosserie,车身底板防护板,K9PP770H01A,车身底部护罩,71,98 098 400 80,,01,螺丝,K9PP770H01A.jpg
车身 Carrosserie,横向前部,K9PP771A01A,前车架,01,98 305 126 80,,01,前横梁,K9PP771A01A.jpg
车身 Carrosserie,横向前部,K9PP771A01A,前车架,02,98 305 222 80,,01,前舱前框架横梁支架,K9PP771A01A.jpg
车身 Carrosserie,横向前部,K9PP771A01A,前车架,03,98 146 303 80,,01,前横梁,K9PP771A01A.jpg
车身 Carrosserie,横向前部,K9PP771A01A,前车架,04,98 147 140 80,RP 98 543 171 80,01/01,前舱前框架支撑,K9PP771A01A.jpg
车身 Carrosserie,横向前部,K9PP771A01A,前车架,06,98 173 974 80,,01,防空气再循环隔板,K9PP771A01A.jpg
车身 Carrosserie,横向前部,K9PP771A01A,前车架,11,96 759 710 80,,01,牵引环,K9PP771A01A.jpg
车身 Carrosserie,横向前部,K9PP771A01A,前车架,70,98 027 744 80,,02,(MUL)六角头带垫圈螺栓,K9PP771A01A.jpg
车身 Carrosserie,横向前部,K9PP771A01A,前车架,71,6936 C6,,02,(MUL)带垫圈螺母,K9PP771A01A.jpg
车身 Carrosserie,横向前部,K9PP771A01A,前车架,72,6922 H3,RP 6230 06,06/01,(MUL)六角头带垫圈螺栓,K9PP771A01A.jpg
车身 Carrosserie,横向前部,K9PP771A01A,前车架,73,6922 54,,02,(MUL)六角头带垫圈螺栓,K9PP771A01A.jpg
车身 Carrosserie,横向前部,K9PP771A01A,前车架,74,6923 78,,04,(MUL)六角头带垫圈螺栓,K9PP771A01A.jpg
车身 Carrosserie,横向前部,K9PP771A01A,前车架,90,16 845 283 80,,01,(MKT)前部磕碰固定件,K9PP771A01A.jpg
车身 Carrosserie,纵梁,K9PP771A50A,前轮拱及纵梁,01,16 310 639 80,,01,前部纵梁,K9PP771A50A.jpg
车身 Carrosserie,纵梁,K9PP771A50A,前轮拱及纵梁,02,16 310 640 80,,01,前部纵梁,K9PP771A50A.jpg
车身 Carrosserie,纵梁,K9PP771A50A,前轮拱及纵梁,03,98 167 296 80,,01,前纵梁底座,K9PP771A50A.jpg
车身 Carrosserie,纵梁,K9PP771A50A,前轮拱及纵梁,04,96 888 240 80,,01,前纵梁连接件,K9PP771A50A.jpg
车身 Carrosserie,纵梁,K9PP771A50A,前轮拱及纵梁,05,16 121 026 80,,01,通道加强板,K9PP771A50A.jpg
车身 Carrosserie,纵梁,K9PP771A50A,前轮拱及纵梁,06,96 759 795 80,RP 98 276 984 80,01/01,发动机悬架固定加强件,K9PP771A50A.jpg
车身 Carrosserie,纵梁,K9PP771A50A,前轮拱及纵梁,07,16 090 090 80,,01,发动机托架固定支架,K9PP771A50A.jpg
车身 Carrosserie,纵梁,K9PP771A50A,前轮拱及纵梁,08,96 743 847 80,,01,变速箱支架,K9PP771A50A.jpg
车身 Carrosserie,纵梁,K9PP771A50A,前轮拱及纵梁,09,96 743 846 80,,01,变速箱支架,K9PP771A50A.jpg
车身 Carrosserie,纵梁,K9PP771A50A,前轮拱及纵梁,10,96 783 209 80,,01,保险杠吸能器支架,K9PP771A50A.jpg
车身 Carrosserie,纵梁,K9PP771A50A,前轮拱及纵梁,11,98 157 262 80,RP 98 332 474 80,02/01,前纵梁后部,K9PP771A50A.jpg
车身 Carrosserie,纵梁,K9PP771A50A,前轮拱及纵梁,12,7518 L6,,02,堵塞,K9PP771A50A.jpg
车身 Carrosserie,纵梁,K9PP771A50A,前轮拱及纵梁,13,16 112 643 80,,01,发动机托架固定支架,K9PP771A50A.jpg
车身 Carrosserie,纵梁,K9PP771A50A,前轮拱及纵梁,14,16 173 056 80,RP 16 310 640 80,01/01,前部纵梁,K9PP771A50A.jpg
车身 Carrosserie,纵梁,K9PP771A50A,前轮拱及纵梁,15,98 008 554 80,,01,发动机悬架固定加强件,K9PP771A50A.jpg
车身 Carrosserie,纵梁,K9PP771A50A,前轮拱及纵梁,30,16 845 290 80,,01,MKT前保险杠固定件,K9PP771A50A.jpg
车身 Carrosserie,纵梁,K9PP771A50A,前轮拱及纵梁,70,96 763 795 80,,02,车身固定螺母,K9PP771A50A.jpg
车身 Carrosserie,前翼子板,K9PP771C01A,前翼子板,01,98 164 837 80,,01,前翼子板,K9PP771C01A.jpg
车身 Carrosserie,前翼子板,K9PP771C01A,前翼子板,02,98 177 648 80,,01,前翼子板支架,K9PP771C01A.jpg
车身 Carrosserie,前翼子板,K9PP771C01A,前翼子板,03,98 187 512 80,,02,前翼子板支架,K9PP771C01A.jpg
车身 Carrosserie,前翼子板,K9PP771C01A,前翼子板,04,98 164 379 80,,01,侧围板前加强板,K9PP771C01A.jpg
车身 Carrosserie,前翼子板,K9PP771C01A,前翼子板,05,98 129 748 80,,01,前轮罩,K9PP771C01A.jpg
车身 Carrosserie,前翼子板,K9PP771C01A,前翼子板,06,98 231 154 80,RP 98 505 315 80,01/01,轮罩盖板,K9PP771C01A.jpg
车身 Carrosserie,前翼子板,K9PP771C01A,前翼子板,07,16 307 302 80,,01,前轮罩,K9PP771C01A.jpg
车身 Carrosserie,前翼子板,K9PP771C01A,前翼子板,08,96 757 215 80,,02,底盘悬挂加强板,K9PP771C01A.jpg
车身 Carrosserie,前翼子板,K9PP771C01A,前翼子板,09,98 034 539 80,,01,单元保护件,K9PP771C01A.jpg
车身 Carrosserie,前翼子板,K9PP771C01A,前翼子板,10,16 307 304 80,,01,前翼子板里板,K9PP771C01A.jpg
车身 Carrosserie,前翼子板,K9PP771C01A,前翼子板,11,98 180 971 80,,01,发动机罩铰链加强板,K9PP771C01A.jpg
车身 Carrosserie,前翼子板,K9PP771C01A,前翼子板,12,98 006 845 80,,01,前翼子板支架,K9PP771C01A.jpg
车身 Carrosserie,前翼子板,K9PP771C01A,前翼子板,13,98 177 470 80,,01,前翼子板支架,K9PP771C01A.jpg
车身 Carrosserie,前翼子板,K9PP771C01A,前翼子板,14,98 565 638 80,,01,加强件,K9PP771C01A.jpg
车身 Carrosserie,前翼子板,K9PP771C01A,前翼子板,15,98 252 160 80,,01,流水槽装饰件,K9PP771C01A.jpg
车身 Carrosserie,前翼子板,K9PP771C01A,前翼子板,20,98 166 193 XT,,01,前翼子板装饰条,K9PP771C01A.jpg
车身 Carrosserie,前翼子板,K9PP771C01A,前翼子板,40,98 173 987 80,RP 98 505 235 80,01/01,轮罩挡泥板,K9PP771C01A.jpg
车身 Carrosserie,前翼子板,K9PP771C01A,前翼子板,41,98 223 331 80,,01,挡泥板支架,K9PP771C01A.jpg
车身 Carrosserie,前翼子板,K9PP771C01A,前翼子板,50,98 218 686 80,,01,前翼子板后密封条,K9PP771C01A.jpg
车身 Carrosserie,前翼子板,K9PP771C01A,前翼子板,70,7221 49,,07,螺钉,K9PP771C01A.jpg
车身 Carrosserie,前翼子板,K9PP771C01A,前翼子板,71,6925 L3,,03,MUL 带固定平垫圈的大内六角花形半圆头的螺钉,K9PP771C01A.jpg
车身 Carrosserie,前翼子板,K9PP771C01A,前翼子板,72,16 113 851 80,,01,(MUL)框架螺母,K9PP771C01A.jpg
车身 Carrosserie,前翼子板,K9PP771C01A,前翼子板,73,16 227 495 80,,02,(MUL) 铆钉,K9PP771C01A.jpg
车身 Carrosserie,前翼子板,K9PP771C01A,前翼子板,74,92 528 222 80,,02,锁紧螺母,K9PP771C01A.jpg
车身 Carrosserie,前翼子板,K9PP771C01A,前翼子板,75,6973 27,,01,(MUL) 铆钉,K9PP771C01A.jpg
车身 Carrosserie,前翼子板,K9PP771C01A,前翼子板,76,96 506 325 80,,01,焊接接地螺柱,K9PP771C01A.jpg
车身 Carrosserie,前翼子板,K9PP771C01A,前翼子板,78,16 227 503 80,,06,(MUL)卡扣,K9PP771C01A.jpg
车身 Carrosserie,前翼子板,K9PP771C01A,前翼子板,90,16 845 287 80,,01,MKT前翼子板固定件,K9PP771C01A.jpg
车身 Carrosserie,横梁,K9PP771E01A,隔板 横梁 隔音板,01,16 115 544 80,,01,前围挡板中横梁,K9PP771E01A.jpg
车身 Carrosserie,横梁,K9PP771E01A,隔板 横梁 隔音板,02,16 090 108 80,,01,前围挡板侧横梁,K9PP771E01A.jpg
车身 Carrosserie,横梁,K9PP771E01A,隔板 横梁 隔音板,03,98 172 875 80,,01,雨刮支架,K9PP771E01A.jpg
车身 Carrosserie,横梁,K9PP771E01A,隔板 横梁 隔音板,04,98 085 793 80,,01,前围挡板,K9PP771E01A.jpg
车身 Carrosserie,横梁,K9PP771E01A,隔板 横梁 隔音板,05,96 747 458 80,,01,前围挡板加强板,K9PP771E01A.jpg
车身 Carrosserie,横梁,K9PP771E01A,隔板 横梁 隔音板,06,96 708 122 80,,01,锁止加强板,K9PP771E01A.jpg
车身 Carrosserie,横梁,K9PP771E01A,隔板 横梁 隔音板,07,96 758 596 80,,01,前围挡板加强板,K9PP771E01A.jpg
车身 Carrosserie,横梁,K9PP771E01A,隔板 横梁 隔音板,10,98 324 097 80,,01,前围隔音垫,K9PP771E01A.jpg
车身 Carrosserie,横梁,K9PP771E01A,隔板 横梁 隔音板,11,98 175 149 80,RP 98 518 910 80,01/01,前围隔音垫,K9PP771E01A.jpg
车身 Carrosserie,横梁,K9PP771E01A,隔板 横梁 隔音板,12,98 201 487 80,,01,前风窗集风板隔音垫,K9PP771E01A.jpg
车身 Carrosserie,横梁,K9PP771E01A,隔板 横梁 隔音板,13,98 201 492 80,,01,前风窗集风板隔音垫,K9PP771E01A.jpg
车身 Carrosserie,横梁,K9PP771E01A,隔板 横梁 隔音板,14,98 176 846 80,,01,前围隔音垫,K9PP771E01A.jpg
车身 Carrosserie,横梁,K9PP771E01A,隔板 横梁 隔音板,15,98 175 079 80,,01,制动真空助力器隔音材料,K9PP771E01A.jpg
车身 Carrosserie,横梁,K9PP771E01A,隔板 横梁 隔音板,16,98 175 084 80,,01,前围盖板后横梁隔音垫,K9PP771E01A.jpg
车身 Carrosserie,横梁,K9PP771E01A,隔板 横梁 隔音板,18,98 177 913 80,,01,前轮罩隔音垫,K9PP771E01A.jpg
车身 Carrosserie,横梁,K9PP771E01A,隔板 横梁 隔音板,19,98 164 043 80,,01,前围侧隔音垫,K9PP771E01A.jpg
车身 Carrosserie,横梁,K9PP771E01A,隔板 横梁 隔音板,30,16 750 668 80,,01,前风窗下横梁,K9PP771E01A.jpg
车身 Carrosserie,横梁,K9PP771E01A,隔板 横梁 隔音板,31,16 750 669 80,,01,前风窗集风板,K9PP771E01A.jpg
车身 Carrosserie,横梁,K9PP771E01A,隔板 横梁 隔音板,32,98 174 333 80,,01,前围盖板侧加强板,K9PP771E01A.jpg
车身 Carrosserie,横梁,K9PP771E01A,隔板 横梁 隔音板,33,98 169 354 80,,01,前风窗立柱横梁里板,K9PP771E01A.jpg
车身 Carrosserie,横梁,K9PP771E01A,隔板 横梁 隔音板,70,7481 ZN,,10,固定夹,K9PP771E01A.jpg
车身 Carrosserie,横梁,K9PP771E01A,隔板 横梁 隔音板,71,98 250 089 80,,13,隔音固定夹,K9PP771E01A.jpg
车身 Carrosserie,横梁,K9PP771E01A,隔板 横梁 隔音板,72,16 227 495 80,,03,(MUL) 铆钉,K9PP771E01A.jpg
车身 Carrosserie,横梁,K9PP771E01A,隔板 横梁 隔音板,73,4523 07,,01,隔音固定夹,K9PP771E01A.jpg
车身 Carrosserie,前立柱,K9PP771G01A,前门立柱和侧板,01,16 310 647 80,,01,前立柱加强板,K9PP771G01A.jpg
车身 Carrosserie,前立柱,K9PP771G01A,前门立柱和侧板,02,98 276 759 80,,01,侧围板,K9PP771G01A.jpg
车身 Carrosserie,前立柱,K9PP771G01A,前门立柱和侧板,03,98 276 826 80,,01,侧围板,K9PP771G01A.jpg
车身 Carrosserie,前立柱,K9PP771G01A,前门立柱和侧板,50,98 195 365 80,,01,膨胀片,K9PP771G01A.jpg
车身 Carrosserie,前立柱,K9PP771G01A,前门立柱和侧板,51,98 197 049 80,,01,膨胀片,K9PP771G01A.jpg
车身 Carrosserie,前立柱,K9PP771G01A,前门立柱和侧板,52,98 195 414 80,,01,膨胀片,K9PP771G01A.jpg
车身 Carrosserie,前立柱,K9PP771G01A,前门立柱和侧板,54,98 195 480 80,,01,膨胀片,K9PP771G01A.jpg
车身 Carrosserie,前立柱,K9PP771G01A,前门立柱和侧板,55,98 195 499 80,,01,膨胀片,K9PP771G01A.jpg
车身 Carrosserie,后地板,K9PP772C01A,后地板及围板,01,16 314 806 80,,01,后地板,K9PP772C01A.jpg
车身 Carrosserie,后地板,K9PP772C01A,后地板及围板,02,98 139 914 80,,01,地板纵梁,K9PP772C01A.jpg
车身 Carrosserie,后地板,K9PP772C01A,后地板及围板,03,16 314 849 80,,01,地板台阶连接板,K9PP772C01A.jpg
车身 Carrosserie,后地板,K9PP772C01A,后地板及围板,04,98 166 131 80,,01,后地板,K9PP772C01A.jpg
车身 Carrosserie,后地板,K9PP772C01A,后地板及围板,05,16 307 290 80,,01,后翼子板里板,K9PP772C01A.jpg
车身 Carrosserie,后地板,K9PP772C01A,后地板及围板,06,98 163 819 80,,01,后翼子板里板,K9PP772C01A.jpg
车身 Carrosserie,后地板,K9PP772C01A,后地板及围板,07,16 307 291 80,,01,后翼子板里板,K9PP772C01A.jpg
车身 Carrosserie,后地板,K9PP772C01A,后地板及围板,10,98 169 219 80,,01,加强件,K9PP772C01A.jpg
车身 Carrosserie,后地板,K9PP772D51A,行李箱地板及分隔板,03,98 325 339 BJ,,04,网固定盖,K9PP772D51A.jpg
车身 Carrosserie,前地板,K9PP772E01A,前地板横梁,01,16 090 558 80,,01,前地板,K9PP772E01A.jpg
车身 Carrosserie,前地板,K9PP772E01A,前地板横梁,02,98 069 106 80,,01,前地板纵梁加强板,K9PP772E01A.jpg
车身 Carrosserie,前地板,K9PP772E01A,前地板横梁,03,98 167 241 80,,01,座椅固定横梁,K9PP772E01A.jpg
车身 Carrosserie,前地板,K9PP772E01A,前地板横梁,04,98 186 557 80,,01,座椅固定横梁,K9PP772E01A.jpg
车身 Carrosserie,前地板,K9PP772E01A,前地板横梁,05,98 165 344 80,,01,支柱连接板,K9PP772E01A.jpg
车身 Carrosserie,前地板,K9PP772E01A,前地板横梁,08,98 613 389 80,,01,通道加强板,K9PP772E01A.jpg
车身 Carrosserie,前地板,K9PP772E01A,前地板横梁,70,96 745 506 80,,03,带弹性垫片六角头螺栓,K9PP772E01A.jpg
车身 Carrosserie,前地板,K9PP772E01A,前地板横梁,71,96 506 325 80,,01,焊接接地螺柱,K9PP772E01A.jpg
车身 Carrosserie,底部,K9PP772E50A,下部后部车身底板,01,98 163 824 80,,01,后围板,K9PP772E50A.jpg
车身 Carrosserie,底部,K9PP772E50A,下部后部车身底板,02,98 163 814 80,,01,后围板里板,K9PP772E50A.jpg
车身 Carrosserie,底部,K9PP772E50A,下部后部车身底板,03,16 314 873 80,,01,地板纵梁,K9PP772E50A.jpg
车身 Carrosserie,底部,K9PP772E50A,下部后部车身底板,04,16 322 668 80,,01,纵梁加长板,K9PP772E50A.jpg
车身 Carrosserie,底部,K9PP772E50A,下部后部车身底板,05,16 314 854 80,,01,地板横梁,K9PP772E50A.jpg
车身 Carrosserie,底部,K9PP772E50A,下部后部车身底板,06,98 187 814 80,RP 98 417 349 80,01/01,底盘横梁,K9PP772E50A.jpg
车身 Carrosserie,底部,K9PP772E50A,下部后部车身底板,07,98 148 405 80,,01,地板纵梁,K9PP772E50A.jpg
车身 Carrosserie,底部,K9PP772E50A,下部后部车身底板,10,98 221 053 80,RP 98 628 988 80,01/01,保险杠横梁,K9PP772E50A.jpg
车身 Carrosserie,底部,K9PP772E50A,下部后部车身底板,11,96 759 710 80,,01,牵引环,K9PP772E50A.jpg
车身 Carrosserie,底部,K9PP772E50A,下部后部车身底板,70,6923 A9,,12,(MUL)六角头带垫圈螺栓,K9PP772E50A.jpg
车身 Carrosserie,前保险杠,K9PP774A01A,前保险杠,01,16 326 546 80,,01,前保险杠,K9PP774A01A.jpg
车身 Carrosserie,前保险杠,K9PP774A01A,前保险杠,02,16 326 547 80,,01,前保险杠格栅,K9PP774A01A.jpg
车身 Carrosserie,前保险杠,K9PP774A01A,前保险杠,03,16 326 548 80,,01,前保险杠,K9PP774A01A.jpg
车身 Carrosserie,前保险杠,K9PP774A01A,前保险杠,04,16 326 552 80,,01,前保险杠,K9PP774A01A.jpg
车身 Carrosserie,前保险杠,K9PP774A01A,前保险杠,05,16 326 553 80,,01,活门,K9PP774A01A.jpg
车身 Carrosserie,前保险杠,K9PP774A01A,前保险杠,06,16 326 554 80,,01,前保险杠格栅,K9PP774A01A.jpg
车身 Carrosserie,前保险杠,K9PP774A01A,前保险杠,07,98 169 925 80,,01,前保险杠装饰条,K9PP774A01A.jpg
车身 Carrosserie,前保险杠,K9PP774A01A,前保险杠,08,98 168 818 80,,01,前保险杠格栅,K9PP774A01A.jpg
车身 Carrosserie,前保险杠,K9PP774A01A,前保险杠,09,16 326 555 80,,01,保险杠装饰件组件,K9PP774A01A.jpg
车身 Carrosserie,前保险杠,K9PP774A01A,前保险杠,11,16 326 557 80,,01,保险杠装饰件组件,K9PP774A01A.jpg
车身 Carrosserie,前保险杠,K9PP774A01A,前保险杠,12,98 167 680 80,,01,保险杠吸能器,K9PP774A01A.jpg
车身 Carrosserie,前保险杠,K9PP774A01A,前保险杠,13,16 326 558 80,,01,保险杠侧面加强组件,K9PP774A01A.jpg
车身 Carrosserie,前保险杠,K9PP774A01A,前保险杠,15,98 168 810 80,,01,前保险杠装饰条,K9PP774A01A.jpg
车身 Carrosserie,前保险杠,K9PP774A01A,前保险杠,16,98 301 005 80,RP 98 473 162 80,01/01,保险杠骨架,K9PP774A01A.jpg
车身 Carrosserie,前保险杠,K9PP774A01A,前保险杠,17,98 218 474 80,,01,前保险杠支架,K9PP774A01A.jpg
车身 Carrosserie,前保险杠,K9PP774A01A,前保险杠,18,98 168 717 80,,01,保险杠通风道,K9PP774A01A.jpg
车身 Carrosserie,前保险杠,K9PP774A01A,前保险杠,19,98 168 716 80,,01,保险杠中间通风道,K9PP774A01A.jpg
车身 Carrosserie,前保险杠,K9PP774A01A,前保险杠,23,98 216 737 80,RP 98 216 736 80,01/01,保险杠横梁,K9PP774A01A.jpg
车身 Carrosserie,前保险杠,K9PP774A01A,前保险杠,25,98 168 095 80,,01,前保险杠扰流板,K9PP774A01A.jpg
车身 Carrosserie,前保险杠,K9PP774A01A,前保险杠,28,16 331 222 80,,01,保险杠装饰件组件,K9PP774A01A.jpg
车身 Carrosserie,前保险杠,K9PP774A01A,前保险杠,36,98 217 114 80,,01,保险杠骨架,K9PP774A01A.jpg
车身 Carrosserie,前保险杠,K9PP774A01A,前保险杠,45,98 027 845 80,,01,牌照支架,K9PP774A01A.jpg
车身 Carrosserie,前保险杠,K9PP774A01A,前保险杠,50,16 326 593 80,,01,(MUL)紧固件维修包,K9PP774A01A.jpg
车身 Carrosserie,前保险杠,K9PP774A01A,前保险杠,60,98 303 341 DX,,01,标识,K9PP774A01A.jpg
车身 Carrosserie,前保险杠,K9PP774A01A,前保险杠,70,98 098 400 80,,14,螺丝,K9PP774A01A.jpg
车身 Carrosserie,前保险杠,K9PP774A01A,前保险杠,71,6943 86,,02,(MUL)簧片螺母,K9PP774A01A.jpg
车身 Carrosserie,前保险杠,K9PP774A01A,前保险杠,72,6230 06,,06,(MUL)六角头带垫圈螺栓,K9PP774A01A.jpg
车身 Carrosserie,前保险杠,K9PP774A01A,前保险杠,73,98 010 249 80,,11,MUL RLX螺栓,K9PP774A01A.jpg
车身 Carrosserie,前保险杠,K9PP774A01A,前保险杠,74,98 098 400 80,,06,螺丝,K9PP774A01A.jpg
车身 Carrosserie,前保险杠,K9PP774A01A,前保险杠,75,98 072 182 80,,01,可移动的铆钉,K9PP774A01A.jpg
车身 Carrosserie,前保险杠,K9PP774A01A,前保险杠,76,6943 83,,04,(MUL)簧片螺母,K9PP774A01A.jpg
车身 Carrosserie,前保险杠,K9PP774A01A,前保险杠,77,8731 W6,,04,螺丝,K9PP774A01A.jpg
车身 Carrosserie,前保险杠,K9PP774A01A,前保险杠,78,98 021 863 80,,08,带弹性垫片六角头螺栓,K9PP774A01A.jpg
车身 Carrosserie,前保险杠,K9PP774A01A,前保险杠,89,6973 E0,,04,(MUL) 铆钉,K9PP774A01A.jpg
车身 Carrosserie,前保险杠,K9PP774A01A,前保险杠,90,16 845 284 80,,01,(MKT)前大包围固定件,K9PP774A01A.jpg
车身 Carrosserie,后保险杠,K9PP774B01A,后保险杠,01,16 335 575 80,,01,后保险杠,K9PP774B01A.jpg
车身 Carrosserie,后保险杠,K9PP774B01A,后保险杠,02,98 183 250 80,,01,活门,K9PP774B01A.jpg
车身 Carrosserie,后保险杠,K9PP774B01A,后保险杠,03,98 168 042 80,,01,后保险杠侧表皮,K9PP774B01A.jpg
车身 Carrosserie,后保险杠,K9PP774B01A,后保险杠,07,98 168 087 80,,01,后保险杠支架,K9PP774B01A.jpg
车身 Carrosserie,后保险杠,K9PP774B01A,后保险杠,09,98 168 081 80,,01,后保险杠支架,K9PP774B01A.jpg
车身 Carrosserie,后保险杠,K9PP774B01A,后保险杠,11,98 168 038 80,,01,后保险杠装饰条,K9PP774B01A.jpg
车身 Carrosserie,后保险杠,K9PP774B01A,后保险杠,12,16 335 589 80,,01,保险杠装饰件组件,K9PP774B01A.jpg
车身 Carrosserie,后保险杠,K9PP774B01A,后保险杠,40,98 221 053 80,RP 98 628 988 80,01/01,保险杠横梁,K9PP774B01A.jpg
车身 Carrosserie,后保险杠,K9PP774B01A,后保险杠,50,16 335 591 80,,01,(MUL)紧固件维修包,K9PP774B01A.jpg
车身 Carrosserie,后保险杠,K9PP774B01A,后保险杠,70,6230 06,,12,(MUL)六角头带垫圈螺栓,K9PP774B01A.jpg
车身 Carrosserie,后保险杠,K9PP774B01A,后保险杠,71,8361 53,,04,MUL RLX螺栓,K9PP774B01A.jpg
车身 Carrosserie,后保险杠,K9PP774B01A,后保险杠,72,98 010 249 80,,04,MUL RLX螺栓,K9PP774B01A.jpg
车身 Carrosserie,后保险杠,K9PP774B01A,后保险杠,73,96 753 802 80,,06,MUL RLX螺栓,K9PP774B01A.jpg
车身 Carrosserie,后保险杠,K9PP774B01A,后保险杠,74,16 087 223 80,,02,MUL 卡子,K9PP774B01A.jpg
车身 Carrosserie,后保险杠,K9PP774B01A,后保险杠,75,6922 H3,RP 6230 06,04/01,(MUL)六角头带垫圈螺栓,K9PP774B01A.jpg
车身 Carrosserie,后保险杠,K9PP774B01A,后保险杠,77,98 036 492 80,,06,(MUL) 凸缘螺栓,K9PP774B01A.jpg
车身 Carrosserie,后保险杠,K9PP774B01A,后保险杠,80,6991 F0,,04,(MUL) 铆钉,K9PP774B01A.jpg
车身 Carrosserie,后保险杠,K9PP774B01A,后保险杠,90,16 845 289 80,,01,(MKT)后大包围固定件,K9PP774B01A.jpg
车身 Carrosserie,牵引球和线束,K9PP774C01A,牵引,01,98 164 213 80,,01,拖车线束,K9PP774C01A.jpg
车身 Carrosserie,牵引球和线束,K9PP774C01A,牵引,03,16 232 410 80,,01,(ACC) 牵引球接头组件,K9PP774C01A.jpg
车身 Carrosserie,牵引球和线束,K9PP774C01A,牵引,70,5173 35,,06,(MUL) 凸缘螺栓,K9PP774C01A.jpg
车身 Carrosserie,牵引球和线束,K9PP774C01A,牵引,71,6939 A2,,04,(MUL)带垫圈螺母,K9PP774C01A.jpg
车身 Carrosserie,牵引球和线束,K9PP774C01A,牵引,72,5033 89,,04,行程限位器,K9PP774C01A.jpg
装备 Équipement,内饰,K9PP775B01A,地板地毯,01,98 219 029 ZD,,01,后地板地毯,K9PP775B01A.jpg
装备 Équipement,内饰,K9PP775B01A,地板地毯,05,16 595 897 80,,01,脚垫套件,K9PP775B01A.jpg
装备 Équipement,内饰,K9PP775B01A,地板地毯,06,98 230 179 ZD,RP 98 366 960 ZD,01/01,前地板前地毯,K9PP775B01A.jpg
装备 Équipement,内饰,K9PP775B01A,地板地毯,07,98 261 582 ZD,,01,观察活门,K9PP775B01A.jpg
装备 Équipement,内饰,K9PP775B01A,地板地毯,09,98 279 212 80,,01,粘性密封泡沫,K9PP775B01A.jpg
装备 Équipement,内饰,K9PP775B01A,地板地毯,10,98 175 182 80,,01,中央通道隔音材料,K9PP775B01A.jpg
装备 Équipement,内饰,K9PP775B01A,地板地毯,11,98 189 987 80,,01,中央通道隔音材料,K9PP775B01A.jpg
装备 Équipement,内饰,K9PP775B01A,地板地毯,12,98 255 510 ZD,,01,前地毯堵盖,K9PP775B01A.jpg
装备 Équipement,内饰,K9PP775B01A,地板地毯,15,98 344 902 80,,02,固定夹,K9PP775B01A.jpg
装备 Équipement,内饰,K9PP775B01A,地板地毯,16,98 366 960 ZD,,01,地毯组件,K9PP775B01A.jpg
装备 Équipement,内饰,K9PP775B01A,地板地毯,70,7481 Q6,,02,固定夹,K9PP775B01A.jpg
装备 Équipement,内饰,K9PP775B01A,地板地毯,71,7481 ZN,,02,固定夹,K9PP775B01A.jpg
装备 Équipement,内饰,K9PP775B01A,地板地毯,72,6935 A6,,03,(MUL)凸缘螺母,K9PP775B01A.jpg
装备 Équipement,内饰,K9PP775B01A,地板地毯,74,9044 46,,04,螺丝,K9PP775B01A.jpg
装备 Équipement,内饰,K9PP775B62A,地板地毯,15,98 172 191 ZD,,01,行李箱门槛装饰板,K9PP775B62A.jpg
装备 Équipement,内饰,K9PP775B62A,地板地毯,16,98 212 857 XT,,04,行李固定带,K9PP775B62A.jpg
装备 Équipement,内饰,K9PP775B62A,地板地毯,19,98 457 669 ZD,,01,行李箱地毯,K9PP775B62A.jpg
装备 Équipement,内饰,K9PP775B62A,地板地毯,70,9044 46,,04,螺丝,K9PP775B62A.jpg
车身 Carrosserie,车身堵塞盖,K9PP775F01A,车身上的堵塞,01,6438 68,,01,(MUL) 堵盖,K9PP775F01A.jpg
车身 Carrosserie,车身堵塞盖,K9PP775F01A,车身上的堵塞,02,6462 72,,01,(MUL) 堵盖,K9PP775F01A.jpg
车身 Carrosserie,车身堵塞盖,K9PP775F01A,车身上的堵塞,03,6547 L7,,01,(MUL) 堵盖,K9PP775F01A.jpg
车身 Carrosserie,车身堵塞盖,K9PP775F01A,车身上的堵塞,04,6983 42,,01,(MUL) 堵盖,K9PP775F01A.jpg
车身 Carrosserie,车身堵塞盖,K9PP775F01A,车身上的堵塞,05,6988 58,,01,堵塞,K9PP775F01A.jpg
车身 Carrosserie,车身堵塞盖,K9PP775F01A,车身上的堵塞,06,7518 WQ,,01,堵塞,K9PP775F01A.jpg
车身 Carrosserie,车身堵塞盖,K9PP775F01A,车身上的堵塞,07,7467 Y0,,01,粘性贴膜,K9PP775F01A.jpg
车身 Carrosserie,车身堵塞盖,K9PP775F01A,车身上的堵塞,08,7518 57,,01,(MUL) 堵盖,K9PP775F01A.jpg
车身 Carrosserie,车身堵塞盖,K9PP775F01A,车身上的堵塞,09,7518 A8,,01,后入口踏脚堵塞,K9PP775F01A.jpg
车身 Carrosserie,车身堵塞盖,K9PP775F01A,车身上的堵塞,10,7518 ES,,01,排水阀,K9PP775F01A.jpg
车身 Carrosserie,车身堵塞盖,K9PP775F01A,车身上的堵塞,11,7518 G6,,01,(MUL) 堵盖,K9PP775F01A.jpg
车身 Carrosserie,车身堵塞盖,K9PP775F01A,车身上的堵塞,12,7518 G7,RP YL 011 707 80,01/01,堵塞,K9PP775F01A.jpg
车身 Carrosserie,车身堵塞盖,K9PP775F01A,车身上的堵塞,13,7518 H2,,01,(MUL) 堵盖,K9PP775F01A.jpg
车身 Carrosserie,车身堵塞盖,K9PP775F01A,车身上的堵塞,14,7518 L6,,01,堵塞,K9PP775F01A.jpg
车身 Carrosserie,车身堵塞盖,K9PP775F01A,车身上的堵塞,15,7518 R3,,01,密封卡扣,K9PP775F01A.jpg
车身 Carrosserie,车身堵塞盖,K9PP775F01A,车身上的堵塞,16,7518 TB,,01,粘性贴膜,K9PP775F01A.jpg
车身 Carrosserie,车身堵塞盖,K9PP775F01A,车身上的堵塞,17,8335 VP,,01,(MUL) 堵盖,K9PP775F01A.jpg
车身 Carrosserie,车身堵塞盖,K9PP775F01A,车身上的堵塞,18,8336 50,,01,(MUL) 堵盖,K9PP775F01A.jpg
车身 Carrosserie,车身堵塞盖,K9PP775F01A,车身上的堵塞,19,9023 G1,,01,堵塞,K9PP775F01A.jpg
车身 Carrosserie,车身堵塞盖,K9PP775F01A,车身上的堵塞,20,96 435 798 80,,01,粘性贴膜,K9PP775F01A.jpg
车身 Carrosserie,车身堵塞盖,K9PP775F01A,车身上的堵塞,21,96 565 031 80,,01,密封件,K9PP775F01A.jpg
车身 Carrosserie,车身堵塞盖,K9PP775F01A,车身上的堵塞,22,16 100 175 80,,01,车身密封粘接剂套件,K9PP775F01A.jpg
车身 Carrosserie,车身堵塞盖,K9PP775F01A,车身上的堵塞,23,6587 H1,,01,粘性贴膜,K9PP775F01A.jpg
车身 Carrosserie,车身堵塞盖,K9PP775F01A,车身上的堵塞,24,7518 R8,RP YL 011 709 80,01/01,(MUL) 堵盖,K9PP775F01A.jpg
车身 Carrosserie,车身堵塞盖,K9PP775F01A,车身上的堵塞,25,6454 26,,01,前围堵塞,K9PP775F01A.jpg
车身 Carrosserie,车身堵塞盖,K9PP775F01A,车身上的堵塞,26,97 502 211 80,,01,粘性贴膜,K9PP775F01A.jpg
车身 Carrosserie,车身堵塞盖,K9PP775F01A,车身上的堵塞,27,96 844 558 80,,01,粘性贴膜,K9PP775F01A.jpg
车身 Carrosserie,车身堵塞盖,K9PP775F01A,车身上的堵塞,28,6983 66,,01,粘性贴膜,K9PP775F01A.jpg
机械 Mécanique,车轮,K9PP776A01A,备胎架,01,98 164 862 80,,01,备胎支架,K9PP776A01A.jpg
机械 Mécanique,车轮,K9PP776A01A,备胎架,02,98 206 568 80,,01,附件组备胎架,K9PP776A01A.jpg
机械 Mécanique,车轮,K9PP776A01A,备胎架,03,96 879 344 80,,01,备胎托架固定螺栓,K9PP776A01A.jpg
机械 Mécanique,车轮,K9PP776A01A,备胎架,04,98 224 778 80,,01,备胎架固定钩,K9PP776A01A.jpg
机械 Mécanique,车轮,K9PP776A01A,备胎架,70,6939 97,,02,(MUL)带垫圈螺母,K9PP776A01A.jpg
机械 Mécanique,车轮,K9PP776A01A,备胎架,71,7615 54,,01,(MUL) 平垫圈,K9PP776A01A.jpg
机械 Mécanique,车轮,K9PP776A50A,千斤顶,02,98 185 164 80,,01,车轮扳手,K9PP776A50A.jpg
机械 Mécanique,车轮,K9PP776A50A,千斤顶,03,98 202 929 80,,01,千斤顶盒,K9PP776A50A.jpg
机械 Mécanique,车轮,K9PP776A50A,千斤顶,04,6718 09,,01,备胎垫块,K9PP776A50A.jpg
机械 Mécanique,车轮,K9PP776A50A,千斤顶,05,6717 59,,01,灯泡检修口拆卸工具,K9PP776A50A.jpg
机械 Mécanique,车轮,K9PP776A50A,千斤顶,06,96 759 710 80,,01,牵引环,K9PP776A50A.jpg
机械 Mécanique,车轮,K9PP776A50A,千斤顶,10,6717 45,,01,车轮装饰罩拆卸工具,K9PP776A50A.jpg
车身 Carrosserie,发动机罩,K9PP779A01A,发动机罩,01,98 204 228 80,,01,发动机机罩,K9PP779A01A.jpg
车身 Carrosserie,发动机罩,K9PP779A01A,发动机罩,02,98 164 850 80,,01,机罩铰链,K9PP779A01A.jpg
车身 Carrosserie,发动机罩,K9PP779A01A,发动机罩,04,98 172 975 80,,01,机罩锁钩,K9PP779A01A.jpg
车身 Carrosserie,发动机罩,K9PP779A01A,发动机罩,05,98 305 227 80,,01,机罩撑杆,K9PP779A01A.jpg
车身 Carrosserie,发动机罩,K9PP779A01A,发动机罩,06,98 168 331 80,,01,机罩手动开启控制器,K9PP779A01A.jpg
车身 Carrosserie,发动机罩,K9PP779A01A,发动机罩,07,98 010 805 80,,01,开启手柄支架,K9PP779A01A.jpg
车身 Carrosserie,发动机罩,K9PP779A01A,发动机罩,08,8733 88,,04,发动机罩缓冲块,K9PP779A01A.jpg
车身 Carrosserie,发动机罩,K9PP779A01A,发动机罩,09,98 088 702 80,,01,机罩锁,K9PP779A01A.jpg
车身 Carrosserie,发动机罩,K9PP779A01A,发动机罩,10,98 181 912 80,,01,机罩密封条,K9PP779A01A.jpg
车身 Carrosserie,发动机罩,K9PP779A01A,发动机罩,11,98 173 923 80,,01,机罩隔音垫,K9PP779A01A.jpg
车身 Carrosserie,发动机罩,K9PP779A01A,发动机罩,70,98 098 400 80,,04,螺丝,K9PP779A01A.jpg
车身 Carrosserie,发动机罩,K9PP779A01A,发动机罩,71,6939 97,,04,(MUL)带垫圈螺母,K9PP779A01A.jpg
车身 Carrosserie,发动机罩,K9PP779A01A,发动机罩,72,6924 74,,01,MUL RLX螺栓,K9PP779A01A.jpg
车身 Carrosserie,发动机罩,K9PP779A01A,发动机罩,73,6925 P8,,02,MUL RLX螺栓,K9PP779A01A.jpg
车身 Carrosserie,发动机罩,K9PP779A01A,发动机罩,74,7934 E1,,02,螺丝,K9PP779A01A.jpg
车身 Carrosserie,发动机罩,K9PP779A01A,发动机罩,75,16 227 495 80,,08,(MUL) 铆钉,K9PP779A01A.jpg
车身 Carrosserie,发动机罩,K9PP779A01A,发动机罩,80,6935 A6,,02,(MUL)凸缘螺母,K9PP779A01A.jpg
车身 Carrosserie,发动机罩,K9PP779A01A,发动机罩,85,16 845 285 80,,01,MKT发动机罩紧固件,K9PP779A01A.jpg
车身 Carrosserie,发动机罩,K9PP779A01A,发动机罩,90,7950 59,,01,(MUL)卡扣,K9PP779A01A.jpg
车身 Carrosserie,发动机罩,K9PP779A01A,发动机罩,91,7928 43,,01,机罩开启软轴固定卡,K9PP779A01A.jpg
车身 Carrosserie,发动机罩,K9PP779A01A,发动机罩,92,6992 62,,01,(MUL)卡扣,K9PP779A01A.jpg
车身 Carrosserie,发动机罩,K9PP779A01A,发动机罩,93,6992 40,,01,(MUL)卡扣,K9PP779A01A.jpg
机械 Mécanique,车轮,K9PP876A60A,千斤顶,04,6718 09,,01,备胎垫块,K9PP876A60A.jpg
车身 Carrosserie,挡风玻璃,K9PP881A01A,风挡和风窗玻璃,01,98 164 686 80,,01,前风窗立柱加强板,K9PP881A01A.jpg
车身 Carrosserie,挡风玻璃,K9PP881A01A,风挡和风窗玻璃,02,16 316 870 80,,01,前风窗立柱里板,K9PP881A01A.jpg
车身 Carrosserie,挡风玻璃,K9PP881A01A,风挡和风窗玻璃,05,98 166 043 XT,,01,前围盖板进气格栅,K9PP881A01A.jpg
车身 Carrosserie,挡风玻璃,K9PP881A01A,风挡和风窗玻璃,06,98 166 022 80,,01,前风窗集风板,K9PP881A01A.jpg
车身 Carrosserie,挡风玻璃,K9PP881A01A,风挡和风窗玻璃,08,98 169 829 80,,01,泡沫材料,K9PP881A01A.jpg
车身 Carrosserie,挡风玻璃,K9PP881A01A,风挡和风窗玻璃,10,98 194 142 XT,,01,进气格栅装饰件,K9PP881A01A.jpg
车身 Carrosserie,挡风玻璃,K9PP881A01A,风挡和风窗玻璃,11,98 166 059 80,,01,前风窗玻璃,K9PP881A01A.jpg
车身 Carrosserie,挡风玻璃,K9PP881A01A,风挡和风窗玻璃,12,8735 98,,08,玻璃垫块,K9PP881A01A.jpg
车身 Carrosserie,挡风玻璃,K9PP881A01A,风挡和风窗玻璃,13,98 066 805 80,,01,风窗排水管,K9PP881A01A.jpg
车身 Carrosserie,挡风玻璃,K9PP881A01A,风挡和风窗玻璃,16,98 167 822 80,,01,进气格栅密封条,K9PP881A01A.jpg
车身 Carrosserie,挡风玻璃,K9PP881A01A,风挡和风窗玻璃,50,98 195 267 80,,01,膨胀片,K9PP881A01A.jpg
车身 Carrosserie,挡风玻璃,K9PP881A01A,风挡和风窗玻璃,70,98 098 400 80,,06,螺丝,K9PP881A01A.jpg
车身 Carrosserie,挡风玻璃,K9PP881A01A,风挡和风窗玻璃,71,6555 LE,,02,(MUL) 铆钉,K9PP881A01A.jpg
车身 Carrosserie,车顶内衬,K9PP881D01A,内后视镜 - 遮阳板,01,98 094 986 BJ,,01,遮阳板,K9PP881D01A.jpg
车身 Carrosserie,车顶内衬,K9PP881D01A,内后视镜 - 遮阳板,02,98 094 980 BJ,,01,遮阳板,K9PP881D01A.jpg
车身 Carrosserie,车顶内衬,K9PP881D01A,内后视镜 - 遮阳板,03,8163 ES,,02,挂钩,K9PP881D01A.jpg
车身 Carrosserie,车顶内衬,K9PP881D01A,内后视镜 - 遮阳板,04,98 133 651 80,,02,遮阳板固定卡,K9PP881D01A.jpg
车身 Carrosserie,车顶内衬,K9PP881D01A,内后视镜 - 遮阳板,05,98 088 311 XT,,01,内后视镜,K9PP881D01A.jpg
车身 Carrosserie,车顶内衬,K9PP881D01A,内后视镜 - 遮阳板,06,98 175 982 XT,,01,内后视镜底座盖,K9PP881D01A.jpg
车身 Carrosserie,后视镜,K9PP881G01A,外后视镜,01,98 169 929 XT,,01,外后视镜,K9PP881G01A.jpg
车身 Carrosserie,后视镜,K9PP881G01A,外后视镜,02,16 168 696 80,,01,后视镜装饰罩,K9PP881G01A.jpg
车身 Carrosserie,后视镜,K9PP881G01A,外后视镜,03,16 168 693 80,,01,后视镜镜片,K9PP881G01A.jpg
车身 Carrosserie,后视镜,K9PP881G01A,外后视镜,04,6602 48,,01,后视镜电机,K9PP881G01A.jpg
车身 Carrosserie,后视镜,K9PP881G01A,外后视镜,07,96 788 264 ZD,,01,开关板,K9PP881G01A.jpg
车身 Carrosserie,后视镜,K9PP881G01A,外后视镜,20,6445 F9,,01,外后视镜温度传感器,K9PP881G01A.jpg
车身 Carrosserie,后视镜,K9PP881G01A,外后视镜,70,6924 C1,,06,MUL 大的内六角花形半圆头螺钉,K9PP881G01A.jpg
装备 Équipement,仪表板,K9PP882A05A,仪表台- 隔音板,01,16 362 607 ZD,RP 16 841 900 ZD,01/01,仪表板,K9PP882A05A.jpg
装备 Équipement,仪表板,K9PP882A05A,仪表台- 隔音板,03,98 183 804 ZD,,01,仪表板,K9PP882A05A.jpg
装备 Équipement,仪表板,K9PP882A05A,仪表台- 隔音板,04,98 183 776 ZD,,01,仪表板下装饰板,K9PP882A05A.jpg
装备 Équipement,仪表板,K9PP882A05A,仪表台- 隔音板,05,98 213 489 80,,01,前置气管,K9PP882A05A.jpg
装备 Équipement,仪表板,K9PP882A05A,仪表台- 隔音板,09,98 194 382 ZD,,02,副仪表固定盖,K9PP882A05A.jpg
装备 Équipement,仪表板,K9PP882A05A,仪表台- 隔音板,12,98 165 630 ZD,,01,空调罩,K9PP882A05A.jpg
装备 Équipement,仪表板,K9PP882A05A,仪表台- 隔音板,13,98 165 629 ZD,,01,空调罩,K9PP882A05A.jpg
装备 Équipement,仪表板,K9PP882A05A,仪表台- 隔音板,15,98 183 807 ZD,,01,仪表板杂物盒,K9PP882A05A.jpg
装备 Équipement,仪表板,K9PP882A05A,仪表台- 隔音板,18,98 165 482 80,,01,通风导管,K9PP882A05A.jpg
装备 Équipement,仪表板,K9PP882A05A,仪表台- 隔音板,19,98 165 484 80,,01,通风导管,K9PP882A05A.jpg
装备 Équipement,仪表板,K9PP882A05A,仪表台- 隔音板,20,98 307 523 ZD,,01,侧固定盖,K9PP882A05A.jpg
装备 Équipement,仪表板,K9PP882A05A,仪表台- 隔音板,25,98 231 196 ZD,,01,侧固定盖,K9PP882A05A.jpg
装备 Équipement,仪表板,K9PP882A05A,仪表台- 隔音板,27,98 242 513 80,,01,多功能显示屏支架,K9PP882A05A.jpg
装备 Équipement,仪表板,K9PP882A05A,仪表台- 隔音板,70,96 745 506 80,,04,带弹性垫片六角头螺栓,K9PP882A05A.jpg
装备 Équipement,仪表板,K9PP882A05A,仪表台- 隔音板,71,96 753 802 80,,06,MUL RLX螺栓,K9PP882A05A.jpg
装备 Équipement,仪表板,K9PP882A05A,仪表台- 隔音板,72,6924 E9,,01,MUL 大的内六角花形半圆头螺钉,K9PP882A05A.jpg
装备 Équipement,仪表板,K9PP882A05A,仪表台- 隔音板,73,96 777 504 80,,02,MUL 大的内六角花形半圆头螺钉,K9PP882A05A.jpg
装备 Équipement,仪表板,K9PP882A05A,仪表台- 隔音板,75,8231 AF,,02,仪表板固定夹,K9PP882A05A.jpg
装备 Équipement,手套箱,K9PP882B05A,手套箱 - 手套箱锁,02,98 183 819 FZ,,01,仪表板杂物盒,K9PP882B05A.jpg
装备 Équipement,手套箱,K9PP882B05A,手套箱 - 手套箱锁,03,98 253 881 ZD,,01,杂物盒装饰件,K9PP882B05A.jpg
装备 Équipement,手套箱,K9PP882B05A,手套箱 - 手套箱锁,05,16 870 828 ZD,,01,仪表板杂物盒,K9PP882B05A.jpg
装备 Équipement,手套箱,K9PP882B05A,手套箱 - 手套箱锁,08,98 210 554 ZD,,01,面板杂物盒,K9PP882B05A.jpg
装备 Équipement,手套箱,K9PP882B05A,手套箱 - 手套箱锁,09,98 206 361 ZD,,01,杂物盒,K9PP882B05A.jpg
装备 Équipement,手套箱,K9PP882B05A,手套箱 - 手套箱锁,33,98 027 417 80,,01,空调通风管堵塞,K9PP882B05A.jpg
装备 Équipement,仪表板上的面板,K9PP882D05A,仪表台- 饰板,01,16 407 189 FZ,,01,仪表板装饰条,K9PP882D05A.jpg
装备 Équipement,仪表板上的面板,K9PP882D05A,仪表台- 饰板,02,16 407 190 FZ,,01,仪表板装饰条,K9PP882D05A.jpg
装备 Équipement,仪表板上的面板,K9PP882D05A,仪表台- 饰板,04,98 183 769 ZD,,01,仪表板开关支架,K9PP882D05A.jpg
装备 Équipement,仪表板上的面板,K9PP882D05A,仪表台- 饰板,16,98 183 766 ZD,,01,副仪表板面板,K9PP882D05A.jpg
装备 Équipement,仪表板上的面板,K9PP882D05A,仪表台- 饰板,17,98 197 256 ZD,,01,多功能支撑板,K9PP882D05A.jpg
装备 Équipement,仪表板上的面板,K9PP882D05A,仪表台- 饰板,22,98 278 078 80,,01,变速杆底座,K9PP882D05A.jpg
装备 Équipement,仪表板上的面板,K9PP882D05A,仪表台- 饰板,31,98 173 425 ZD,,06,堵塞,K9PP882D05A.jpg
装备 Équipement,仪表板上的面板,K9PP882D05A,仪表台- 饰板,35,98 177 534 ZD,,01,固定罩,K9PP882D05A.jpg
装备 Équipement,仪表板上的面板,K9PP882D05A,仪表台- 饰板,73,96 777 504 80,,02,MUL 大的内六角花形半圆头螺钉,K9PP882D05A.jpg
装备 Équipement,仪表板上的面板,K9PP882D05A,仪表台- 饰板,76,96 704 037 80,,02,螺母,K9PP882D05A.jpg
装备 Équipement,仪表板上的面板,K9PP882E01A,烟灰缸 - 时钟 - 点烟器,01,96 623 984 ZD,,01,点烟器,K9PP882E01A.jpg
电气 Électrique,安全气囊,K9PP882G01A,正向安全气囊袋,01,98 185 172 ZD,,01,带安全气囊的方向盘罩盖,K9PP882G01A.jpg
电气 Électrique,安全气囊,K9PP882G01A,正向安全气囊袋,05,98 187 640 80,,01,顶蓬安全气囊,K9PP882G01A.jpg
电气 Électrique,安全气囊,K9PP882G01A,正向安全气囊袋,70,4503 43,,02,(MUL)凸缘螺母,K9PP882G01A.jpg
电气 Électrique,安全气囊,K9PP882G01A,正向安全气囊袋,71,98 021 863 80,,02,带弹性垫片六角头螺栓,K9PP882G01A.jpg
电气 Électrique,安全气囊,K9PP882G50A,侧向安全气囊袋,01,98 172 920 80,,01,顶蓬安全气囊,K9PP882G50A.jpg
电气 Électrique,安全气囊,K9PP882G50A,侧向安全气囊袋,02,98 172 715 80,,01,顶蓬安全气囊,K9PP882G50A.jpg
电气 Électrique,安全气囊,K9PP882G50A,侧向安全气囊袋,03,98 170 704 80,,01,气囊扰流板,K9PP882G50A.jpg
电气 Électrique,安全气囊,K9PP882G50A,侧向安全气囊袋,04,98 173 374 80,,01,气囊扰流板,K9PP882G50A.jpg
电气 Électrique,安全气囊,K9PP882G50A,侧向安全气囊袋,70,96 739 431 80,,02,MKT卡夹,K9PP882G50A.jpg
电气 Électrique,安全气囊,K9PP882G50A,侧向安全气囊袋,71,6925 G5,,02,(MUL) 凸缘螺栓,K9PP882G50A.jpg
电气 Électrique,安全气囊,K9PP882G51A,侧向安全气囊袋驾驶员侧 或者 乘客侧,01,98 164 467 80,,01,侧安全气囊,K9PP882G51A.jpg
电气 Électrique,安全气囊,K9PP882G51A,侧向安全气囊袋驾驶员侧 或者 乘客侧,10,98 271 930 80,,02,螺母,K9PP882G51A.jpg
电气 Électrique,安全气囊,K9PP882G80A,控制盒和传感器,01,16 347 378 80,,01,安全气囊控制盒,K9PP882G80A.jpg
电气 Électrique,安全气囊,K9PP882G80A,控制盒和传感器,02,98 104 524 80,RP 98 520 804 80,01/01,侧安全气囊加速度传感器,K9PP882G80A.jpg
电气 Électrique,安全气囊,K9PP882G80A,控制盒和传感器,03,98 104 524 80,RP 98 520 804 80,01/01,侧安全气囊加速度传感器,K9PP882G80A.jpg
电气 Électrique,安全气囊,K9PP882G80A,控制盒和传感器,04,98 102 680 80,,01,压力传感器,K9PP882G80A.jpg
电气 Électrique,安全气囊,K9PP882G80A,控制盒和传感器,05,98 102 680 80,,01,压力传感器,K9PP882G80A.jpg
电气 Électrique,安全气囊,K9PP882G80A,控制盒和传感器,06,96 413 912 ZD,,01,乘客侧气囊解除开关,K9PP882G80A.jpg
电气 Électrique,安全气囊,K9PP882G80A,控制盒和传感器,70,6935 A6,,01,(MUL)凸缘螺母,K9PP882G80A.jpg
电气 Électrique,安全气囊,K9PP882G80A,控制盒和传感器,71,6935 A6,,01,(MUL)凸缘螺母,K9PP882G80A.jpg
电气 Électrique,安全气囊,K9PP882G80A,控制盒和传感器,72,6935 A6,,01,(MUL)凸缘螺母,K9PP882G80A.jpg
装备 Équipement,内饰,K9PP882L01A,前侧内饰板,01,98 163 958 ZD,,01,前立柱下部饰件,K9PP882L01A.jpg
装备 Équipement,内饰,K9PP882L01A,前侧内饰板,02,98 487 977 BJ,,01,风窗立柱装饰套件,K9PP882L01A.jpg
装备 Équipement,内饰,K9PP882L01A,前侧内饰板,03,98 164 908 BJ,,01,中立柱上装饰板,K9PP882L01A.jpg
装备 Équipement,内饰,K9PP882L01A,前侧内饰板,04,98 165 193 ZD,,01,中立柱下装饰板,K9PP882L01A.jpg
装备 Équipement,内饰,K9PP882L01A,前侧内饰板,05,98 163 964 ZD,,01,前侧梁装饰件,K9PP882L01A.jpg
装备 Équipement,内饰,K9PP882L01A,前侧内饰板,06,98 233 461 ZD,,01,安全带出口装饰件,K9PP882L01A.jpg
装备 Équipement,内饰,K9PP882L01A,前侧内饰板,70,96 787 261 80,,01,装饰件保持夹,K9PP882L01A.jpg
装备 Équipement,内饰,K9PP882L01A,前侧内饰板,71,16 064 256 80,,03,装饰板固定卡,K9PP882L01A.jpg
装备 Équipement,内饰,K9PP882L01A,前侧内饰板,72,96 739 430 80,,03,MKT卡夹,K9PP882L01A.jpg
装备 Équipement,内饰,K9PP882L01A,前侧内饰板,73,16 087 223 80,,04,MUL 卡子,K9PP882L01A.jpg
装备 Équipement,内饰,K9PP882L01A,前侧内饰板,74,96 753 802 80,,04,MUL RLX螺栓,K9PP882L01A.jpg
装备 Équipement,内饰,K9PP882L80A,"后内饰板, 单厢式/VU车辆左侧",10,98 182 685 80,,01,纵梁装饰板支架,K9PP882L80A.jpg
装备 Équipement,内饰,K9PP882L80A,"后内饰板, 单厢式/VU车辆左侧",11,98 173 561 ZD,,01,后侧梁装饰件,K9PP882L80A.jpg
装备 Équipement,内饰,K9PP882L80A,"后内饰板, 单厢式/VU车辆左侧",12,98 288 263 80,,01,后侧围板装饰件支架,K9PP882L80A.jpg
装备 Équipement,内饰,K9PP882L80A,"后内饰板, 单厢式/VU车辆左侧",13,98 194 853 BJ,,01,三角窗装饰板,K9PP882L80A.jpg
装备 Équipement,内饰,K9PP882L80A,"后内饰板, 单厢式/VU车辆左侧",14,98 225 994 80,,01,排气口隔音垫,K9PP882L80A.jpg
装备 Équipement,内饰,K9PP882L80A,"后内饰板, 单厢式/VU车辆左侧",16,98 169 205 ZD,,01,行李箱侧装饰件,K9PP882L80A.jpg
装备 Équipement,内饰,K9PP882L80A,"后内饰板, 单厢式/VU车辆左侧",17,98 175 861 ZD,,01,行李箱侧装饰板支架,K9PP882L80A.jpg
装备 Équipement,内饰,K9PP882L80A,"后内饰板, 单厢式/VU车辆左侧",18,98 244 470 80,,01,安全带卷绕器通道盖,K9PP882L80A.jpg
装备 Équipement,内饰,K9PP882L80A,"后内饰板, 单厢式/VU车辆左侧",19,98 220 581 ZD,,01,杯托,K9PP882L80A.jpg
装备 Équipement,内饰,K9PP882L80A,"后内饰板, 单厢式/VU车辆左侧",20,98 180 312 80,,01,后轮罩隔音垫,K9PP882L80A.jpg
装备 Équipement,内饰,K9PP882L80A,"后内饰板, 单厢式/VU车辆左侧",21,98 180 335 80,,01,前轮罩隔音垫,K9PP882L80A.jpg
装备 Équipement,内饰,K9PP882L80A,"后内饰板, 单厢式/VU车辆左侧",74,9345 ZN,,05,(MUL)卡扣,K9PP882L80A.jpg
装备 Équipement,内饰,K9PP882L80A,"后内饰板, 单厢式/VU车辆左侧",75,98 105 153 80,,02,金属卡夹,K9PP882L80A.jpg
装备 Équipement,内饰,K9PP882L80A,"后内饰板, 单厢式/VU车辆左侧",77,6986 A8,,02,MUL 卡子,K9PP882L80A.jpg
装备 Équipement,内饰,K9PP882L90A,"后内饰板, 单厢式/VU车辆右侧",10,98 182 684 80,,01,纵梁装饰板支架,
装备 Équipement,内饰,K9PP882L90A,"后内饰板, 单厢式/VU车辆右侧",11,98 173 560 ZD,,01,后侧梁装饰件,
装备 Équipement,内饰,K9PP882L90A,"后内饰板, 单厢式/VU车辆右侧",12,98 288 262 80,,01,后侧围板装饰件支架,
装备 Équipement,内饰,K9PP882L90A,"后内饰板, 单厢式/VU车辆右侧",13,98 194 852 BJ,,01,三角窗装饰板,
装备 Équipement,内饰,K9PP882L90A,"后内饰板, 单厢式/VU车辆右侧",14,98 225 993 80,,01,排气口隔音垫,
装备 Équipement,内饰,K9PP882L90A,"后内饰板, 单厢式/VU车辆右侧",16,98 304 832 ZD,,01,行李箱侧装饰件,
装备 Équipement,内饰,K9PP882L90A,"后内饰板, 单厢式/VU车辆右侧",17,98 175 860 ZD,,01,行李箱侧装饰板支架,
装备 Équipement,内饰,K9PP882L90A,"后内饰板, 单厢式/VU车辆右侧",18,98 206 490 80,,01,安全带卷绕器通道盖,
装备 Équipement,内饰,K9PP882L90A,"后内饰板, 单厢式/VU车辆右侧",19,98 220 582 ZD,,01,杯托,
装备 Équipement,内饰,K9PP882L90A,"后内饰板, 单厢式/VU车辆右侧",20,98 180 312 80,,01,后轮罩隔音垫,
装备 Équipement,内饰,K9PP882L90A,"后内饰板, 单厢式/VU车辆右侧",21,98 180 335 80,,01,前轮罩隔音垫,
装备 Équipement,内饰,K9PP882L90A,"后内饰板, 单厢式/VU车辆右侧",75,98 105 153 80,,02,金属卡夹,
装备 Équipement,内饰,K9PP882L90A,"后内饰板, 单厢式/VU车辆右侧",77,6986 A8,,02,MUL 卡子,
装备 Équipement,中央控制台,K9PP882P01A,前中控台-烟灰缸,01,98 165 631 ZD,,01,副仪表板,K9PP882P01A.jpg
装备 Équipement,中央控制台,K9PP882P01A,前中控台-烟灰缸,05,98 244 530 FZ,,01,副仪表板侧装饰板,K9PP882P01A.jpg
装备 Équipement,中央控制台,K9PP882P01A,前中控台-烟灰缸,06,98 244 531 FZ,,01,副仪表板侧装饰板,K9PP882P01A.jpg
装备 Équipement,中央控制台,K9PP882P01A,前中控台-烟灰缸,07,98 184 541 ZD,,01,储物箱装饰件,K9PP882P01A.jpg
装备 Équipement,中央控制台,K9PP882P01A,前中控台-烟灰缸,09,98 194 382 ZD,,04,副仪表固定盖,K9PP882P01A.jpg
装备 Équipement,中央控制台,K9PP882P01A,前中控台-烟灰缸,10,98 168 076 80,,01,副仪表板下通气管,K9PP882P01A.jpg
装备 Équipement,中央控制台,K9PP882P01A,前中控台-烟灰缸,11,98 187 945 80,,01,副仪表板下通气管,K9PP882P01A.jpg
装备 Équipement,中央控制台,K9PP882P01A,前中控台-烟灰缸,13,98 111 333 80,,01,空调通气管,K9PP882P01A.jpg
装备 Équipement,中央控制台,K9PP882P01A,前中控台-烟灰缸,14,98 111 334 80,,01,空调通气管,K9PP882P01A.jpg
装备 Équipement,中央控制台,K9PP882P01A,前中控台-烟灰缸,16,98 253 431 ZD,,01,副仪表板面板,K9PP882P01A.jpg
装备 Équipement,中央控制台,K9PP882P01A,前中控台-烟灰缸,80,96 753 802 80,,04,MUL RLX螺栓,K9PP882P01A.jpg
装备 Équipement,中央控制台,K9PP882P01A,前中控台-烟灰缸,81,16 227 495 80,,05,(MUL) 铆钉,K9PP882P01A.jpg
装备 Équipement,中央控制台,K9PP882P01A,前中控台-烟灰缸,82,7591 GP,,02,螺丝,K9PP882P01A.jpg
装备 Équipement,中央控制台,K9PP882P40A,后地板控制台-烟灰缸,01,98 165 636 ZD,,01,副仪表板面板,K9PP882P40A.jpg
装备 Équipement,中央控制台,K9PP882P40A,后地板控制台-烟灰缸,02,98 151 822 ZD,,01,副仪表板出风口,K9PP882P40A.jpg
装备 Équipement,中央控制台,K9PP882P40A,后地板控制台-烟灰缸,04,98 165 478 80,,01,副仪表板支架,K9PP882P40A.jpg
装备 Équipement,中央控制台,K9PP882P40A,后地板控制台-烟灰缸,80,96 753 802 80,,04,MUL RLX螺栓,K9PP882P40A.jpg
装备 Équipement,中央控制台,K9PP882P40A,后地板控制台-烟灰缸,81,16 227 495 80,,05,(MUL) 铆钉,K9PP882P40A.jpg
装备 Équipement,中央控制台,K9PP882P40A,后地板控制台-烟灰缸,82,7591 GP,,02,螺丝,K9PP882P40A.jpg
车身 Carrosserie,车顶板,K9PP883A01A,车顶板- 内框架- 行李架,03,98 165 650 80,,01,多功能顶蓬,K9PP883A01A.jpg
车身 Carrosserie,车顶板,K9PP883A01A,车顶板- 内框架- 行李架,04,96 806 567 80,,01,行李箱加强板,K9PP883A01A.jpg
车身 Carrosserie,车顶板,K9PP883A01A,车顶板- 内框架- 行李架,05,98 204 638 80,,01,压接螺母,K9PP883A01A.jpg
车身 Carrosserie,车顶板,K9PP883A01A,车顶板- 内框架- 行李架,06,98 196 553 80,,01,顶篷横梁,K9PP883A01A.jpg
车身 Carrosserie,车顶板,K9PP883A01A,车顶板- 内框架- 行李架,08,16 277 975 80,,01,车顶弯梁,K9PP883A01A.jpg
车身 Carrosserie,车顶板,K9PP883A01A,车顶板- 内框架- 行李架,09,98 240 029 80,,01,顶盖玻璃支架,K9PP883A01A.jpg
车身 Carrosserie,车顶板,K9PP883A01A,车顶板- 内框架- 行李架,10,16 271 397 80,,01,顶盖后横梁,K9PP883A01A.jpg
车身 Carrosserie,车顶板,K9PP883A01A,车顶板- 内框架- 行李架,15,98 177 512 XY,,01,行李架,K9PP883A01A.jpg
车身 Carrosserie,车顶板,K9PP883A01A,车顶板- 内框架- 行李架,20,98 177 523 XY,,04,行李存放杆机罩总成,K9PP883A01A.jpg
车身 Carrosserie,车顶板,K9PP883A01A,车顶板- 内框架- 行李架,30,98 171 177 80,,01,顶篷玻璃,K9PP883A01A.jpg
车身 Carrosserie,车顶板,K9PP883A01A,车顶板- 内框架- 行李架,85,9035 S1,,06,螺钉,K9PP883A01A.jpg
车身 Carrosserie,车顶弯梁,K9PP883A50A,车顶弯梁,01,16 316 338 80,,01,顶盖弧形加强板,K9PP883A50A.jpg
车身 Carrosserie,车顶弯梁,K9PP883A50A,车顶弯梁,02,16 316 873 80,,01,顶盖弧形板里板,K9PP883A50A.jpg
车身 Carrosserie,车顶弯梁,K9PP883A50A,车顶弯梁,03,98 164 648 80,,01,顶盖弧形加强板,K9PP883A50A.jpg
车身 Carrosserie,车顶内衬,K9PP883F05A,顶衬 - 把手,01,98 305 119 BJ,,01,顶盖内饰板,K9PP883F05A.jpg
车身 Carrosserie,车顶内衬,K9PP883F05A,顶衬 - 把手,03,98 243 465 BJ,,01,凹洞装饰板,K9PP883F05A.jpg
车身 Carrosserie,车顶内衬,K9PP883F05A,顶衬 - 把手,04,98 238 770 BJ,,01,装饰堵盖,K9PP883F05A.jpg
车身 Carrosserie,车顶内衬,K9PP883F05A,顶衬 - 把手,05,98 238 774 BJ,,01,装饰堵盖,K9PP883F05A.jpg
车身 Carrosserie,车顶内衬,K9PP883F05A,顶衬 - 把手,06,98 310 763 BJ,,01,装饰件固定盖,K9PP883F05A.jpg
车身 Carrosserie,车顶内衬,K9PP883F05A,顶衬 - 把手,07,98 260 391 80,,01,顶篷装饰板加强板,K9PP883F05A.jpg
车身 Carrosserie,车顶内衬,K9PP883F05A,顶衬 - 把手,09,8337 02,,02,顶棚垫块,K9PP883F05A.jpg
车身 Carrosserie,车顶内衬,K9PP883F05A,顶衬 - 把手,10,98 222 998 BJ,,01,安全带导向器,K9PP883F05A.jpg
车身 Carrosserie,车顶内衬,K9PP883F05A,顶衬 - 把手,11,98 224 181 80,,01,安全带导向支架,K9PP883F05A.jpg
车身 Carrosserie,车顶内衬,K9PP883F05A,顶衬 - 把手,12,98 292 198 80,,02,顶棚垫块,K9PP883F05A.jpg
车身 Carrosserie,车顶内衬,K9PP883F05A,顶衬 - 把手,20,98 382 809 BJ,,04,网固定盖,K9PP883F05A.jpg
车身 Carrosserie,车顶内衬,K9PP883F05A,顶衬 - 把手,70,9128 W4,,01,卡子,K9PP883F05A.jpg
车身 Carrosserie,车顶内衬,K9PP883F30A,车顶控制台,01,98 245 018 BJ,,01,顶篷控制面板,K9PP883F30A.jpg
车身 Carrosserie,车顶内衬,K9PP883F30A,车顶控制台,03,98 173 531 BJ,,01,顶篷控制面板,K9PP883F30A.jpg
车身 Carrosserie,车顶内衬,K9PP883F30A,车顶控制台,04,98 172 884 BJ,,01,顶篷控制面板,K9PP883F30A.jpg
车身 Carrosserie,车顶内衬,K9PP883F30A,车顶控制台,05,98 221 634 BJ,,03,头顶分隔间的可移动隔离物,K9PP883F30A.jpg
车身 Carrosserie,车顶内衬,K9PP883F30A,车顶控制台,10,8146 CW,,02,副仪表开关支架,K9PP883F30A.jpg
车身 Carrosserie,车顶内衬,K9PP883F30A,车顶控制台,70,6922 C7,,06,(MUL)六角头带垫圈螺栓,K9PP883F30A.jpg
车身 Carrosserie,车顶内衬,K9PP883F30A,车顶控制台,75,98 027 744 80,,16,(MUL)六角头带垫圈螺栓,K9PP883F30A.jpg
车身 Carrosserie,车顶内衬,K9PP883F30A,车顶控制台,76,6922 H3,RP 6230 06,04/01,(MUL)六角头带垫圈螺栓,K9PP883F30A.jpg
车身 Carrosserie,车顶内衬,K9PP883F30A,车顶控制台,77,6924 10,,02,MUL 大的内六角花形半圆头螺钉,K9PP883F30A.jpg
车身 Carrosserie,车顶内衬,K9PP883F70A,车顶行李盒,01,98 271 678 BJ,,01,顶蓬盒,K9PP883F70A.jpg
车身 Carrosserie,车顶内衬,K9PP883F70A,车顶行李盒,02,98 223 017 BJ,,01,安装管饰件,K9PP883F70A.jpg
车身 Carrosserie,车顶内衬,K9PP883F70A,车顶行李盒,03,98 221 187 XZ,,01,铰接管接头,K9PP883F70A.jpg
车身 Carrosserie,车顶内衬,K9PP883F70A,车顶行李盒,04,96 829 342 BJ,,01,车顶行李箱固定绳支架,K9PP883F70A.jpg
车身 Carrosserie,车顶内衬,K9PP883F70A,车顶行李盒,70,6925 P8,,06,MUL RLX螺栓,K9PP883F70A.jpg
车身 Carrosserie,车顶内衬,K9PP883F70A,车顶行李盒,71,6924 C1,,02,MUL 大的内六角花形半圆头螺钉,K9PP883F70A.jpg
装备 Équipement,后搁物板,K9PP883M01A,后隔板 - 行李罩,01,98 321 444 ZD,,01,活动式后搁板,K9PP883M01A.jpg
车身 Carrosserie,天窗/发动机罩,K9PP884A01A,天窗-天窗挡板-滑轨,01,98 178 075 BJ,,01,整个CIELO遮阳板,K9PP884A01A.jpg
车身 Carrosserie,天窗/发动机罩,K9PP884A01A,天窗-天窗挡板-滑轨,05,98 200 020 80,,01,遮阳板装饰条,K9PP884A01A.jpg
车身 Carrosserie,天窗/发动机罩,K9PP884A01A,天窗-天窗挡板-滑轨,10,98 200 019 80,,01,减速电机,K9PP884A01A.jpg
车身 Carrosserie,天窗/发动机罩,K9PP884A01A,天窗-天窗挡板-滑轨,20,98 177 334 ZD,,01,遮阳帘开关,K9PP884A01A.jpg
车身 Carrosserie,天窗/发动机罩,K9PP884A01A,天窗-天窗挡板-滑轨,70,98 200 021 80,,03,(MUL)六角头带垫圈螺栓,K9PP884A01A.jpg
车身 Carrosserie,侧围板,K9PP885A51A,侧板 侧门框 左侧,01,16 285 600 80,,01,侧围板,K9PP885A51A.jpg
车身 Carrosserie,侧围板,K9PP885A51A,侧板 侧门框 左侧,03,98 164 045 80,,01,流水槽密封条支架,K9PP885A51A.jpg
车身 Carrosserie,侧围板,K9PP885A51A,侧板 侧门框 左侧,04,98 164 062 80,,01,流水槽密封条支架,K9PP885A51A.jpg
车身 Carrosserie,侧围板,K9PP885A51A,侧板 侧门框 左侧,05,98 276 743 80,,01,后翼子板,K9PP885A51A.jpg
车身 Carrosserie,侧围板,K9PP885A51A,侧板 侧门框 左侧,07,98 276 759 80,,01,侧围板,K9PP885A51A.jpg
车身 Carrosserie,侧围板,K9PP885A51A,侧板 侧门框 左侧,09,981869631T,,01,后翼子板装饰板,K9PP885A51A.jpg
车身 Carrosserie,侧围板,K9PP885A51A,侧板 侧门框 左侧,10,98 164 691 XT,,01,后翼子板装饰板,K9PP885A51A.jpg
车身 Carrosserie,侧围板,K9PP885A51A,侧板 侧门框 左侧,11,98 179 104 80,,01,流水槽密封条,K9PP885A51A.jpg
车身 Carrosserie,侧围板,K9PP885A51A,侧板 侧门框 左侧,13,16 318 134 80,,01,后翼子板盖板,K9PP885A51A.jpg
车身 Carrosserie,侧围板,K9PP885A51A,侧板 侧门框 左侧,14,98 362 192 80,,02,门框密封条,K9PP885A51A.jpg
车身 Carrosserie,侧围板,K9PP885A51A,侧板 侧门框 左侧,16,98 174 946 80,,01,门框密封条,K9PP885A51A.jpg
车身 Carrosserie,侧围板,K9PP885A51A,侧板 侧门框 左侧,30,98 173 983 80,RP 98 647 071 80,01/01,轮罩挡泥板,K9PP885A51A.jpg
车身 Carrosserie,侧围板,K9PP885A51A,侧板 侧门框 左侧,35,98 231 359 XT,,01,车门防擦条,K9PP885A51A.jpg
车身 Carrosserie,侧围板,K9PP885A51A,侧板 侧门框 左侧,70,98 010 249 80,,03,MUL RLX螺栓,K9PP885A51A.jpg
车身 Carrosserie,侧围板,K9PP885A51A,侧板 侧门框 左侧,71,7136 A5,,01,固定夹,K9PP885A51A.jpg
车身 Carrosserie,侧围板,K9PP885A51A,侧板 侧门框 左侧,72,8565 65,,03,(MUL) 帽盖螺母,K9PP885A51A.jpg
车身 Carrosserie,侧围板,K9PP885A51A,侧板 侧门框 左侧,73,96 753 802 80,,01,MUL RLX螺栓,K9PP885A51A.jpg
车身 Carrosserie,侧围板,K9PP885A51A,侧板 侧门框 左侧,74,98 010 249 80,,01,MUL RLX螺栓,K9PP885A51A.jpg
车身 Carrosserie,侧围板,K9PP885A51A,侧板 侧门框 左侧,80,16 865 811 80,,06,卡子,K9PP885A51A.jpg
车身 Carrosserie,侧围板,K9PP885A51A,侧板 侧门框 左侧,81,16 865 810 80,,05,卡子,K9PP885A51A.jpg
车身 Carrosserie,侧围板,K9PP885A80A,侧板 侧门框 右侧,01,16 435 775 80,RP 16 809 922 80,01/01,侧围板,K9PP885A80A.jpg
车身 Carrosserie,侧围板,K9PP885A80A,侧板 侧门框 右侧,02,98 164 044 80,,01,流水槽密封条支架,K9PP885A80A.jpg
车身 Carrosserie,侧围板,K9PP885A80A,侧板 侧门框 右侧,03,98 164 062 80,,02,流水槽密封条支架,K9PP885A80A.jpg
车身 Carrosserie,侧围板,K9PP885A80A,侧板 侧门框 右侧,04,98 276 798 80,,01,后翼子板,K9PP885A80A.jpg
车身 Carrosserie,侧围板,K9PP885A80A,侧板 侧门框 右侧,05,98 276 799 80,,01,侧围板,K9PP885A80A.jpg
车身 Carrosserie,侧围板,K9PP885A80A,侧板 侧门框 右侧,06,98 179 046 80,,01,流水槽密封条,K9PP885A80A.jpg
车身 Carrosserie,侧围板,K9PP885A80A,侧板 侧门框 右侧,07,98 205 772 80,,01,后翼子板盖板,K9PP885A80A.jpg
车身 Carrosserie,侧围板,K9PP885A80A,侧板 侧门框 右侧,08,981868781T,,01,后翼子板装饰板,K9PP885A80A.jpg
车身 Carrosserie,侧围板,K9PP885A80A,侧板 侧门框 右侧,10,98 164 690 XT,,01,后翼子板装饰板,K9PP885A80A.jpg
车身 Carrosserie,侧围板,K9PP885A80A,侧板 侧门框 右侧,30,98 173 982 80,,01,轮罩挡泥板,K9PP885A80A.jpg
车身 Carrosserie,侧围板,K9PP885A80A,侧板 侧门框 右侧,35,98 231 360 XT,,01,车门防擦条,K9PP885A80A.jpg
车身 Carrosserie,侧围板,K9PP885A80A,侧板 侧门框 右侧,70,98 010 249 80,,03,MUL RLX螺栓,K9PP885A80A.jpg
车身 Carrosserie,侧围板,K9PP885A80A,侧板 侧门框 右侧,71,7136 A5,,01,固定夹,K9PP885A80A.jpg
车身 Carrosserie,侧围板,K9PP885A80A,侧板 侧门框 右侧,72,8565 65,,03,(MUL) 帽盖螺母,K9PP885A80A.jpg
车身 Carrosserie,侧围板,K9PP885A80A,侧板 侧门框 右侧,73,96 753 802 80,,01,MUL RLX螺栓,K9PP885A80A.jpg
车身 Carrosserie,侧围板,K9PP885A80A,侧板 侧门框 右侧,74,98 010 249 80,,01,MUL RLX螺栓,K9PP885A80A.jpg
车身 Carrosserie,侧围板,K9PP885A80A,侧板 侧门框 右侧,80,16 865 811 80,,06,卡子,K9PP885A80A.jpg
车身 Carrosserie,侧围板,K9PP885A80A,侧板 侧门框 右侧,81,16 865 810 80,,05,卡子,K9PP885A80A.jpg
车身 Carrosserie,侧围板,K9PP885D50A,侧板 内框架 加强件 左侧,01,16 316 736 80,,01,后围里板,K9PP885D50A.jpg
车身 Carrosserie,侧围板,K9PP885D50A,侧板 内框架 加强件 左侧,02,98 166 793 80,,01,后围板里板,K9PP885D50A.jpg
车身 Carrosserie,侧围板,K9PP885D50A,侧板 内框架 加强件 左侧,03,98 187 011 80,,01,安全带加强件,K9PP885D50A.jpg
车身 Carrosserie,侧围板,K9PP885D50A,侧板 内框架 加强件 左侧,04,98 212 801 80,,01,网格固定支架,K9PP885D50A.jpg
车身 Carrosserie,侧围板,K9PP885D50A,侧板 内框架 加强件 左侧,05,98 181 656 80,,01,侧围加强件,K9PP885D50A.jpg
车身 Carrosserie,侧围板,K9PP885D50A,侧板 内框架 加强件 左侧,07,96 640 515 80,RP 98 289 384 80,01/01,后翼子板导水槽,K9PP885D50A.jpg
车身 Carrosserie,侧围板,K9PP885D50A,侧板 内框架 加强件 左侧,08,16 307 292 80,,01,安全带加强件,K9PP885D50A.jpg
车身 Carrosserie,侧围板,K9PP885D50A,侧板 内框架 加强件 左侧,09,98 235 069 80,,01,尾门立柱加强板,K9PP885D50A.jpg
车身 Carrosserie,侧围板,K9PP885D50A,侧板 内框架 加强件 左侧,10,16 305 982 80,,01,尾门立柱,K9PP885D50A.jpg
车身 Carrosserie,侧围板,K9PP885D50A,侧板 内框架 加强件 左侧,11,16 322 698 80,,01,后翼子板导水槽,K9PP885D50A.jpg
车身 Carrosserie,侧围板,K9PP885D50A,侧板 内框架 加强件 左侧,12,98 170 260 80,,01,侧车门中央滑道防护装置,K9PP885D50A.jpg
车身 Carrosserie,侧围板,K9PP885D50A,侧板 内框架 加强件 左侧,13,98 186 523 80,,01,扶手固定加强件,K9PP885D50A.jpg
车身 Carrosserie,侧围板,K9PP885D50A,侧板 内框架 加强件 左侧,14,98 205 120 80,,01,网格固定支架,K9PP885D50A.jpg
车身 Carrosserie,侧围板,K9PP885D50A,侧板 内框架 加强件 左侧,15,98 183 541 80,,01,排气口,K9PP885D50A.jpg
车身 Carrosserie,侧围板,K9PP885D50A,侧板 内框架 加强件 左侧,16,98 180 344 80,,01,排气口隔音垫,K9PP885D50A.jpg
车身 Carrosserie,侧围板,K9PP885D50A,侧板 内框架 加强件 左侧,17,98 201 544 80,,01,排气口隔音垫,K9PP885D50A.jpg
车身 Carrosserie,侧围板,K9PP885D50A,侧板 内框架 加强件 左侧,18,98 322 463 80,,01,密封元件,K9PP885D50A.jpg
车身 Carrosserie,侧围板,K9PP885D50A,侧板 内框架 加强件 左侧,50,98 195 158 80,,01,膨胀片,K9PP885D50A.jpg
车身 Carrosserie,侧围板,K9PP885D50A,侧板 内框架 加强件 左侧,51,98 195 006 80,,01,膨胀片,K9PP885D50A.jpg
车身 Carrosserie,侧围板,K9PP885D50A,侧板 内框架 加强件 左侧,52,98 226 431 80,,01,膨胀片,K9PP885D50A.jpg
车身 Carrosserie,侧围板,K9PP885D50A,侧板 内框架 加强件 左侧,53,98 196 526 80,,01,膨胀片,K9PP885D50A.jpg
车身 Carrosserie,侧围板,K9PP885D50A,侧板 内框架 加强件 左侧,54,98 194 973 80,,01,膨胀片,K9PP885D50A.jpg
车身 Carrosserie,侧围板,K9PP885D50A,侧板 内框架 加强件 左侧,56,98 212 377 80,,01,膨胀片,K9PP885D50A.jpg
车身 Carrosserie,侧围板,K9PP885D50A,侧板 内框架 加强件 左侧,70,9044 46,,01,螺丝,K9PP885D50A.jpg
车身 Carrosserie,侧围板,K9PP885D50A,侧板 内框架 加强件 左侧,71,98 030 834 80,,06,MUL RLX螺栓,K9PP885D50A.jpg
车身 Carrosserie,侧围板,K9PP885D80A,侧板 内框架 加强件 右侧,01,16 316 630 80,,01,后围里板,K9PP885D80A.jpg
车身 Carrosserie,侧围板,K9PP885D80A,侧板 内框架 加强件 右侧,02,98 166 792 80,,01,后围板里板,K9PP885D80A.jpg
车身 Carrosserie,侧围板,K9PP885D80A,侧板 内框架 加强件 右侧,03,98 187 010 80,,01,安全带加强件,K9PP885D80A.jpg
车身 Carrosserie,侧围板,K9PP885D80A,侧板 内框架 加强件 右侧,04,98 212 800 80,,01,网格固定支架,K9PP885D80A.jpg
车身 Carrosserie,侧围板,K9PP885D80A,侧板 内框架 加强件 右侧,05,98 181 027 80,,01,侧围加强件,K9PP885D80A.jpg
车身 Carrosserie,侧围板,K9PP885D80A,侧板 内框架 加强件 右侧,07,96 640 514 80,RP 98 289 383 80,01/01,后翼子板导水槽,K9PP885D80A.jpg
车身 Carrosserie,侧围板,K9PP885D80A,侧板 内框架 加强件 右侧,08,16 307 293 80,,01,安全带加强件,K9PP885D80A.jpg
车身 Carrosserie,侧围板,K9PP885D80A,侧板 内框架 加强件 右侧,09,98 235 068 80,,01,尾门立柱加强板,K9PP885D80A.jpg
车身 Carrosserie,侧围板,K9PP885D80A,侧板 内框架 加强件 右侧,10,16 305 981 80,,01,尾门立柱,K9PP885D80A.jpg
车身 Carrosserie,侧围板,K9PP885D80A,侧板 内框架 加强件 右侧,11,16 322 697 80,,01,后翼子板导水槽,K9PP885D80A.jpg
车身 Carrosserie,侧围板,K9PP885D80A,侧板 内框架 加强件 右侧,12,98 170 259 80,,01,侧车门中央滑道防护装置,K9PP885D80A.jpg
车身 Carrosserie,侧围板,K9PP885D80A,侧板 内框架 加强件 右侧,13,98 186 522 80,,01,扶手固定加强件,K9PP885D80A.jpg
车身 Carrosserie,侧围板,K9PP885D80A,侧板 内框架 加强件 右侧,14,98 205 119 80,,01,网格固定支架,K9PP885D80A.jpg
车身 Carrosserie,侧围板,K9PP885D80A,侧板 内框架 加强件 右侧,15,98 183 539 80,,01,排气口,K9PP885D80A.jpg
车身 Carrosserie,侧围板,K9PP885D80A,侧板 内框架 加强件 右侧,16,98 180 344 80,,01,排气口隔音垫,K9PP885D80A.jpg
车身 Carrosserie,侧围板,K9PP885D80A,侧板 内框架 加强件 右侧,17,98 201 544 80,,01,排气口隔音垫,K9PP885D80A.jpg
车身 Carrosserie,侧围板,K9PP885D80A,侧板 内框架 加强件 右侧,18,98 322 462 80,,01,密封元件,K9PP885D80A.jpg
车身 Carrosserie,侧围板,K9PP885D80A,侧板 内框架 加强件 右侧,52,98 226 428 80,,01,膨胀片,K9PP885D80A.jpg
车身 Carrosserie,侧围板,K9PP885D80A,侧板 内框架 加强件 右侧,53,98 196 525 80,,01,膨胀片,K9PP885D80A.jpg
车身 Carrosserie,侧围板,K9PP885D80A,侧板 内框架 加强件 右侧,54,98 194 967 80,,01,膨胀片,K9PP885D80A.jpg
车身 Carrosserie,侧围板,K9PP885D80A,侧板 内框架 加强件 右侧,57,98 195 005 80,,01,膨胀片,K9PP885D80A.jpg
车身 Carrosserie,侧围板,K9PP885D80A,侧板 内框架 加强件 右侧,58,98 195 132 80,,01,膨胀片,K9PP885D80A.jpg
车身 Carrosserie,侧围板,K9PP885D80A,侧板 内框架 加强件 右侧,59,98 195 896 80,,01,膨胀片,K9PP885D80A.jpg
车身 Carrosserie,侧围板,K9PP885D80A,侧板 内框架 加强件 右侧,70,9044 46,,01,螺丝,K9PP885D80A.jpg
车身 Carrosserie,侧围板,K9PP885D80A,侧板 内框架 加强件 右侧,71,98 030 834 80,,06,MUL RLX螺栓,K9PP885D80A.jpg
车身 Carrosserie,后角窗,K9PP885P01A,后角窗和电机,01,98 164 292 80,,01,后三角窗玻璃,K9PP885P01A.jpg
电气 Électrique,单元/连接器插板/套件,K9PP886A80A,行李箱控制盒,01,98 100 500 80,RP 98 371 670 80,01/01,拖挂功能伺服盒,K9PP886A80A.jpg
电气 Électrique,单元/连接器插板/套件,K9PP886A80A,行李箱控制盒,70,6939 97,,02,(MUL)带垫圈螺母,K9PP886A80A.jpg
车身 Carrosserie,前翼子板,K9PP886E01A,徽标-粘性贴纸,01,98 273 643 DX,,01,品牌标识,K9PP886E01A.jpg
车身 Carrosserie,前翼子板,K9PP886E01A,徽标-粘性贴纸,02,98 304 406 DX,,01,标识,K9PP886E01A.jpg
车身 Carrosserie,前翼子板,K9PP886E01A,徽标-粘性贴纸,03,98 278 457 DX,,01,标识,K9PP886E01A.jpg
车身 Carrosserie,前翼子板,K9PP886E01A,徽标-粘性贴纸,10,98 221 715 80,,01,车门粘性装饰件,K9PP886E01A.jpg
车身 Carrosserie,尾门/车门,K9PP887A01A,尾门玻璃装饰件,01,98 204 360 80,RP 98 595 493 80,01/01,尾门,K9PP887A01A.jpg
车身 Carrosserie,尾门/车门,K9PP887A01A,尾门玻璃装饰件,02,98 223 401 80,,02,尾门铰链,K9PP887A01A.jpg
车身 Carrosserie,尾门/车门,K9PP887A01A,尾门玻璃装饰件,03,8733 57,,02,球销,K9PP887A01A.jpg
车身 Carrosserie,尾门/车门,K9PP887A01A,尾门玻璃装饰件,04,8715 E2,,01,尾门铰链饰框,K9PP887A01A.jpg
车身 Carrosserie,尾门/车门,K9PP887A01A,尾门玻璃装饰件,05,985608941T,,01,牌照装饰件,K9PP887A01A.jpg
车身 Carrosserie,尾门/车门,K9PP887A01A,尾门玻璃装饰件,06,98 169 873 80,,01,尾门玻璃,K9PP887A01A.jpg
车身 Carrosserie,尾门/车门,K9PP887A01A,尾门玻璃装饰件,07,8744 EW,,01,车窗铰链,K9PP887A01A.jpg
车身 Carrosserie,尾门/车门,K9PP887A01A,尾门玻璃装饰件,08,98 190 278 80,,02,尾门平衡撑杆,K9PP887A01A.jpg
车身 Carrosserie,尾门/车门,K9PP887A01A,尾门玻璃装饰件,09,98 190 282 80,,02,尾门玻璃平衡撑杆,K9PP887A01A.jpg
车身 Carrosserie,尾门/车门,K9PP887A01A,尾门玻璃装饰件,10,8707 H7,RP 16 781 832 80,01/01,尾门密封条,K9PP887A01A.jpg
车身 Carrosserie,尾门/车门,K9PP887A01A,尾门玻璃装饰件,11,6988 52,,01,(MUL) 堵盖,K9PP887A01A.jpg
车身 Carrosserie,尾门/车门,K9PP887A01A,尾门玻璃装饰件,13,98 177 595 80,,01,尾门开启玻璃密封条,K9PP887A01A.jpg
车身 Carrosserie,尾门/车门,K9PP887A01A,尾门玻璃装饰件,18,8733 95,,01,行李箱挡块,K9PP887A01A.jpg
车身 Carrosserie,尾门/车门,K9PP887A01A,尾门玻璃装饰件,19,8733 98,,02,(MUL)挡块,K9PP887A01A.jpg
车身 Carrosserie,尾门/车门,K9PP887A01A,尾门玻璃装饰件,20,98 187 518 ZD,,01,尾门装饰板,K9PP887A01A.jpg
车身 Carrosserie,尾门/车门,K9PP887A01A,尾门玻璃装饰件,21,98 207 811 ZD,,01,尾门开启手柄,K9PP887A01A.jpg
车身 Carrosserie,尾门/车门,K9PP887A01A,尾门玻璃装饰件,22,8748 QZ,,01,雨刷器轴轴承罩,K9PP887A01A.jpg
车身 Carrosserie,尾门/车门,K9PP887A01A,尾门玻璃装饰件,29,8733 AE,,02,开启玻璃挡块,K9PP887A01A.jpg
车身 Carrosserie,尾门/车门,K9PP887A01A,尾门玻璃装饰件,30,98 284 785 80,,02,后挡板挡块,K9PP887A01A.jpg
车身 Carrosserie,尾门/车门,K9PP887A01A,尾门玻璃装饰件,31,98 103 629 80,RP 16 231 237 80,02/01,行李箱挡块,K9PP887A01A.jpg
车身 Carrosserie,尾门/车门,K9PP887A01A,尾门玻璃装饰件,45,98 142 145 80,,01,牌照支架,K9PP887A01A.jpg
车身 Carrosserie,尾门/车门,K9PP887A01A,尾门玻璃装饰件,46,7908 H2,,02,机罩密封条,K9PP887A01A.jpg
车身 Carrosserie,尾门/车门,K9PP887A01A,尾门玻璃装饰件,47,98 114 453 XT,,02,开关开启棘爪,K9PP887A01A.jpg
车身 Carrosserie,尾门/车门,K9PP887A01A,尾门玻璃装饰件,70,16 100 175 80,,01,车身密封粘接剂套件,K9PP887A01A.jpg
车身 Carrosserie,尾门/车门,K9PP887A01A,尾门玻璃装饰件,71,8701 CM,,02,(MUL) 螺帽,K9PP887A01A.jpg
车身 Carrosserie,尾门/车门,K9PP887A01A,尾门玻璃装饰件,72,9044 46,,02,螺丝,K9PP887A01A.jpg
车身 Carrosserie,尾门/车门,K9PP887A01A,尾门玻璃装饰件,73,8715 E9,,01,后风挡铰链垫圈,K9PP887A01A.jpg
车身 Carrosserie,尾门/车门,K9PP887A01A,尾门玻璃装饰件,74,6936 91,RP 16 115 673 80,06/01,(MUL)凸缘螺母,K9PP887A01A.jpg
车身 Carrosserie,尾门/车门,K9PP887A01A,尾门玻璃装饰件,75,7518 TB,,01,粘性贴膜,K9PP887A01A.jpg
车身 Carrosserie,尾门/车门,K9PP887A01A,尾门玻璃装饰件,76,16 113 852 80,,01,MUL RLX螺栓,K9PP887A01A.jpg
车身 Carrosserie,尾门/车门,K9PP887A01A,尾门玻璃装饰件,79,7221 49,,02,螺钉,K9PP887A01A.jpg
车身 Carrosserie,尾门/车门,K9PP887A01A,尾门玻璃装饰件,80,16 115 673 80,,01,(MUL)凸缘螺母,K9PP887A01A.jpg
车身 Carrosserie,尾门/车门,K9PP887A01A,尾门玻璃装饰件,82,6935 A6,,02,(MUL)凸缘螺母,K9PP887A01A.jpg
车身 Carrosserie,尾门/车门,K9PP887A01A,尾门玻璃装饰件,83,7518 95,,02,堵盖,K9PP887A01A.jpg
车身 Carrosserie,尾门/车门,K9PP887A01A,尾门玻璃装饰件,84,6973 E0,,03,(MUL) 铆钉,K9PP887A01A.jpg
车身 Carrosserie,尾门/车门,K9PP887A01A,尾门玻璃装饰件,85,7568 NZ,,01,嵌入卡扣,K9PP887A01A.jpg
车身 Carrosserie,尾门/车门,K9PP887A01A,尾门玻璃装饰件,86,6973 27,,02,(MUL) 铆钉,K9PP887A01A.jpg
车身 Carrosserie,尾门/车门,K9PP887A01A,尾门玻璃装饰件,87,6995 N7,,01,固定夹,K9PP887A01A.jpg
车身 Carrosserie,尾门/车门,K9PP887A01A,尾门玻璃装饰件,88,6924 E9,,01,MUL 大的内六角花形半圆头螺钉,K9PP887A01A.jpg
车身 Carrosserie,尾门/车门,K9PP887A01A,尾门玻璃装饰件,89,6924 C6,,01,MUL 大的内六角花形半圆头螺钉,K9PP887A01A.jpg
车身 Carrosserie,尾门/车门,K9PP887A01A,尾门玻璃装饰件,92,6991 Z1,,15,(MUL)卡扣,K9PP887A01A.jpg
车身 Carrosserie,尾门/车门,K9PP887A01A,尾门玻璃装饰件,93,98 059 321 80,,02,螺栓销,K9PP887A01A.jpg
车身 Carrosserie,尾门/车门,K9PP887A01A,尾门玻璃装饰件,94,6925 P2,,02,(MUL) 凸缘螺栓,K9PP887A01A.jpg
车身 Carrosserie,尾门/车门,K9PP887A01A,尾门玻璃装饰件,95,16 845 293 80,,01,MKT尾门固定件,K9PP887A01A.jpg
车身 Carrosserie,锁止,K9PP887A50A,尾门锁,01,98 161 953 80,,01,尾门锁,K9PP887A50A.jpg
车身 Carrosserie,锁止,K9PP887A50A,尾门锁,03,8719 G8,,01,后入口锁,K9PP887A50A.jpg
车身 Carrosserie,锁止,K9PP887A50A,尾门锁,12,98 088 668 80,,01,锁扣总成,K9PP887A50A.jpg
车身 Carrosserie,锁止,K9PP887A50A,尾门锁,17,8725 78,,01,(MUL)支架,K9PP887A50A.jpg
车身 Carrosserie,锁止,K9PP887A50A,尾门锁,70,16 113 852 80,,02,MUL RLX螺栓,K9PP887A50A.jpg
车身 Carrosserie,锁止,K9PP887A50A,尾门锁,73,98 246 745 80,,04,MUL RLX螺栓,K9PP887A50A.jpg
车身 Carrosserie,锁止,K9PP887A50A,尾门锁,90,14 008 258 80,,01,密封件,K9PP887A50A.jpg
装备 Équipement,前排座椅框架,K9PP889A05B,前座椅骨架 - 座椅滑轨 - 壳驾驶员侧,01,98 181 526 80,,01,前座椅座垫骨架,K9PP889A05B.jpg
装备 Équipement,前排座椅框架,K9PP889A05B,前座椅骨架 - 座椅滑轨 - 壳驾驶员侧,02,98 181 676 80,,01,前座椅靠背骨架,K9PP889A05B.jpg
装备 Équipement,前排座椅框架,K9PP889A05B,前座椅骨架 - 座椅滑轨 - 壳驾驶员侧,03,98 116 277 80,,01,前座椅座垫,K9PP889A05B.jpg
装备 Équipement,前排座椅框架,K9PP889A05B,前座椅骨架 - 座椅滑轨 - 壳驾驶员侧,04,98 277 296 80,,01,前座椅靠背垫,K9PP889A05B.jpg
装备 Équipement,前排座椅框架,K9PP889A05B,前座椅骨架 - 座椅滑轨 - 壳驾驶员侧,05,98 265 407 80,,01,调高手柄插入件,K9PP889A05B.jpg
装备 Équipement,前排座椅框架,K9PP889A05B,前座椅骨架 - 座椅滑轨 - 壳驾驶员侧,06,98 264 925 80,,01,腰部调节开关,K9PP889A05B.jpg
装备 Équipement,前排座椅框架,K9PP889A05B,前座椅骨架 - 座椅滑轨 - 壳驾驶员侧,07,98 264 501 80,,01,座椅角调器外罩,K9PP889A05B.jpg
装备 Équipement,前排座椅框架,K9PP889A05B,前座椅骨架 - 座椅滑轨 - 壳驾驶员侧,08,98 264 692 80,,01,座垫护罩支架,K9PP889A05B.jpg
装备 Équipement,前排座椅框架,K9PP889A05B,前座椅骨架 - 座椅滑轨 - 壳驾驶员侧,09,98 264 530 80,,01,座垫装饰罩,K9PP889A05B.jpg
装备 Équipement,前排座椅框架,K9PP889A05B,前座椅骨架 - 座椅滑轨 - 壳驾驶员侧,10,98 264 526 80,,01,座垫装饰罩,K9PP889A05B.jpg
装备 Équipement,前排座椅框架,K9PP889A05B,前座椅骨架 - 座椅滑轨 - 壳驾驶员侧,11,98 264 927 80,,01,靠背倾斜控制器,K9PP889A05B.jpg
装备 Équipement,前排座椅框架,K9PP889A05B,前座椅骨架 - 座椅滑轨 - 壳驾驶员侧,12,98 264 921 80,,01,前座椅调高手柄,K9PP889A05B.jpg
装备 Équipement,前排座椅框架,K9PP889A05B,前座椅骨架 - 座椅滑轨 - 壳驾驶员侧,13,98 264 888 80,,01,工作小桌,K9PP889A05B.jpg
装备 Équipement,前排座椅框架,K9PP889A05B,前座椅骨架 - 座椅滑轨 - 壳驾驶员侧,15,98 265 427 80,,01,前部座椅滑动导轨,K9PP889A05B.jpg
装备 Équipement,前排座椅框架,K9PP889A05B,前座椅骨架 - 座椅滑轨 - 壳驾驶员侧,17,98 264 507 80,,01,座椅抽屉,K9PP889A05B.jpg
装备 Équipement,前排座椅框架,K9PP889A05B,前座椅骨架 - 座椅滑轨 - 壳驾驶员侧,20,16 101 722 80,RP 16 355 061 80,01/01,螺钉,K9PP889A05B.jpg
装备 Équipement,前排座椅框架,K9PP889A05B,前座椅骨架 - 座椅滑轨 - 壳驾驶员侧,60,96 776 025 80,,01,MUL 大的内六角花形半圆头螺钉,K9PP889A05B.jpg
装备 Équipement,前排座椅框架,K9PP889A15B,前座椅骨架 - 座椅滑轨 - 壳乘客侧,01,98 211 190 80,,01,前座椅骨架,K9PP889A15B.jpg
装备 Équipement,前排座椅框架,K9PP889A15B,前座椅骨架 - 座椅滑轨 - 壳乘客侧,02,98 100 483 80,,01,前座椅座垫,K9PP889A15B.jpg
装备 Équipement,前排座椅框架,K9PP889A15B,前座椅骨架 - 座椅滑轨 - 壳乘客侧,03,98 185 146 80,,01,前座椅靠背垫,K9PP889A15B.jpg
装备 Équipement,前排座椅框架,K9PP889A15B,前座椅骨架 - 座椅滑轨 - 壳乘客侧,05,98 264 919 80,,01,靠背倾斜控制器,K9PP889A15B.jpg
装备 Équipement,前排座椅框架,K9PP889A15B,前座椅骨架 - 座椅滑轨 - 壳乘客侧,06,98 265 830 80,,01,靠背调角器保护罩,K9PP889A15B.jpg
装备 Équipement,前排座椅框架,K9PP889A15B,前座椅骨架 - 座椅滑轨 - 壳乘客侧,07,98 270 851 80,,01,前座椅调高手柄,K9PP889A15B.jpg
装备 Équipement,前排座椅框架,K9PP889A15B,前座椅骨架 - 座椅滑轨 - 壳乘客侧,08,98 264 355 80,,01,底座外壳,K9PP889A15B.jpg
装备 Équipement,前排座椅框架,K9PP889A15B,前座椅骨架 - 座椅滑轨 - 壳乘客侧,10,98 264 721 80,,01,底座外壳,K9PP889A15B.jpg
装备 Équipement,前排座椅框架,K9PP889A15B,前座椅骨架 - 座椅滑轨 - 壳乘客侧,11,98 264 736 80,,01,前座椅靠背壳体,K9PP889A15B.jpg
装备 Équipement,前排座椅框架,K9PP889A15B,前座椅骨架 - 座椅滑轨 - 壳乘客侧,12,98 264 888 80,,01,工作小桌,K9PP889A15B.jpg
装备 Équipement,前排座椅框架,K9PP889A15B,前座椅骨架 - 座椅滑轨 - 壳乘客侧,70,16 101 722 80,RP 16 355 061 80,01/01,螺钉,K9PP889A15B.jpg
装备 Équipement,前排座椅框架,K9PP889A15B,前座椅骨架 - 座椅滑轨 - 壳乘客侧,71,96 776 025 80,,01,MUL 大的内六角花形半圆头螺钉,K9PP889A15B.jpg
装备 Équipement,前排座椅罩,K9PP889B04B,前座填料和椅套驾驶员侧,02,98 264 107 80,,01,前座椅靠背填料,K9PP889B04B.jpg
装备 Équipement,前排座椅罩,K9PP889B04B,前座填料和椅套驾驶员侧,03,98 280 771 80,,01,前座椅座垫面料,K9PP889B04B.jpg
装备 Équipement,前排座椅罩,K9PP889B04B,前座填料和椅套驾驶员侧,04,98 280 758 80,,01,前座椅靠背面料,K9PP889B04B.jpg
装备 Équipement,前排座椅罩,K9PP889B04B,前座填料和椅套驾驶员侧,10,98 280 755 80,,01,完整的前座椅头枕,K9PP889B04B.jpg
装备 Équipement,前排座椅罩,K9PP889B04B,前座填料和椅套驾驶员侧,15,16 115 699 ZD,,02,座椅头枕导管,K9PP889B04B.jpg
装备 Équipement,前排座椅罩,K9PP889B22B,前座填料和椅套乘客侧,01,98 264 201 80,,01,前座椅座垫填料,K9PP889B22B.jpg
装备 Équipement,前排座椅罩,K9PP889B22B,前座填料和椅套乘客侧,02,98 264 175 80,,01,前座椅靠背填料,K9PP889B22B.jpg
装备 Équipement,前排座椅罩,K9PP889B22B,前座填料和椅套乘客侧,03,98 280 770 80,,01,前座椅座垫面料,K9PP889B22B.jpg
装备 Équipement,前排座椅罩,K9PP889B22B,前座填料和椅套乘客侧,04,98 280 759 80,,01,前座椅靠背面料,K9PP889B22B.jpg
装备 Équipement,前排座椅罩,K9PP889B22B,前座填料和椅套乘客侧,10,98 280 755 80,,01,完整的前座椅头枕,K9PP889B22B.jpg
装备 Équipement,前排座椅罩,K9PP889B22B,前座填料和椅套乘客侧,15,16 115 699 ZD,,02,座椅头枕导管,K9PP889B22B.jpg
装备 Équipement,中间座椅罩,K9PP889J10A,中间座填料和椅套,01,98 263 373 80,,01,后座椅坐垫填料,K9PP889J10A.jpg
装备 Équipement,中间座椅罩,K9PP889J10A,中间座填料和椅套,02,98 263 179 80,,01,后座椅坐垫填料,K9PP889J10A.jpg
装备 Équipement,中间座椅罩,K9PP889J10A,中间座填料和椅套,03,98 263 418 80,,01,后座椅坐垫填料,K9PP889J10A.jpg
装备 Équipement,中间座椅罩,K9PP889J10A,中间座填料和椅套,04,98 263 561 80,,01,后座椅靠背填料,K9PP889J10A.jpg
装备 Équipement,中间座椅罩,K9PP889J10A,中间座填料和椅套,05,98 263 555 80,,01,后座椅靠背填料,K9PP889J10A.jpg
装备 Équipement,中间座椅罩,K9PP889J10A,中间座填料和椅套,06,98 263 422 80,,01,后座椅靠背填料,K9PP889J10A.jpg
装备 Équipement,中间座椅罩,K9PP889J10A,中间座填料和椅套,07,98 281 068 80,,01,后座椅座垫面料,K9PP889J10A.jpg
装备 Équipement,中间座椅罩,K9PP889J10A,中间座填料和椅套,08,98 281 067 80,,01,后座椅座垫面料,K9PP889J10A.jpg
装备 Équipement,中间座椅罩,K9PP889J10A,中间座填料和椅套,09,98 281 064 80,,01,后座椅座垫面料,K9PP889J10A.jpg
装备 Équipement,中间座椅罩,K9PP889J10A,中间座填料和椅套,10,98 281 073 80,,01,后座椅靠背面料,K9PP889J10A.jpg
装备 Équipement,中间座椅罩,K9PP889J10A,中间座填料和椅套,11,98 281 071 80,,01,后座椅靠背面料,K9PP889J10A.jpg
装备 Équipement,中间座椅罩,K9PP889J10A,中间座填料和椅套,12,98 281 070 80,,01,后座椅靠背面料,K9PP889J10A.jpg
装备 Équipement,中间座椅罩,K9PP889J10A,中间座填料和椅套,15,98 281 055 80,,01,完整的后座椅头枕,K9PP889J10A.jpg
装备 Équipement,中间座椅罩,K9PP889J10A,中间座填料和椅套,20,98 270 770 80,,01,座椅头枕导管,K9PP889J10A.jpg
装备 Équipement,后排座椅框架,K9PP889L05A,后座椅骨架 – 壳左侧座位,01,98 218 833 80,RP 16 803 985 80,01/01,后座椅骨架,K9PP889L05A.jpg
装备 Équipement,后排座椅框架,K9PP889L05A,后座椅骨架 – 壳左侧座位,04,98 185 153 80,,01,后座垫,K9PP889L05A.jpg
装备 Équipement,后排座椅框架,K9PP889L05A,后座椅骨架 – 壳左侧座位,15,98 263 286 80,,01,儿童座椅上挂钩,K9PP889L05A.jpg
装备 Équipement,后排座椅框架,K9PP889L05A,后座椅骨架 – 壳左侧座位,20,98 263 231 80,,01,后座椅护罩,K9PP889L05A.jpg
装备 Équipement,后排座椅框架,K9PP889L06A,后座椅骨架 – 壳右侧座位,01,98 216 889 80,RP 16 803 984 80,01/01,后座椅骨架,K9PP889L06A.jpg
装备 Équipement,后排座椅框架,K9PP889L06A,后座椅骨架 – 壳右侧座位,04,98 185 153 80,,01,后座垫,K9PP889L06A.jpg
装备 Équipement,后排座椅框架,K9PP889L06A,后座椅骨架 – 壳右侧座位,10,98 263 249 80,,01,后靠背锁装饰件,K9PP889L06A.jpg
装备 Équipement,后排座椅框架,K9PP889L06A,后座椅骨架 – 壳右侧座位,15,98 263 286 80,,01,儿童座椅上挂钩,K9PP889L06A.jpg
装备 Équipement,后排座椅框架,K9PP889L06A,后座椅骨架 – 壳右侧座位,20,98 263 231 80,,01,后座椅护罩,K9PP889L06A.jpg
装备 Équipement,后排座椅框架,K9PP889L06A,后座椅骨架 – 壳右侧座位,21,98 388 523 80,,01,座椅锁止拉杆,K9PP889L06A.jpg
装备 Équipement,后排座椅框架,K9PP889L06A,后座椅骨架 – 壳右侧座位,40,98 263 283 80,,01,座椅固定罩,K9PP889L06A.jpg
装备 Équipement,后排座椅框架,K9PP889L07A,后座椅骨架 – 壳中间座椅,01,98 184 295 80,RP 16 803 983 80,01/01,后座椅骨架,K9PP889L07A.jpg
装备 Équipement,后排座椅框架,K9PP889L07A,后座椅骨架 – 壳中间座椅,04,98 185 153 80,,01,后座垫,K9PP889L07A.jpg
装备 Équipement,后排座椅框架,K9PP889L07A,后座椅骨架 – 壳中间座椅,10,98 263 687 80,,01,后靠背锁装饰件,K9PP889L07A.jpg
装备 Équipement,后排座椅框架,K9PP889L07A,后座椅骨架 – 壳中间座椅,15,98 263 286 80,,03,儿童座椅上挂钩,K9PP889L07A.jpg
装备 Équipement,后排座椅框架,K9PP889L07A,后座椅骨架 – 壳中间座椅,20,98 263 231 80,,01,后座椅护罩,K9PP889L07A.jpg
装备 Équipement,后排座椅框架,K9PP889L07A,后座椅骨架 – 壳中间座椅,40,98 263 283 80,,01,座椅固定罩,K9PP889L07A.jpg
装备 Équipement,后排座椅框架,K9PP889L07A,后座椅骨架 – 壳中间座椅,45,98 135 552 80,,06,地板堵塞,K9PP889L07A.jpg
装备 Équipement,后排座椅框架,K9PP889L07A,后座椅骨架 – 壳中间座椅,50,98 295 353 80,,01,座垫后罩,K9PP889L07A.jpg
装备 Équipement,后排座椅框架,K9PP889L07A,后座椅骨架 – 壳中间座椅,61,16 108 992 80,,14,螺钉,K9PP889L07A.jpg
装备 Équipement,前排扶手,K9PP889V01A,座椅中央扶手对右座椅,01,98 264 909 80,,01,前排座椅扶手,K9PP889V01A.jpg
装备 Équipement,前排扶手,K9PP889V01A,座椅中央扶手对右座椅,02,98 264 702 80,,01,扶手装饰板,K9PP889V01A.jpg
装备 Équipement,前排扶手,K9PP889V01A,座椅中央扶手对右座椅,10,16 101 722 80,RP 16 355 061 80,04/01,螺钉,K9PP889V01A.jpg
装备 Équipement,前排扶手,K9PP889V01A,座椅中央扶手对右座椅,15,16 849 350 80,,01,扶手铰接,K9PP889V01A.jpg
装备 Équipement,前排扶手,K9PP889V01B,座椅中央扶手对于左前座椅,01,98 272 807 80,,01,前排座椅扶手,K9PP889V01B.jpg
装备 Équipement,前排扶手,K9PP889V01B,座椅中央扶手对于左前座椅,02,98 264 702 80,,01,扶手装饰板,K9PP889V01B.jpg
装备 Équipement,前排扶手,K9PP889V01B,座椅中央扶手对于左前座椅,10,16 101 722 80,RP 16 355 061 80,04/01,螺钉,K9PP889V01B.jpg
装备 Équipement,前排扶手,K9PP889V01B,座椅中央扶手对于左前座椅,15,16 849 349 80,,01,扶手铰接,K9PP889V01B.jpg
装备 Équipement,前安全带,K9PP889W01B,前安全带,01,98 163 307 XX,,01,带预张紧器的安全带,K9PP889W01B.jpg
装备 Équipement,前安全带,K9PP889W01B,前安全带,02,98 172 303 XX,,01,带预张紧器的安全带,K9PP889W01B.jpg
装备 Équipement,前安全带,K9PP889W01B,前安全带,03,98 163 154 80,,02,安全带锁扣,K9PP889W01B.jpg
装备 Équipement,前安全带,K9PP889W01B,前安全带,04,98 163 195 80,,01,安全带锁扣,K9PP889W01B.jpg
装备 Équipement,前安全带,K9PP889W01B,前安全带,05,98 094 671 80,,02,安全带预张紧器,K9PP889W01B.jpg
装备 Équipement,前安全带,K9PP889W01B,前安全带,10,8975 ZZ,RP 16 074 168 80,02/01,安全带导向板,K9PP889W01B.jpg
装备 Équipement,前安全带,K9PP889W01B,前安全带,60,8975 HW,,02,安全带螺钉,K9PP889W01B.jpg
装备 Équipement,前安全带,K9PP889W01B,前安全带,61,16 108 992 80,,01,螺钉,K9PP889W01B.jpg
装备 Équipement,前安全带,K9PP889W01B,前安全带,62,98 271 538 80,,01,安全带螺钉,K9PP889W01B.jpg
装备 Équipement,前安全带,K9PP889W01B,前安全带,63,8978 SF,,01,安全带固定垫圈,K9PP889W01B.jpg
装备 Équipement,后排座椅安全带,K9PP889Y02A,后安全带,01,98 173 965 XX,,02,后预张紧安全带,K9PP889Y02A.jpg
装备 Équipement,后排座椅安全带,K9PP889Y02A,后安全带,02,98 172 319 XX,,01,后安全带,K9PP889Y02A.jpg
装备 Équipement,后排座椅安全带,K9PP889Y02A,后安全带,03,98 172 212 80,,01,安全带双锁扣,K9PP889Y02A.jpg
装备 Équipement,后排座椅安全带,K9PP889Y02A,后安全带,04,98 244 870 80,,01,安全带锁扣,K9PP889Y02A.jpg
装备 Équipement,后排座椅安全带,K9PP889Y02A,后安全带,05,98 172 212 80,,02,安全带双锁扣,K9PP889Y02A.jpg
装备 Équipement,后排座椅安全带,K9PP889Y02A,后安全带,10,8975 ZZ,RP 16 074 168 80,02/01,安全带导向板,K9PP889Y02A.jpg
装备 Équipement,后排座椅安全带,K9PP889Y02A,后安全带,11,98 228 313 80,,01,安全带导向板,K9PP889Y02A.jpg
装备 Équipement,后排座椅安全带,K9PP889Y02A,后安全带,15,98 270 265 80,,01,带扣杆的分度垫圈,K9PP889Y02A.jpg
装备 Équipement,后排座椅安全带,K9PP889Y02A,后安全带,20,98 270 262 80,,01,安全带锁扣回位弹簧,K9PP889Y02A.jpg
装备 Équipement,后排座椅安全带,K9PP889Y02A,后安全带,25,98 270 264 80,,01,安全带锁扣销,K9PP889Y02A.jpg
装备 Équipement,后排座椅安全带,K9PP889Y02A,后安全带,60,98 052 803 80,RP 16 108 992 80,03/01,螺钉,K9PP889Y02A.jpg
车身 Carrosserie,前门,K9PP990A01A,前铰接侧门,01,98 204 232 80,RP 98 555 544 80,01/01/01,前车门,K9PP990A01A.jpg
车身 Carrosserie,前门,K9PP990A01A,前铰接侧门,02,98 178 305 80,,01,前车门外板,K9PP990A01A.jpg
车身 Carrosserie,前门,K9PP990A01A,前铰接侧门,03,16 064 752 80,,01,前车门铰链,K9PP990A01A.jpg
车身 Carrosserie,前门,K9PP990A01A,前铰接侧门,04,9035 AX,,01,车门铰链,K9PP990A01A.jpg
车身 Carrosserie,前门,K9PP990A01A,前铰接侧门,05,9044 63,,04,铰链轴,K9PP990A01A.jpg
车身 Carrosserie,前门,K9PP990A01A,前铰接侧门,06,9044 44,,04,固定夹,K9PP990A01A.jpg
车身 Carrosserie,前门,K9PP990A01A,前铰接侧门,07,98 190 153 80,,01,车门限位器,K9PP990A01A.jpg
车身 Carrosserie,前门,K9PP990A01A,前铰接侧门,08,9044 64,,01,螺栓销,K9PP990A01A.jpg
车身 Carrosserie,前门,K9PP990A01A,前铰接侧门,09,9034 26,,02,车门垫块,K9PP990A01A.jpg
车身 Carrosserie,前门,K9PP990A01A,前铰接侧门,10,98 176 832 80,,01,车门上后车门密封条,K9PP990A01A.jpg
车身 Carrosserie,前门,K9PP990A01A,前铰接侧门,11,98 206 613 80,RP 98 553 393 80,01/01,车门上的门密封条,K9PP990A01A.jpg
车身 Carrosserie,前门,K9PP990A01A,前铰接侧门,13,98 195 760 80,,01,车门密封板,K9PP990A01A.jpg
车身 Carrosserie,前门,K9PP990A01A,前铰接侧门,14,97 502 211 80,,12,粘性贴膜,K9PP990A01A.jpg
车身 Carrosserie,前门,K9PP990A01A,前铰接侧门,15,98 326 625 80,,02,车门垫块,K9PP990A01A.jpg
车身 Carrosserie,前门,K9PP990A01A,前铰接侧门,16,98 317 891 80,,01,粘性密封泡沫,K9PP990A01A.jpg
车身 Carrosserie,前门,K9PP990A01A,前铰接侧门,17,14 008 258 80,,01,密封件,K9PP990A01A.jpg
车身 Carrosserie,前门,K9PP990A01A,前铰接侧门,20,98 231 355 XT,,01,车门防擦条,K9PP990A01A.jpg
车身 Carrosserie,前门,K9PP990A01A,前铰接侧门,70,16 084 995 80,,04,(MUL) 凸缘螺栓,K9PP990A01A.jpg
车身 Carrosserie,前门,K9PP990A01A,前铰接侧门,71,6924 F5,,02,MUL RLX螺栓,K9PP990A01A.jpg
车身 Carrosserie,前门,K9PP990A01A,前铰接侧门,72,96 782 683 80,,02,带弹性垫片六角头螺栓,K9PP990A01A.jpg
车身 Carrosserie,前门,K9PP990A01A,前铰接侧门,73,16 115 673 80,,02,(MUL)凸缘螺母,K9PP990A01A.jpg
车身 Carrosserie,前门,K9PP990A01A,前铰接侧门,74,16 100 175 80,,01,车身密封粘接剂套件,K9PP990A01A.jpg
车身 Carrosserie,前门,K9PP990A01A,前铰接侧门,90,16 845 291 80,,01,MKT车门固定件,K9PP990A01A.jpg
车身 Carrosserie,后门,K9PP990E50A,后侧滑动门,01,98 204 344 80,,01,滑动门,K9PP990E50A.jpg
车身 Carrosserie,后门,K9PP990E50A,后侧滑动门,02,98 183 742 80,,01,侧车门外板,K9PP990E50A.jpg
车身 Carrosserie,后门,K9PP990E50A,后侧滑动门,03,16 316 338 80,,01,顶盖弧形加强板,K9PP990E50A.jpg
车身 Carrosserie,后门,K9PP990E50A,后侧滑动门,04,98 176 919 XT,,01,后车门后装饰条,K9PP990E50A.jpg
车身 Carrosserie,后门,K9PP990E50A,后侧滑动门,05,98 285 573 80,,01,侧门导轨,K9PP990E50A.jpg
车身 Carrosserie,后门,K9PP990E50A,后侧滑动门,06,98 169 666 80,,01,轨道门下导轨,K9PP990E50A.jpg
车身 Carrosserie,后门,K9PP990E50A,后侧滑动门,07,98 228 495 80,,01,车门轨道挡块,K9PP990E50A.jpg
车身 Carrosserie,后门,K9PP990E50A,后侧滑动门,08,98 177 941 80,,01,车门轨道挡块,K9PP990E50A.jpg
车身 Carrosserie,后门,K9PP990E50A,后侧滑动门,09,98 219 494 80,,01,车门轨道挡块,K9PP990E50A.jpg
车身 Carrosserie,后门,K9PP990E50A,后侧滑动门,10,98 169 660 80,RP 98 328 482 80,01/01,车门滑架,K9PP990E50A.jpg
车身 Carrosserie,后门,K9PP990E50A,后侧滑动门,11,98 169 647 80,RP 98 333 032 80,01/01,车门滑架,K9PP990E50A.jpg
车身 Carrosserie,后门,K9PP990E50A,后侧滑动门,12,98 169 659 80,,01,车门滑架,K9PP990E50A.jpg
车身 Carrosserie,后门,K9PP990E50A,后侧滑动门,13,98 169 658 80,,01,侧部车门限位器,K9PP990E50A.jpg
车身 Carrosserie,后门,K9PP990E50A,后侧滑动门,14,98 169 664 80,,01,车门控制保护装置,K9PP990E50A.jpg
车身 Carrosserie,后门,K9PP990E50A,后侧滑动门,15,9033 CC,,01,后车门锁舍,K9PP990E50A.jpg
车身 Carrosserie,后门,K9PP990E50A,后侧滑动门,16,14 008 258 80,,01,密封件,K9PP990E50A.jpg
车身 Carrosserie,后门,K9PP990E50A,后侧滑动门,17,16 100 175 80,,01,车身密封粘接剂套件,K9PP990E50A.jpg
车身 Carrosserie,后门,K9PP990E50A,后侧滑动门,18,6587 H1,,01,粘性贴膜,K9PP990E50A.jpg
车身 Carrosserie,后门,K9PP990E50A,后侧滑动门,19,98 037 752 80,,01,密封件,K9PP990E50A.jpg
车身 Carrosserie,后门,K9PP990E50A,后侧滑动门,20,98 220 964 80,RP 98 376 438 80,01/01,滑动车门定心装置,K9PP990E50A.jpg
车身 Carrosserie,后门,K9PP990E50A,后侧滑动门,21,98 240 277 80,,01,车门饰件密封,K9PP990E50A.jpg
车身 Carrosserie,后门,K9PP990E50A,后侧滑动门,22,98 111 073 80,,01,密封元件,K9PP990E50A.jpg
车身 Carrosserie,后门,K9PP990E50A,后侧滑动门,23,98 168 453 80,,01,车门导轨支座,K9PP990E50A.jpg
车身 Carrosserie,后门,K9PP990E50A,后侧滑动门,24,7220 K6,,01,车门垫块,K9PP990E50A.jpg
车身 Carrosserie,后门,K9PP990E50A,后侧滑动门,26,7908 L0,,01,车门垫块,K9PP990E50A.jpg
车身 Carrosserie,后门,K9PP990E50A,后侧滑动门,30,98 231 359 XT,,01,车门防擦条,K9PP990E50A.jpg
车身 Carrosserie,后门,K9PP990E50A,后侧滑动门,40,98 176 916 80,,01,车门密封板,K9PP990E50A.jpg
车身 Carrosserie,后门,K9PP990E50A,后侧滑动门,41,98 231 164 80,,01,密封元件,K9PP990E50A.jpg
车身 Carrosserie,后门,K9PP990E50A,后侧滑动门,42,98 329 971 80,,01,门槛密封条,K9PP990E50A.jpg
车身 Carrosserie,后门,K9PP990E50A,后侧滑动门,60,96 777 504 80,,02,MUL 大的内六角花形半圆头螺钉,K9PP990E50A.jpg
车身 Carrosserie,后门,K9PP990E50A,后侧滑动门,69,96 753 802 80,,03,MUL RLX螺栓,K9PP990E50A.jpg
车身 Carrosserie,后门,K9PP990E50A,后侧滑动门,70,98 021 863 80,,09,带弹性垫片六角头螺栓,K9PP990E50A.jpg
车身 Carrosserie,后门,K9PP990E50A,后侧滑动门,71,6924 C3,,02,MUL RLX螺栓,K9PP990E50A.jpg
车身 Carrosserie,后门,K9PP990E50A,后侧滑动门,72,7221 49,,01,螺钉,K9PP990E50A.jpg
车身 Carrosserie,后门,K9PP990E50A,后侧滑动门,73,8718 32,,01,(MUL)凸缘螺母,K9PP990E50A.jpg
车身 Carrosserie,后门,K9PP990E50A,后侧滑动门,74,98 027 744 80,,01,(MUL)六角头带垫圈螺栓,K9PP990E50A.jpg
车身 Carrosserie,后门,K9PP990E50A,后侧滑动门,75,8361 53,,01,MUL RLX螺栓,K9PP990E50A.jpg
车身 Carrosserie,后门,K9PP990E50A,后侧滑动门,76,6920 A4,,01,MUL RLX螺栓,K9PP990E50A.jpg
车身 Carrosserie,后门,K9PP990E50A,后侧滑动门,77,0307 13,,01,(MUL) 凸缘螺栓,K9PP990E50A.jpg
车身 Carrosserie,后门,K9PP990E50A,后侧滑动门,78,6925 N3,,01,MUL 带固定平垫圈的大内六角花形半圆头的螺钉,K9PP990E50A.jpg
车身 Carrosserie,后门,K9PP990E50A,后侧滑动门,79,6912 A9,,04,MUL RLX螺栓,K9PP990E50A.jpg
车身 Carrosserie,后门,K9PP990E50A,后侧滑动门,80,6941 98,,01,(MUL) 铆接螺母,K9PP990E50A.jpg
车身 Carrosserie,后门,K9PP990E50A,后侧滑动门,81,9033 Q6,,01,(MUL)凸缘螺母,K9PP990E50A.jpg
车身 Carrosserie,后门,K9PP990E50A,后侧滑动门,83,98 098 400 80,,01,螺丝,K9PP990E50A.jpg
车身 Carrosserie,后门,K9PP990E50A,后侧滑动门,84,6939 97,,01,(MUL)带垫圈螺母,K9PP990E50A.jpg
车身 Carrosserie,后门,K9PP990E50A,后侧滑动门,90,7136 A5,,10,固定夹,K9PP990E50A.jpg
车身 Carrosserie,后门,K9PP990E50A,后侧滑动门,95,16 845 292 80,,01,MKT侧车门固定件,K9PP990E50A.jpg
车身 Carrosserie,B 柱,K9PP990J01A,中立柱,01,98 289 176 80,,01,中立柱里板,K9PP990J01A.jpg
车身 Carrosserie,B 柱,K9PP990J01A,中立柱,02,98 169 451 80,,01,中立柱加强板,K9PP990J01A.jpg
车身 Carrosserie,B 柱,K9PP990J01A,中立柱,03,98 274 890 80,,01,安全带卷收器固定支架,K9PP990J01A.jpg
车身 Carrosserie,B 柱,K9PP990J01A,中立柱,70,98 021 863 80,,02,带弹性垫片六角头螺栓,K9PP990J01A.jpg
车身 Carrosserie,前车门控制装置,K9PP991A01A,前门锁机构,01,98 163 435 80,,01,前车门锁,K9PP991A01A.jpg
车身 Carrosserie,前车门控制装置,K9PP991A01A,前门锁机构,02,981608261T,,01,车门把手,K9PP991A01A.jpg
车身 Carrosserie,前车门控制装置,K9PP991A01A,前门锁机构,03,98 228 617 80,,01,车门把手固定夹,K9PP991A01A.jpg
车身 Carrosserie,前车门控制装置,K9PP991A01A,前门锁机构,04,98 182 873 VV,,01,门开启拉手,K9PP991A01A.jpg
车身 Carrosserie,前车门控制装置,K9PP991A01A,前门锁机构,05,9164 89,,02,锁扣总成,K9PP991A01A.jpg
车身 Carrosserie,前车门控制装置,K9PP991A01A,前门锁机构,06,9101 PQ,,01,把手底座,K9PP991A01A.jpg
车身 Carrosserie,前车门控制装置,K9PP991A01A,前门锁机构,25,16 317 285 80,,01,车门锁芯,K9PP991A01A.jpg
车身 Carrosserie,前车门控制装置,K9PP991A01A,前门锁机构,35,16 095 316 80,,01,钥匙片,K9PP991A01A.jpg
车身 Carrosserie,前车门控制装置,K9PP991A01A,前门锁机构,50,79 20 025 012,,02,堵塞,K9PP991A01A.jpg
车身 Carrosserie,前车门控制装置,K9PP991A01A,前门锁机构,70,96 776 821 80,,04,车门锁固定螺栓,K9PP991A01A.jpg
车身 Carrosserie,前车门控制装置,K9PP991A01A,前门锁机构,75,96 786 609 80,,04,螺丝,K9PP991A01A.jpg
车身 Carrosserie,后车门控制装置,K9PP991B50A,后侧滑动门控制,01,98 243 586 80,,01,侧部车门锁,K9PP991B50A.jpg
车身 Carrosserie,后车门控制装置,K9PP991B50A,后侧滑动门控制,02,16 092 396 80,RP 980297821T,01/01,车门把手,K9PP991B50A.jpg
车身 Carrosserie,后车门控制装置,K9PP991B50A,后侧滑动门控制,03,98 029 773 80,,01,车门把手固定夹,K9PP991B50A.jpg
车身 Carrosserie,后车门控制装置,K9PP991B50A,后侧滑动门控制,04,98 120 933 XT,,01,门开启拉手,K9PP991B50A.jpg
车身 Carrosserie,后车门控制装置,K9PP991B50A,后侧滑动门控制,05,9164 68,,01,锁扣总成,K9PP991B50A.jpg
车身 Carrosserie,后车门控制装置,K9PP991B50A,后侧滑动门控制,06,98 029 777 80,,01,把手底座,K9PP991B50A.jpg
车身 Carrosserie,后车门控制装置,K9PP991B50A,后侧滑动门控制,07,98 181 475 80,,01,开关控制支架,K9PP991B50A.jpg
车身 Carrosserie,后车门控制装置,K9PP991B50A,后侧滑动门控制,08,98 167 886 ZD,,01,车门内手柄装饰罩,K9PP991B50A.jpg
车身 Carrosserie,后车门控制装置,K9PP991B50A,后侧滑动门控制,21,98 178 237 80,RP 98 376 430 80,01/01,滑动车门定心装置,K9PP991B50A.jpg
车身 Carrosserie,后车门控制装置,K9PP991B50A,后侧滑动门控制,22,98 304 876 80,,01,导向器,K9PP991B50A.jpg
车身 Carrosserie,后车门控制装置,K9PP991B50A,后侧滑动门控制,23,98 178 226 80,RP 98 376 435 80,01/01,滑动车门定心装置,K9PP991B50A.jpg
车身 Carrosserie,后车门控制装置,K9PP991B50A,后侧滑动门控制,24,98 178 242 80,RP 98 376 420 80,01/01,轨道门中心定位装置,K9PP991B50A.jpg
车身 Carrosserie,后车门控制装置,K9PP991B50A,后侧滑动门控制,25,98 178 257 80,,01,导向器,K9PP991B50A.jpg
车身 Carrosserie,后车门控制装置,K9PP991B50A,后侧滑动门控制,26,98 178 248 80,,01,导向器,K9PP991B50A.jpg
车身 Carrosserie,后车门控制装置,K9PP991B50A,后侧滑动门控制,27,1518 E0,,01,车门开启锁扣密封件,K9PP991B50A.jpg
车身 Carrosserie,后车门控制装置,K9PP991B50A,后侧滑动门控制,28,7908 L0,,01,车门垫块,K9PP991B50A.jpg
车身 Carrosserie,后车门控制装置,K9PP991B50A,后侧滑动门控制,51,79 20 025 012,,02,堵塞,K9PP991B50A.jpg
车身 Carrosserie,后车门控制装置,K9PP991B50A,后侧滑动门控制,70,6924 K0,,06,带肩销螺栓,K9PP991B50A.jpg
车身 Carrosserie,后车门控制装置,K9PP991B50A,后侧滑动门控制,72,7221 49,,02,螺钉,K9PP991B50A.jpg
车身 Carrosserie,后车门控制装置,K9PP991B50A,后侧滑动门控制,74,7934 E1,,01,螺丝,K9PP991B50A.jpg
车身 Carrosserie,后车门控制装置,K9PP991B50A,后侧滑动门控制,75,96 786 609 80,,02,螺丝,K9PP991B50A.jpg
车身 Carrosserie,后车门控制装置,K9PP991B50A,后侧滑动门控制,90,6973 27,,12,(MUL) 铆钉,K9PP991B50A.jpg
车身 Carrosserie,后车门控制装置,K9PP991B50A,后侧滑动门控制,93,6983 42,,02,(MUL) 堵盖,K9PP991B50A.jpg
车身 Carrosserie,锁止,K9PP991E01A,后铰接车门门锁,90,97 502 211 80,,01,粘性贴膜,K9PP991E01A.jpg
车身 Carrosserie,前车门车窗,K9PP992A01A,前门玻璃,01,98 164 784 80,,01,前车门玻璃,K9PP992A01A.jpg
车身 Carrosserie,前车门车窗,K9PP992A01A,前门玻璃,05,98 303 358 80,RP 98 401 758 80,01/01,电动玻璃升降器,K9PP992A01A.jpg
车身 Carrosserie,前车门车窗,K9PP992A01A,前门玻璃,07,98 180 422 80,,01,侧固定玻璃,K9PP992A01A.jpg
车身 Carrosserie,前车门车窗,K9PP992A01A,前门玻璃,08,98 180 235 80,,01,玻璃导槽,K9PP992A01A.jpg
车身 Carrosserie,前车门车窗,K9PP992A01A,前门玻璃,09,98 172 218 80,,01,车门玻璃滑动导轨,K9PP992A01A.jpg
车身 Carrosserie,前车门车窗,K9PP992A01A,前门玻璃,11,98 172 341 80,,01,车门窗台内密封条,K9PP992A01A.jpg
车身 Carrosserie,前车门车窗,K9PP992A01A,前门玻璃,12,16 100 175 80,,01,车身密封粘接剂套件,K9PP992A01A.jpg
车身 Carrosserie,前车门车窗,K9PP992A01A,前门玻璃,15,98 223 283 80,,01,泡沫材料,K9PP992A01A.jpg
车身 Carrosserie,前车门车窗,K9PP992A01A,前门玻璃,20,98 044 803 ZD,,01,开关板,K9PP992A01A.jpg
车身 Carrosserie,前车门车窗,K9PP992A01A,前门玻璃,22,96 788 264 ZD,,01,开关板,K9PP992A01A.jpg
车身 Carrosserie,前车门车窗,K9PP992A01A,前门玻璃,30,9365 FH,,01,密封件,K9PP992A01A.jpg
车身 Carrosserie,前车门车窗,K9PP992A01A,前门玻璃,70,98 098 400 80,,03,螺丝,K9PP992A01A.jpg
车身 Carrosserie,前车门车窗,K9PP992A01A,前门玻璃,71,6924 74,,02,MUL RLX螺栓,K9PP992A01A.jpg
车身 Carrosserie,前车门车窗,K9PP992A01A,前门玻璃,74,6970 35,,02,(MUL) 铆钉,K9PP992A01A.jpg
车身 Carrosserie,前车门车窗,K9PP992A01A,前门玻璃,75,9227 60,,02,玻璃下部固定卡,K9PP992A01A.jpg
车身 Carrosserie,后车门车窗,K9PP992G50A,后侧滑动门玻璃,01,98 164 776 80,,01,后车门玻璃,K9PP992G50A.jpg
车身 Carrosserie,后车门车窗,K9PP992G50A,后侧滑动门玻璃,03,98 180 428 80,,01,侧固定玻璃,K9PP992G50A.jpg
车身 Carrosserie,后车门车窗,K9PP992G50A,后侧滑动门玻璃,04,98 178 113 80,,02,车窗铰链,K9PP992G50A.jpg
车身 Carrosserie,后车门车窗,K9PP992G50A,后侧滑动门玻璃,05,98 303 355 80,RP 98 401 754 80,01/01,电动玻璃升降器,K9PP992G50A.jpg
车身 Carrosserie,后车门车窗,K9PP992G50A,后侧滑动门玻璃,06,98 223 273 80,,01,泡沫材料,K9PP992G50A.jpg
车身 Carrosserie,后车门车窗,K9PP992G50A,后侧滑动门玻璃,07,98 172 220 80,,01,车门玻璃滑动导轨,K9PP992G50A.jpg
车身 Carrosserie,后车门车窗,K9PP992G50A,后侧滑动门玻璃,08,98 180 174 80,,01,玻璃导槽,K9PP992G50A.jpg
车身 Carrosserie,后车门车窗,K9PP992G50A,后侧滑动门玻璃,09,98 203 459 80,,01,车门玻璃滑动导轨,K9PP992G50A.jpg
车身 Carrosserie,后车门车窗,K9PP992G50A,后侧滑动门玻璃,11,98 172 343 80,,01,车门窗台内密封条,K9PP992G50A.jpg
车身 Carrosserie,后车门车窗,K9PP992G50A,后侧滑动门玻璃,15,16 289 514 80,,01,(ACC)侧窗帘套件,K9PP992G50A.jpg
车身 Carrosserie,后车门车窗,K9PP992G50A,后侧滑动门玻璃,20,98 245 130 80,,01,玻璃垫块,K9PP992G50A.jpg
车身 Carrosserie,后车门车窗,K9PP992G50A,后侧滑动门玻璃,25,98 044 803 ZD,,01,开关板,K9PP992G50A.jpg
车身 Carrosserie,后车门车窗,K9PP992G50A,后侧滑动门玻璃,70,6973 05,,02,(MUL) 铆钉,K9PP992G50A.jpg
车身 Carrosserie,后车门车窗,K9PP992G50A,后侧滑动门玻璃,72,6924 74,,02,MUL RLX螺栓,K9PP992G50A.jpg
车身 Carrosserie,前车门饰件,K9PP993J01A,前门内饰板,01,98 186 432 ZD,,01,前门内护板,K9PP993J01A.jpg
车身 Carrosserie,前车门饰件,K9PP993J01A,前门内饰板,02,98 167 927 ZD,,01,车门角撑内饰板,K9PP993J01A.jpg
车身 Carrosserie,前车门饰件,K9PP993J01A,前门内饰板,70,96 733 119 80,,02,插入式卡扣,K9PP993J01A.jpg
车身 Carrosserie,前车门饰件,K9PP993J01A,前门内饰板,71,96 753 802 80,,06,MUL RLX螺栓,K9PP993J01A.jpg
车身 Carrosserie,前车门饰件,K9PP993J01A,前门内饰板,72,96 777 504 80,,04,MUL 大的内六角花形半圆头螺钉,K9PP993J01A.jpg
车身 Carrosserie,前车门饰件,K9PP993J01A,前门内饰板,73,8794 ZA,,04,插入式卡扣,K9PP993J01A.jpg
车身 Carrosserie,前车门饰件,K9PP993J01A,前门内饰板,74,9345 ZN,,18,(MUL)卡扣,K9PP993J01A.jpg
车身 Carrosserie,后车门饰件,K9PP993K25A,后缩拉门装饰条,01,98 213 892 FZ,,01,扶手装饰板,K9PP993K25A.jpg
车身 Carrosserie,前车门饰件,K9PP993K50A,铰接式前侧车门装饰件,01,98 213 796 FZ,,01,拉手装饰罩,K9PP993K50A.jpg
车身 Carrosserie,前车门饰件,K9PP993K50A,铰接式前侧车门装饰件,02,98 167 923 ZD,,01,开关装饰板,K9PP993K50A.jpg
车身 Carrosserie,后车门饰件,K9PP993M50A,后侧滑动门内饰板,01,98 167 846 ZD,,01,门护板装饰件,K9PP993M50A.jpg
车身 Carrosserie,后车门饰件,K9PP993M50A,后侧滑动门内饰板,02,98 186 857 ZD,,01,滑动车门上饰件,K9PP993M50A.jpg
车身 Carrosserie,后车门饰件,K9PP993M50A,后侧滑动门内饰板,03,98 166 778 ZD,,01,开关装饰板,K9PP993M50A.jpg
车身 Carrosserie,后车门饰件,K9PP993M50A,后侧滑动门内饰板,05,98 186 898 ZD,,01,车门拉手,K9PP993M50A.jpg
车身 Carrosserie,后车门饰件,K9PP993M50A,后侧滑动门内饰板,06,98 167 881 ZD,,01,后门框前内饰,K9PP993M50A.jpg
车身 Carrosserie,后车门饰件,K9PP993M50A,后侧滑动门内饰板,50,98 221 515 ZD,,01,装饰堵盖,K9PP993M50A.jpg
车身 Carrosserie,后车门饰件,K9PP993M50A,后侧滑动门内饰板,51,98 221 516 ZD,,01,装饰堵盖,K9PP993M50A.jpg
车身 Carrosserie,后车门饰件,K9PP993M50A,后侧滑动门内饰板,70,96 753 802 80,,06,MUL RLX螺栓,K9PP993M50A.jpg
车身 Carrosserie,后车门饰件,K9PP993M50A,后侧滑动门内饰板,71,8794 ZA,,06,插入式卡扣,K9PP993M50A.jpg
车身 Carrosserie,后车门饰件,K9PP993M50A,后侧滑动门内饰板,72,9345 ZN,,22,(MUL)卡扣,K9PP993M50A.jpg
车身 Carrosserie,后车门饰件,K9PP993M50A,后侧滑动门内饰板,73,96 777 504 80,,04,MUL 大的内六角花形半圆头螺钉,K9PP993M50A.jpg
车身 Carrosserie,后车门饰件,K9PP993M50A,后侧滑动门内饰板,74,98 100 309 80,,04,(MUL)框架螺母,K9PP993M50A.jpg
